:020000040800F2
:10000000B8900324E504000899220108C71D0108DF
:1000100095220108A13D0008C13A01080000000036
:10002000000000000000000000000000250400089F
:10003000214300080000000081040008892D010808
:10004000FF040008FF040008FF040008FF04000884
:10005000FF040008FF040008FF040008FF04000874
:10006000FF040008FF040008FF040008A53D000885
:10007000FF040008FF040008FF040008FF04000854
:10008000FF040008FF040008FF040008B1B60008E0
:10009000FF040008FF040008FF040008FF04000834
:1000A000FF040008FF040008FF040008FF04000824
:1000B000712F0108FF040008FF040008FF04000876
:1000C000FF040008FF040008FF040008FF04000804
:1000D000FF040008FF040008FF040008FF040008F4
:1000E000FF040008FF04000800000000FF040008EF
:1000F000FF040008FF040008FF040008FF040008D4
:10010000FF040008FF040008FF040008FF040008C3
:10011000FF040008FF0400089D2F0108FF040008E9
:10012000FF040008FF040008FF040008FF040008A3
:10013000FF040008FF040008FF040008FF04000893
:1001400000000000000000000000000000000000AF
:10015000FF040008FF040008FF040008FF04000873
:10016000FF040008FF040008FF040008FF04000863
:10017000FF040008FF040008FF040008000000005E
:10018000FF040008FF040008FF040008893001088C
:10019000FF040008FF040008FF040008FF04000833
:1001A000FF040008FF040008FF040008FF04000823
:1001B000FF040008FF040008FF040008FF04000813
:1001C000FF040008FF040008FF040008FF04000803
:1001D000FF040008FF040008FF040008FF040008F3
:1001E000FF040008FF040008FF040008FF040008E3
:1001F000FF040008FF040008FF040008FF040008D3
:10020000FF040008FF040008FF040008FF040008C2
:10021000FF040008FF040008FF040008FF040008B2
:10022000FF040008FF040008FF04000800000000AD
:10023000FF040008FF04000800000000FF0400089D
:10024000FF040008FF040008FF040008FF04000882
:10025000FF040008FF040008FF040008FF04000872
:10026000FF040008FF040008FF040008FF04000862
:10027000FF040008FF040008FF040008000000005D
:10028000FF040008FF040008FF040008000000004D
:1002900000000000FF04000800F002F800F0B2F8CF
:1002A0000AA090E8000C82448344AAF10107DA45D1
:1002B00001D100F0A7F8AFF2090EBAE80F0013F071
:1002C000010F18BFFB1A43F00103184740EF01006C
:1002D00060EF01000A444FF0000C10F8013B13F0EE
:1002E000070408BF10F8014B1D1108BF10F8015B8F
:1002F000641E05D010F8016B641E01F8016BF9D182
:1003000013F0080F1EBF10F8014BAD1C0C1B09D1D8
:100310006D1E58BF01F801CBFAD505E014F8016B4A
:1003200001F8016B6D1EF9D59142D6D370470000DC
:100330000023002400250026103A28BF78C1FBD8EE
:10034000520728BF30C148BF0B6070476E2900F0CC
:10035000D584702900F05F8266291EF060816529CE
:100360001EF05D8167291EF05A8161291EF05981B6
:1003700003681B0A28BF41F08001692900F0D08181
:10038000642900F0CD81752900F0CA816F2900F041
:10039000D287782900F02B82E92900F06D87E429C3
:1003A00000F06A87F52900F06787EF2900F0CF8712
:1003B000F82900F02A820368DB0928BF41F0800198
:1003C000632900F0EE86732900F0F386E32901F03B
:1003D0001982F32901F01E82002070471FB51EF01C
:1003E00019F900F0FDFF0400002000211EF0FCF8C8
:1003F000401C6060002000211EF0E0F8E0601FBD9E
:1004000010B510BD01F0A0FA1146FFF7E7FF1BF091
:10041000BCF901F0C7FA03B4FFF7F2FF03BC01F027
:10042000FFFA00002C4B19680868B0E8F04F80F321
:100430000988BFF36F8F4FF0000080F31188704779
:100440000000000008480068006880F308884FF04A
:10045000000080F3148862B661B6BFF34F8FBFF31C
:100460006F8F00DF00BF00BF08ED00E0DFF80C0079
:10047000016841F470010160704700BF88ED00E041
:10048000EFF30980BFF36F8F134B1A681EF0100F44
:1004900008BF20ED108A20E9F04F106009B44FF03A
:1004A000500080F31188BFF34F8FBFF36F8F1CF0A4
:1004B000DFFE4FF0000080F3118809BC196808685E
:1004C000B0E8F04F1EF0100F08BFB0EC108A80F3B8
:1004D0000988BFF36F8F704738010024EFF3058060
:1004E000704700000948804709480047FEE7FEE7DB
:1004F000FEE7FEE7FEE7FEE7FEE7FEE7FEE7FEE7D4
:1005000004480549054A064B70470000752E01084E
:1005100099020008B88A0324B8900324B88C0324F5
:10052000B88C032453EA020C00F069802DE9F04BEB
:100530004FF00006002B1FBFB3FA83F503FA05F452
:1005400024FA05F65E4012BF1643B2FA82F502FAAB
:1005500005F4C5F120051EBF22FA05FC44EA0C048F
:10056000203556EA044C4FEA144418BF641C4FF07F
:1005700000084FF00009904271EB030C39D30029B9
:1005800019BFB1FA81F701FA07F6B0FA80F700FA5D
:1005900007F6C7F120071EBF20FA07FC46EA0C0643
:1005A0002037B6FBF4FCA7EB0507103F07F01F0B45
:1005B000CBF120060CFA0BFB2CFA06F644BFB3462F
:1005C0000026202FA4BF5E464FF0000B5BEA060C0E
:1005D00008BF4FF0010B19EB0B09ABFB027C48EB9A
:1005E0000608C01B06FB02CC0BFB03CC71EB0C0115
:1005F000C1E70B46024641464846BDE8F08B13B5BD
:100600004FF000004FF00001AFF30080BDE81C4048
:10061000704700007CB51D4616460C00009001D0C6
:100620002044401E074B7B442A46694601903046D1
:1006300000F08DFD05461CB10020694600F09AFDD2
:1006400028467CBD550B00000FB47CB50C0009AAF0
:10065000009001D02044401E084B7B446946019025
:10066000089800F074FD05461CB10020694600F0B2
:1006700081FD28467CBC5DF814FB0000210B0000C6
:1006800070B5044685690068C10601D5302600E0D2
:100690002026C00707D070BDD4E90121304690471D
:1006A000206A401C20626D1EF6D570BD70B50446F0
:1006B00085690078C00707D170BDD4E901212020E9
:1006C0009047206A401C20626D1EF6D570BD70B543
:1006D0000C460546012A05D02878800600D5EA692F
:1006E000002302E0012305E05B1C934202D2E05CA0
:1006F0000028F9D1A869E618C01AA861286A184428
:1007000028622846FFF7BCFF04E0D5E9012114F870
:10071000010B9047B442F8D32846FFF7C7FF70BDDE
:100720002DE9F0410646002410687529314616A5CA
:1007300010D000F078FA002802DA404213A507E052
:1007400031688A0701D512A502E0490704D511A531
:10075000012401E000F070FA00210A2206F12407CA
:1007600009E0B0FBF2FCB0FBF2F302FB1C003030FE
:1007700078541846491C0028F3D123462A463046AF
:10078000BDE8F04100F061BA000000002D0000005B
:100790002B00000020000000F0B40D460188090580
:1007A00002D5214C7C4402E01F4C7C440E340021D5
:1007B00000F1240608E002F00F071209E75D42EAA3
:1007C00003721B097754491C52EA0307F3D10278DC
:1007D0000023120704D5702D06D009B1022311346D
:1007E0002246F0BC00F031BA01231034F8E770B5AE
:1007F00004460D462146106800F01EFA02462946BE
:100800002046BDE870400023C6E7D21D22F0070352
:10081000D3E90023C0E70368126843F020030360B4
:100820000823C3610023B7E74EE101002DE9F05F23
:10083000894604464FF0000ADFF874B1FB44C0F863
:1008400020A02046E1688847002874D0252806D0DB
:10085000D4E901219047206A401C2062F1E700267C
:100860005F462046E16888472028054607DB312D92
:1008700005D2781910F8200C08B10643F1E7B0074B
:1008800001D526F00406C4F81CA00027C4F818A05F
:100890002A2D09D0284613F05EF938B304EB8708F7
:1008A000303DC8F8185019E059F8041B204604EBF5
:1008B00087029161E1688847012F054618D1E069F8
:1008C000002820DA26F020061DE0D8F8180000EBFA
:1008D000800005EB40003038C8F818002046E16879
:1008E0008847054613F037F90028EED1012F0AD0CA
:1008F0002E2D08D12046E16888477F1C0546022F2F
:1009000046F02006C4DBA069002803DA404246F026
:100910000106A061F00701D026F010066C2D0BD067
:10092000682D09D04C2D39D06A2D35D0742D35D095
:100930007A2D33D016E038E0E1682F46204688470C
:10094000B842054609D16C2F26D04FF48060E1688B
:10095000064320468847054604E06C2F1AD04FF422
:10096000807006430DB3A5F14100192802D8203547
:1009700046F400664A462946204626604E46FFF762
:10098000E5FC80B101280BD0F61D26F0070000F130
:10099000080956E74020E4E78020D8E70020D6E7A2
:1009A00006F104094DE7284652E7206ABDE8F09FAA
:1009B000DEE0010040EA010310B59B070FD1042AD5
:1009C0000DD310C808C9121F9C42F8D020BA19BA1A
:1009D000884201D9012010BD4FF0FF3010BD1AB17F
:1009E000D30703D0521C07E0002010BD10F8013BD4
:1009F00011F8014B1B1B07D110F8013B11F8014BFB
:100A00001B1B01D1921EF1D1184610BD032A40F2E2
:100A1000308010F0030C00F0158011F8013BBCF1A0
:100A2000020F624498BF11F801CB00F8013B38BFB8
:100A300011F8013BA2F1040298BF00F801CB38BFC6
:100A400000F8013B11F0030300F06780083AC0F0A2
:100A5000088051F8043B083A51F804CBA0E808108C
:100A6000F5E7121D5CBF51F8043B40F8043BAFF3BF
:100A70000080D20724BF11F8013B11F801CB48BF19
:100A800011F8012B24BF00F8013B00F801CB48BF4F
:100A900000F8012B7047431A28BF9A427FF6B6AF81
:100AA000032A1044114440F2268010F0030F1EBFA9
:100AB00011F8013D521E00F8013D10F0030F7FF4C4
:100AC000F6AF11F0030300F06084083AC0F00B8029
:100AD00051F8043D083A51F804CD40F8043D40F87F
:100AE00004CDFFF7F3BF121D5CBF51F8043D40F881
:100AF000043DAFF30080D20724BF11F8013D11F887
:100B000001CD48BF11F8012C24BF00F8013D00F8C9
:100B100001CD48BF00F8012C704710B5203AC0F055
:100B20000B80B1E81850203AA0E81850B1E81850EE
:100B3000A0E81850BFF4F5AF5FEA027C24BFB1E82B
:100B40001850A0E8185044BF18C918C0BDE810409C
:100B50005FEA827C24BF51F8043B40F8043B08BFA5
:100B60007047D20728BF31F8023B48BF11F8012B6C
:100B700028BF20F8023B48BF00F8012B704702F065
:100B8000FF0343EA032242EA024200F002B84FF0B8
:100B900000020429C0F0128010F0030C00F01B804A
:100BA000CCF1040CBCF1020F18BF00F8012BA8BF58
:100BB00020F8022BA1EB0C0100F00DB85FEAC17C1C
:100BC00024BF00F8012B00F8012B48BF00F8012BCF
:100BD00070474FF0000200B5134694469646203900
:100BE00022BFA0E80C50A0E80C50B1F12001BFF4E6
:100BF000F7AF090728BFA0E80C5048BF0CC05DF84C
:100C000004EB890028BF40F8042B08BF704748BF99
:100C100020F8022B11F0804F18BF00F8012B70470D
:100C200070477047704709684A0501D540B2704760
:100C3000C905FCD500B2704709684A0501D5C0B2A4
:100C40007047C905FCD580B270472DE9F0470D46C5
:100C500099469246044600F124080168880604D5A6
:100C6000E06921F01001216000E00120A84201DDCF
:100C7000471B00E00027A1697A1902EB0900081A56
:100C8000A0612078C00602D42046FFF7F9FC0026B8
:100C900008E0D4E901211AF806009047206A401CB8
:100CA000761C20624E45F4DB2078C0060AD520462B
:100CB000FFF7E6FC06E0D4E9012130209047206AE6
:100CC000401C2062381EA7F10107F4DC07E0D4E9DC
:100CD000012118F805009047206A401C2062281E58
:100CE000A5F10105F3DC2046FFF7E0FC20780006C3
:100CF00002D50220BDE8F0870120FBE711680268F9
:100D0000006A530501D508700AE0D30501D50880B3
:100D100006E0130603D5C217C1E9000200E008602F
:100D20000120704770472DE9FF4F0C461E464FF0DB
:100D3000FF378BB0D2E90001DDF860800A908A4667
:100D4000C1F30A5505B93D46002108464FF00000A1
:100D5000BAF1000F00F4400005DA00EB80004FF418
:100D6000400101EA50004FEA9059B9F1010F00DD4E
:100D7000B9460A9850EA4A000ED044F61050A5F23F
:100D8000FF3545432F14B8F1000F1ED07542291EC0
:100D90001EDDC9F100021CE0B8F1010F4FF00000A8
:100DA00001D0302103E0F24305E02154401CB04261
:100DB000FBDB30460022002121540B99C1F808804A
:100DC000C1E900200FB0BDE8F08FBD1B6D1CDEE750
:100DD0004A4600DA694206A800F020FD06AB93E817
:100DE000070003AB83E8070050460A9900F01FFE96
:100DF0008DE80700A0F500501F3800900398002DE3
:100E00000ADD42F21F014A460844002303A9039069
:100E1000684601F088F809E0A0F500504A461F38FE
:100E2000002303A90390684601F092F88DE80700BB
:100E30000004000C03D04FF0FF30410800E01046E2
:100E4000B8F1000F03D00022009215461EE0751E77
:100E500005D400F0C9FA303262556D1EF9D5B3469B
:100E60000122084302D000227F1C04E020783028B1
:100E700001D100227F1E002A099784D01DE0112D88
:100E800007DA00F0B1FA303262556D1C50EA010207
:100E9000F5D1084302D00098C8B10EE00021681EC9
:100EA00005E0235C625C63542254401E491C81426D
:100EB000F7DBAB46A81B401E0990002004F80B008E
:100EC0000B98099AC0F80880C0E9002B7AE7112630
:100ED0004FF0000857E72DE9F04F88460446D21D31
:100EE00022F0070191B0D1E90001CDE90A0112F029
:100EF000E9FD02460B98C00F01D02D2007E02068C5
:100F0000810701D52B2002E0202101EAC000032A3D
:100F1000099001D0072A05DB03464146204600F030
:100F200027FC0BE12078800601D5E06900E006206F
:100F3000B8F1650F814606D0B8F1660F18D0B8F148
:100F4000670F70D131E00020B9F1110F009001DB83
:100F5000112301E009F101030AAA01A90CA8FFF776
:100F6000E2FEDDE90C70002609F10105834647E049
:100F700001204B4600904FF000470AAA01A90CA897
:100F8000FFF7D1FEDDE90DB00C995D46002610B9E2
:100F900009F101000D18B9EB050003D4C0F1FF36CB
:100FA00009F10105A5EB09002BE0B9F1010F01DA08
:100FB0004FF001090020B9F1110F0090484601DD02
:100FC000112300E003460AAA01A90CA8FFF7ABFE13
:100FD000DDE90C704D4600268346207800070AD4D0
:100FE000AB4500DA5D4601A8012D04DD411911F879
:100FF000011C302907D04F4502DA17F1040F04DA3B
:10100000012082460FE06D1EEEE7002F02DCED1B93
:101010003E4403E0781CA84200DD7D1CB81B00F1B3
:10102000010A4FF000472078000703D4AA4501DBEE
:101030004FF0FF3A0021B7F1004F0DF143088DF852
:10104000431024D002202B23002F01DA7F422D23CE
:101050000A21021EA0F1010000DC5FB197FBF1FC48
:1010600097FBF1F201FB1C7C17460CF1300C08F8E1
:1010700001CDEEE7A8F1010003702188090501D533
:10108000452100E06521A0F1010800F8011C099844
:101090000FA9A1EB0807FF1D00B10120411901EBC9
:1010A000EA70A1693844081A401EA0612078C00681
:1010B00002D42046FFF7E4FA099828B1D4E90121C7
:1010C0009047206A401C20622078C00622D5204626
:1010D000FFF7D6FA1EE0002E04DBB34502DD01A8BF
:1010E000805D00E03020D4E901219047206A401C57
:1010F0002062761CAAF101005FEA000A0AD100F022
:101100006FF9C0680168405CD4E901219047206A0A
:10111000401C2062281EA5F10105DCDC07E0D4E9B3
:10112000012118F8010B9047206A401C2062381EEC
:10113000A7F10107F3DC2046FFF7B8FA032011B04E
:1011400041E6000001694A1C02610878704700B559
:101150008FB0CDE901310021059105497944CDE9F0
:10116000031011466846FFF761FB0FB000BD000099
:10117000E5FFFFFF0A6802F8010B0A607047D1E93A
:1011800000239A4202D2531C0B601070704710B5B6
:10119000436913B1AFF3008001E0FFF798FA012033
:1011A00010BD127800F124010A7000224A70012259
:1011B000EDE711684FF0FF32E9E700002DE9FF5F2E
:1011C00015468A460446DFF8AC80F8440027D8E983
:1011D00000103E46CDE9001010E03AF816106A46BD
:1011E00002A800F08DFB411C07D02178890603D5A9
:1011F000E269391891420DD80744761C20788006A0
:1012000002D5E069B84205DDAE42E6DB3AF81600E9
:101210000028E2D1A069C01BA0612046FFF730FA88
:10122000D8E90010CDE90010002017E03AF81810B6
:101230006A4602A800F064FBB0F1FF3F81460BD084
:1012400000250DF1080B05E0D4E901211BF805008C
:1012500090476D1C4D45F7D308F10100B042804620
:10126000E4DB206A384420622046FFF71FFABDE81D
:10127000FF9F000062D701002DE9F0418046D21D9A
:1012800022F007020025D2E90002F52915A614D0A4
:10129000011E72F1000106DA0023D0EB030063EBBC
:1012A000020211A608E0D8F800108B0701D50FA69E
:1012B00002E0490701D50EA601251146002408F1D8
:1012C000240704E000F090F830323A55641C50EAEC
:1012D0000102F7D12B46324621464046BDE8F04197
:1012E000FFF7B3BC000000002D0000002B00000041
:1012F0002000000030B4002100F1240408E002F0D6
:101300000705D208303542EA4372DB086554491CB0
:1013100052EA0305F3D10468002310A2250707D57C
:10132000A40600D421B1C46901230DA2641EC461C6
:1013300030BCFFF78ABC10B5044621461068FFF7A1
:101340007BFC02462046BDE810400023D2E7D21DB8
:1013500022F00701D1E90023CCE7000000000000E3
:1013600030000000431A28BF9A427FF6D6AB1044E3
:1013700010F0030F11441EBF11F8013D521E00F87A
:10138000013D10F0030F7FF4F6AF103AC0F00A8071
:1013900010B531E91850103A20E91850BFF4F9AFF0
:1013A000BDE81040530724BF31E9081020E90810B8
:1013B00044BF51F8043D40F8043D12F0030F08BF4C
:1013C0007047D20728BF31F8023D48BF11F8012C01
:1013D00028BF20F8023D48BF00F8012C70470000EC
:1013E00000487047748A032430B5B0F10A024FEA0E
:1013F000900E71F100034EEA817EB0EB0E0061EBBE
:1014000091014FEA101E4EEA017E10EB0E0041EBF7
:1014100011114FEA102E4EEA016E10EB0E0041EB57
:1014200011214FEA104E4EEA014E10EB0E0041EB37
:101430001141401841F100014FEAD00040EA4170EB
:101440004FEAD10110EB80054FEA810444EA907421
:1014500044EB01046D1944EB0404521BA3414FF00B
:10146000000348BF0A3200D530BD401C41F10001E5
:1014700030BD00002DE9F04F04460D46D21D22F08C
:10148000070089B0D0E900974846394612F01AFBA8
:101490000246F80F01D02D2307E02068810701D50F
:1014A0002B2302E0202101EAC0038DF820300BB18C
:1014B000012000E00020032A824601D0072A04DB35
:1014C0002946204600F054F93FE12078800601D4F7
:1014D0000D2500E0E569C7F30A560D2D49DA002114
:1014E0004FEA175B08464FF00000002F00F4400061
:1014F00007DA00EB80004FF4400100EBD07001EA06
:1015000060008115012901DD4FF0FF3100224FEA13
:10151000850CBCF1180F06D31346ACF118004FF040
:101520008052C24003E04FF4801323FA0CF30CF115
:101530000C0CBCF1200F04D3ACF1200C09FA0CF018
:1015400001E007FA0CF000294FF0004801DD18B95E
:101550000FE00ED140450CD319EB02095F4121B9D0
:10156000404502D19F4329EA0209BBEB175F00D037
:10157000761C2088000502D57B48784402E07A4832
:101580007844193808AA302302F80A30037C0AF19B
:101590000101002E0AF1020A53546A4602DC4FF0A0
:1015A000300101E04FF031014FF001088DF80010DB
:1015B00002D0A6F2FF3603E059EA470100D06B4E95
:1015C000002D02DC2178090704D54FF002082E21F6
:1015D0008DF80110C44600210BE0C7F303433F011F
:1015E000C35C491C6D1E02F80830052908F101088A
:1015F00001DA002DF1DC00210CE000EB1973491C2D
:101600001B786D1E082902F808304FEA091908F105
:10161000010801DA002DF0DC21688B0602D516E006
:10162000A8F10108E04505DD02EB080313F8013CD1
:10163000302BF5D0B8F1000F09DD02EB080313F8E9
:10164000013C2E2B03D1090701D4A8F10108002D7C
:1016500005DD3E2102F808106D1E08F10108407CEE
:10166000002E02F8080008F1010804DA2D20764265
:1016700002F8080002E02B2002F808000A214FF4CB
:101680007A70864208F101080BDB96FBF0F33033E9
:1016900002F8083096FBF0F308F1010800FB13662E
:1016A00001E0642E0CDB642096FBF0F3303302F88B
:1016B000083096FBF0F308F1010800FB136601E027
:1016C0000A2E06DB96FBF1F0303002F8080008F134
:1016D000010896FBF1F001FB1060303002F80800C1
:1016E000A16908F1010808EB050202EB0A00081ADB
:1016F000A0612078C00602D42046FEF7C1FF216A0F
:1017000008AE01EB0A00206204E0D4E9012116F8DA
:10171000010B9047BAF1010AF7D22078C00602D532
:101720002046FEF7ADFF6E4609E016F8010B3E2895
:101730000FD0D4E901219047206A401C2062B8F103
:101740000108F2D22046FEF7B1FF09B00320BDE840
:10175000F08F206A2844206203E0D4E90121302080
:1017600090476D1EEBD3F8E7CDD3010002FCFFFFDD
:101770002DE9F0411F46044603260168072A01F4BB
:10178000006004DB08B116A505E016A503E008B16A
:1017900015A500E015A521F010002060A069C01E6D
:1017A000A0610FB1401EA0612046FEF769FF4FB156
:1017B000D4E9012138469047206A401C2062C01CB1
:1017C000206206E0206AFAE7D4E9012115F8010B4E
:1017D0009047761EF8D22046FEF768FFBDE8F081FC
:1017E0004E414E006E616E00494E4600696E6600C5
:1017F00010B5436913B1AFF3008001E0FFF7DEFCE1
:10180000012010BD128800F1240182840022C284CC
:101810000122EDE711684FF0FF32E9E72DE9F047CB
:10182000814616468AB0354878440DC88DE80D00CB
:1018300032487844801C03AC0DC884E80D0041F6A2
:101840009B300844372190FBF1F290FBF1F5A5F1B4
:10185000800501FB12041B3C02D56442012000E01C
:101860000020DFF898A080460027FA44AAF1BE0ABB
:101870000EE0E0070AD03246684607EB4701012335
:101880000AEB810100F064FB8DE8070064107F1C07
:10189000002CEED1194F7F44AE3F19E0E80715D078
:1018A00007EB04100DF1180A90E80E008AE80E000C
:1018B000C068F04201D1981908903246012306A968
:1018C00003A800F045FB03AB83E807006D10641C20
:1018D000002DE3D14FF0010332466946B8F1000F05
:1018E00003A802D000F01FFB01E000F031FBC9E9C2
:1018F0000001C9F808200AB0BDE8F087B0D10100A6
:1019000070B516460C46054600F044F8036893F897
:101910000101012806D0FF2C0FD8185D68B1012005
:101920002C7070BDD3F807013246214603F207132D
:1019300003442846BDE8704018474FF0FF3070BDA3
:1019400000487047548A03247546FFF7F9FFAE46F6
:1019500005006946534620F00700854618B020B5BB
:10196000FEF7CEFDBDE820404FF000064FF0000727
:101970004FF000084FF0000B21F00701AC46ACE837
:10198000C009ACE8C009ACE8C009ACE8C0098D46A4
:101990007047000010B5FFF723FD001D10BD00BF0C
:1019A00049CC010010B50446AFF300802046BDE8E5
:1019B0001040FEF730BD00004FF0013C50F8042B02
:1019C00051F8043B9A4215D1A2EB0C03934313EA5E
:1019D000CC130BD150F8042B51F8043B9A4209D197
:1019E000A2EB0C03934313EACC13E7D04FF00000B3
:1019F000704700BFD01A01BAB1FA81F101F01801A5
:101A000022FA01F0CB40C1F12001DBB2C0B2C01A12
:101A10002CFA01F3D11A914311EAC311E6D17047B0
:101A200001491820ABBEFEE72600020070475FEABE
:101A3000400C08BF91F0000F4FEA8C234FEAC122FF
:101A400043EA51514FEA1C5018BF00F5F0404FEAED
:101A5000300018BF41F000415FEA6C5C00F0298063
:101A6000BCF1FF3F08BF40F080407047130C06BF39
:101A700012044FF0100C4FF0000C130E04BF1202B2
:101A80000CF1080C130F04BF12010CF1040C930F9E
:101A900004BF92000CF1020CD30F04BF52000CF1F2
:101AA000010C11464FF00002A0F11F00A0EB0C004A
:101AB000704711F0004F08BF704731F000413FF40C
:101AC000D5AF0B0C06BF09044FF0100C4FF0000C03
:101AD0000B0E04BF09020CF1080C0B0F04BF090127
:101AE0000CF1040C8B0F04BF89000CF1020CCB0F1E
:101AF00004BF49000CF1010CCCF12003A0EB0C0059
:101B000022FA03F302FA0CF241EA030100F10100A8
:101B1000704720F07F4C80EA030023F07F47ACEB56
:101B2000070303F57C5300F0004003F1FF032DE9A8
:101B300080494FEA154B09B44FEA144325EA0B4E8E
:101B400024EA03480FF2042606EB132749083E78DF
:101B50005FEA320203FB0667C7F5000707FB06F6DC
:101B60004FEA54374FEAD64606F1020607FB066CE9
:101B7000CCF1005C4FEA1C472CEA074C07FB06F44B
:101B80000CFB06F504EB15464FEA961634BF002011
:101B90004FF000404FEAD13706FB07FC4FEA1C4CE0
:101BA0000CFB0BF7D21B03FB0CF761EB07010CFBE3
:101BB0000EF7B0EB074072EB17420CFB08F734BF8F
:101BC000A2EB0742B2EB074261EB17414FEA0C442C
:101BD0004FEA910706FB07FC4FEA1C4C0CFB0BF786
:101BE000B0EBC74072EB573203FB0CF734BFA2EBEC
:101BF000C742B2EBC74261EB57310CFB0EF7B0EBBB
:101C0000C70072EB57720CFB08F734BFA2EBC70298
:101C1000B2EBC70261EB5771039F4FEA816141EA62
:101C2000921104EBCC044FEAD1374FEA826206FBF3
:101C300007FC42EA90124FEA80604FEA1C4C0CFB12
:101C40000BF7D21B03FB0CF761EB07010CFB0EF744
:101C5000B0EB074072EB17420CFB08F734BFA2EB66
:101C60000742B2EB074261EB17414FEA8C554FEA4E
:101C7000910704EB9C2406FB07FC4FEA1C4C0CFB71
:101C80000BF7B0EBC74072EB573203FB0CF734BFD6
:101C9000A2EBC742B2EBC74261EB57310CFB0EF728
:101CA000B0EBC70072EB57720CFB08F734BFA2EB26
:101CB000C702B2EBC70261EB577115EB4C254FEA37
:101CC000816141EA92114FEA82624FEAD13742EADA
:101CD000901206FB07FC44F100044FEA80604FEAD3
:101CE0001C4C0CFB0BF7D21B03FB0CF761EB070141
:101CF0000CFB0EF7B0EB074072EB17420CFB08F73A
:101D000034BFA2EB0742B2EB074261EB174115EB80
:101D10001C154FEA813141EA92414FEA823242EA90
:101D200090424FEA80304FEA0C7644F1000448EAD2
:101D300003434EEA0B484FF0000EB2EB080C71EB78
:101D4000030724BF624639464EEB0E0E4FF0000BE0
:101D50000018524149414BEB0B0BB2EB080C71EBF5
:101D600003077BF1000B24BF624639464EEB0E0E93
:101D70004FF0000B0018524149414BEB0B0BB2EBFB
:101D8000080C71EB03077BF1000B24BF6246394658
:101D90004EEB0E0E51EA020718BF46F0010616EB95
:101DA0000E7655F1000254F1000103D5BDE889011A
:101DB000BDE80088BDE88901BDE80048B619524178
:101DC00041EB0101A3F10103704780807F7E7D7CA0
:101DD0007B7A7978777676757473727171706F6EBD
:101DE0006E6D6C6C6B6A6A69686867666665646468
:101DF000636362616160605F5F5E5E5D5D5C5C5BF2
:101E00005B5A5A5959585857575656555555545460
:101E1000535352525251515050504F4F4F4E4E4DBE
:101E20004D4D4C4C4C4B4B4B4A4A4A49494948480A
:101E3000484747474746464645454544444444434A
:101E400043434342424242414141002B9C4630D4ED
:101E500077002BD01CB54FEA370703B44FF01000C2
:101E60004FF01001BAF1000F06D0BCF1000FDCBF3B
:101E700040F0080040F008014FF000000FBCBDE842
:101E800010400BF1010BBBF1010F08BF5FEA170710
:101E900022BF12F1010211F101014FF0004143F1A3
:101EA000000300F0004043EA00007047F9D35708F0
:101EB000D0E746EA064613F1400F4FEA16461FDD0B
:101EC00013F1200FDFBF16430A46002120335B4287
:101ED000BED0C3F1200746EA064602FA07F74FEAEA
:101EE000164646EA0706C3F1200722FA03F201FA72
:101EF00007F721FA03F14FF0000342EA0702A7E7D0
:101F000046EA020646EA06464FEA164646EA010651
:101F1000BCBF46EA0646360C4FF000034FF0000205
:101F20004FF0000194E72DE9804C9A46934670B437
:101F300091E8380007C831EA400C48BF34EA430C46
:101F400003D5FFF7E6FDFFF780FFF0BCBDE8008C8E
:101F50002DE9804C9A46934670B491E8380007C842
:101F600010F0804F08BF13F0804F03D100F005F848
:101F7000FFF76BFFF0BCBDE8008C20F07F4780EAE4
:101F8000030023F07F4C07EB0C03A3F57C5300F018
:101F90000040A3F1FE0392F0000F00F0B38095F033
:101FA000000F00F077802DE901494FEA11404FEA18
:101FB000144621EA004800FB06FC24EA064708FB19
:101FC00006F607FB08F800FB07F718EB06484CEB92
:101FD000164C4FEA124B18EB07484FEA15464CEBEC
:101FE000174022EA0B4E0BFB06FC25EA06470EFBC8
:101FF00006F607FB0EFE0BFB07F71EEB064E4CEB3F
:10200000164C4FF000061EEB074E4CEB174B18EB2F
:102010000B0840F1000018EB0E0B58EB000840F1E4
:1020200000008F1A4FF000013CBFC943661B14BF6C
:10203000B5EB040C00213CBFC943F61B4FEA174423
:102040004EEA8E0E27EA04454FEA1C4704FB07625E
:102050002CEA074C05FB07F70CFB05F604FB0CFC10
:1020600016EB074642EB174216EB0C4642EB1C42BE
:102070001BEB060658EB0202414146EA9E0601D5DB
:10208000BDE80189B619524141EB0101A3F10103F9
:10209000BDE801894FEA14454FEA114724EA054695
:1020A00021EA074C05FB07F406FB07F70CFB06F1DA
:1020B00005FB0CFC11EB074144EB17444FEA1247B8
:1020C00011EB0C4144EB1C4422EA074C05FB07F2E0
:1020D00006FB07F70CFB06F605FB0CFC16EB0746A8
:1020E00042EB174216EB0C4642EB1C456A1854F1C2
:1020F000000148BF7047B619524141EB0101A3F1FD
:102100000103704795F0000F37D04FEA11424FEAB4
:10211000144721EA024624EA074C02FB07F106FBBA
:1021200007F70CFB06F402FB0CFC14EB074441EB35
:1021300017414FEA154714EB0C4441EB1C4125EACB
:10214000074C02FB07F506FB07F70CFB06F602FB44
:102150000CFC16EB074645EB174516EB0C4645EB1A
:102160001C42121951F1000148BF7047B619524183
:1021700041EB0101A3F1010370474FEA14454FEA17
:10218000114724EA054621EA074C05FB07F106FB47
:1021900007F70CFB06F24FF0000605FB0CFC12EBF8
:1021A000074241EB174112EB0C4251EB1C4148BF77
:1021B0007047921841EB0101A3F101037047000041
:1021C00010B504460A460A4800EB4401087818B9DD
:1021D000012008704A7010BD4878101AC3B20BB1C4
:1021E0007F2B01D90020F6E74A700120F3E70000B9
:1021F000D300002470B504462079801EC1B204F1DA
:10220000080000F00AF805462179891E04F1080249
:102210008818294601F08BF970BD30B502460B468F
:102220004FF6FF70002117E0555C80EA052000247E
:102230000EE000F400452DB141F2210585EA40058C
:10224000A8B203E04FF6FF7505EA4000651CECB24A
:10225000082CEED34D1CE9B29942E5DB30BD70B5D8
:1022600004462179891E04F10802881801F0ECF86F
:1022700005462079801EC1B204F10800FFF7CDFFAA
:102280000646B54201D1012070BD0020FCE70000E8
:10229000F0B58DB004463248007808B90DB0F0BDF5
:1022A00004A800F06BF8074601A800F099F806466C
:1022B00010F056FA28B100202A4908702A490870FF
:1022C00025E00FB30C98251A142D01D3012000E04E
:1022D0000020244908700846007888B12248007818
:1022E000A8B92248007840F003002049087020482F
:1022F000C06A401C1E49C86201201B49087006E0E4
:1023000000201949087002E001201649087016B330
:102310000398251AB5F5967F01D2012000E0002030
:10232000144908700846007888B913480078A8B99D
:102330000E48007840F003000C4908700C48006B10
:10234000401C0B49086301200B49087006E000207F
:102350000949087002E000200649087000BF9DE7A7
:10236000AC000024B5000024B8000024B70000240D
:10237000183C0324B6000024B900002470B50446BC
:1023800014B11448007808B9002070BD11F0DAFBD0
:10239000054672B600BF00BF00BFBFF35F8F00BF2E
:1023A00000BF00BF0C48007800EBC0000B4A02EBF6
:1023B000800124222046FEF7B0FB00BF00BF00BF13
:1023C000BFF35F8F00BF00BF00BF284611F0C0FB06
:1023D0000120DAE7B1000024AD000024443B0324CF
:1023E00070B5044614B11448007808B9002070BDD7
:1023F00011F0A8FB054672B600BF00BF00BFBFF3D7
:102400005F8F00BF00BF00BF0C48007800EB4000AA
:102410000B4901EB800207CA84E8070000BF00BF38
:1024200000BFBFF35F8F00BF00BF00BF284611F0A1
:102430008FFB0120DBE70000B4000024B000002483
:10244000D43B03240148007870470000B700002403
:102450001CB510F077F948213A48FEF7BAFB202165
:102460003948FEF7B6FB28213848FEF7B2FB1821A1
:102470003748FEF7AEFB374800210160416000F0AD
:10248000F5FF002034490870344908703449087059
:102490003449087034490870344908703449087068
:1024A000344908700120344908700020334908700D
:1024B000334908703349087033490870334908704C
:1024C000334908603349086033490860334908607C
:1024D000334908703349087033490870334908702C
:1024E000334908701C213348FEF773FB0020324942
:1024F000087032480021016041608160C1600020A5
:102500002F4908702F4908704FF4C070009040F2B6
:10251000FC700190684601F00BF90446022C00D1D2
:102520001CBD0CB10320FBE701F0CCFA0446022CE1
:1025300000D1F5E70CB10320F2E701202149087032
:102540000020EDE7443B03248C3B0324AC3B0324F5
:10255000D43B0324D3000024AD000024AE000024AB
:10256000AF000024B0000024B1000024B200002419
:10257000B3000024B4000024B5000024B6000024F9
:10258000B7000024B8000024B9000024BA000024D9
:10259000BC000024C0000024C4000024C8000024A3
:1025A000CC000024CD000024CE000024CF00002465
:1025B000D0000024EC3B0324D1000024083C032479
:1025C000D2000024AC0000240148007870470000CD
:1025D000B50000240148007870470000B6000024D0
:1025E00070B505460E4625B11EB1687800F0C000F2
:1025F00008B1012070BD402240F20121304600F0B8
:1026000097FB2878307269787172002431E02A1DB6
:1026100052F82410022202EB840306F108029818F3
:1026200000F089FF05F11C0232F8142091B21A2241
:1026300002EB440306F10802981800F078FF05F158
:10264000280232F81410262202EB440306F1080295
:10265000981800F06CFF05F1340232F814103222A1
:1026600002EB440306F10802981800F060FF601CBA
:10267000C4B2062CCBD33046FFF7BCFD0020B9E72F
:1026800070B505460C4625B11CB1A87800F0F800DD
:1026900008B1012070BD082240F20321204600F05D
:1026A00047FB28782072022161726978A172A978AB
:1026B000E172A98804F10C0000F039FF2046FFF711
:1026C00099FD0020E6E770B504460D464CB145B1D2
:1026D0006078032805DCA078062804D3A078FF28BA
:1026E00001D0012070BD102240F20221284600F0E6
:1026F0001FFB2078287261786972A178A972E1784D
:10270000E972A18805F10C0000F011FFE18805F1E4
:102710000E0000F00CFF05F11000A16800F00BFFA7
:10272000A18905F1140000F002FF2846FFF762FDC1
:102730000020D7E770B504460D4644B13DB160783E
:1027400000F0C00018B9E07800F0800008B1012066
:1027500070BD20221101284600F0EAFA2078287284
:1027600061786972A178A972E178E97200260CE0BB
:10277000221D52F82610042202EB860305F10802FE
:10278000981800F0D8FE701CC6B2062EF0D3A18BAC
:1027900005F1240000F0CBFE2846FFF72BFD0020BA
:1027A000D6E770B504460D46ACB1A5B160780328F4
:1027B00011D8A07A0C280ED8E07A0D280BD8E07832
:1027C00048B1A078E178884205DC207B18B1207BF5
:1027D000E178884201DD012070BD20224FF40171B3
:1027E000284600F0A5FA20782872022169726178E3
:1027F000A972A178E972E178297321796973617905
:10280000A973A179E973E1792974217A6974617AEC
:10281000A974A17AE974E17A2975217B6975E18946
:1028200005F1160000F083FE218A05F1180000F082
:102830007EFE618A05F11A0000F079FEA18A05F199
:102840001C0000F074FEE18A05F11E0000F06FFE2E
:10285000218B05F1200000F06AFE618B05F122005A
:1028600000F065FEA18B05F1240000F060FE284613
:10287000FFF7C0FC0020AFE770B592B004462421FA
:1028800009A8FEF7A6F9207A8DF82400607A8DF861
:102890002500A07A8DF82600E07A8DF827009DF8B3
:1028A00025003F2808D09DF824000422012110F0C3
:1028B0003DF8012012B070BD9DF8260001280FD010
:1028C0009DF8260002280BD09DF82600052807D089
:1028D0009DF824000522012110F028F80120E9E7E5
:1028E0009DF82700082807D09DF824000622012122
:1028F00010F01CF80120DDE79DF8260002280FD11A
:10290000012010F049F80CF0DDFA119009A800F050
:102910000BFD46484068401C444948600020C9E718
:1029200000250CE0042101EB850204F10801501898
:1029300000F084FD0AA941F82500681CC5B2062DE7
:10294000F0D304F1240000F07FFDADF84000BDF8A5
:10295000400038B99DF82400072201210FF0E6FF5E
:102960000120A7E70CF0AEFA11909DF824008DF835
:10297000000018220AA901A8FEF7CFF8BDF8400010
:10298000ADF81C00119808909DF82600052815D177
:10299000684610F02BF838B99DF824000C2201216C
:1029A0000FF0C4FF012085E709A800F0BDFC1F4817
:1029B0004068401C1D49486000207BE768460FF0D6
:1029C000EBFE0646052E1DD2DFE806F0031D040CC3
:1029D000140020E09DF82400082201210FF0A6FF3A
:1029E000012067E79DF82400092201210FF09EFFD6
:1029F00002205FE79DF824000A2201210FF096FFD4
:102A0000012057E700BF9DF824000C2201210FF0A0
:102A10008DFF01204EE700BF09A800F085FC0348A8
:102A20004068401C01494860002043E7183C0324EB
:102A300070B50446E07918B9607908B1A07970B929
:102A400044488069401C434988612068B0F5C07FD4
:102A500004D10122002108460FF068FF70BD2068F4
:102A6000B0F5C07F07D0A0F2811030B1012806D0A8
:102A7000022808D105E020260BE0102609E01026E8
:102A800007E0082605E033484069401C31494861A9
:102A9000E4E700BF2079B0420ED02E48C069401C48
:102AA0002C49C8612068B0F5C07F04D10222002102
:102AB00008460FF03BFFD1E72046FFF7D0FB70B987
:102AC0002448006A401C234908622068B0F5C07F92
:102AD00004D10322002108460FF028FFBEE720683A
:102AE000B0F5C07F02D1207A0FF0FCFE2068B0F56F
:102AF000C07F07D0A0F2811048B101280CD0022875
:102B000014D10EE02046FFF7B7FE05460FE0204641
:102B100000F054F805460AE0204600F0BDF80546EE
:102B200005E0204600F018F8054600E096E700BFF3
:102B3000012D05D10748806A401C0649886206E0DD
:102B4000022D04D10348406A401C0249486200BF7C
:102B500084E70000183C03243EB50446207A8DF833
:102B60000000607A8DF80100A07A8DF80200E07A0A
:102B70008DF803009DF80100022801D001203EBD20
:102B800004F10C0000F060FCADF804009DF80010AA
:102B90000320FFF715FB08B90220F0E70CF092F9CB
:102BA0000290684600F0E4FB03480069401C0249BB
:102BB00008610020E3E70000183C03247FB50446C9
:102BC000207A8DF80000607A8DF80100A07A8DF8E7
:102BD0000200E07A8DF803009DF8010004280CDC67
:102BE0009DF8020048B19DF8020000F0C00020B935
:102BF00004F1140000F028FC10B1012004B070BDF5
:102C000004F10C0000F026FC019004F1100000F02B
:102C100021FC02909DF80100032823D10FF0BCFE97
:102C200010F090FF054672B61948007840F0030096
:102C30001749087000BF00BF00BFBFF35F8F00BF20
:102C400000BF00BF284610F083FF0CF03BF9039053
:102C5000684600F0AFFB0F488068401C0D49886053
:102C60000020CBE79DF800100120FFF7A9FA08B972
:102C70000220C3E70CF026F90390684600F09AFBA7
:102C800004488068401C034988600020B6E70000C3
:102C9000B7000024183C032410B586B00446207AFF
:102CA0008DF80400607A8DF80500A07A8DF8060092
:102CB000E07A8DF807009DF8050001280CDC9DF8EE
:102CC0000600062803D39DF80600FF2804D104F16E
:102CD0000E0000F0B9FB10B1012006B010BD04F1E8
:102CE0000C0000F0B1FBADF8080004F1100000F09A
:102CF000A5FB039004F1140000F0A6FBADF8100052
:102D00009DF804100220FFF75BFA08B90220E4E7FF
:102D10000CF0D8F8059001A800F06CFB0348C068DF
:102D2000401C0249C8600020D7E70000183C03247B
:102D300070B504460E46154648212046FDF749FF6A
:102D40002660257101206071A0710020E07170BDC6
:102D500000B593B00A48007808B913B000BD07E089
:102D600008480068401C0749086001A8FFF760FE9A
:102D700001A800F0E9FE0028F2D100BFEDE7000055
:102D8000AC000024183C03242DE9F04FADF5017D83
:102D90000546002005900290FB48007818B90DF513
:102DA000017DBDE8F08FF948007888B9A81EF84980
:102DB00008600838F7490860A81EF74908606238BB
:102DC000F64908600020F64908700120EF490870B4
:102DD00088215FA8FDF7FDFE202157A8FDF7F9FE29
:102DE000402147A8FDF7F5FE34213AA8FDF7F1FE92
:102DF000202132A8FDF7EDFE482108A8FDF7E9FEE5
:102E00000020309031905FA801F0C6FD074617B151
:102E10009DF8FA0101E001F059FE834627B19DF8C3
:102E2000020200F067FB00E000208DF85D018DF8E4
:102E30005EB117B17F9880B200E00020ADF8780154
:102E40009DF85D018DF81D018DF8C1B017B19DF899
:102E5000030200E000208DF8C20017B1BDF80002A7
:102E600000E00020ADF8C400BBF10B0F05D19DF8C8
:102E70005F0140F001008DF85F01FFF7A5FB28B16D
:102E80009DF85F0140F004008DF85F01FFF7DAFA6A
:102E9000804608F0020028B19DF85F0140F008006C
:102EA0008DF85F013AA80FF0B9FB0490049810B3B5
:102EB0009DF8E80030B101280AD002280DD003287F
:102EC00017D110E000208DF8C9000120029011E018
:102ED00001208DF8C90002900CE002208DF8C90095
:102EE0000120029006E003208DF8C9000120029025
:102EF00000E000BF00BF029800287CD0A9480078FD
:102F00008DF8C8009DF8EC008DF8CA000F208DF8F0
:102F1000CB0008208DF8D4009DF8E90028B19DF879
:102F2000CC0040F001008DF8CC009DF8EA0048B1DB
:102F30009DF8CC0040F002008DF8CC009DF8EB002D
:102F40008DF8D0009DF8ED0048B19DF8CC0040F020
:102F500004008DF8CC009DF8EE008DF8CD009DF8B2
:102F6000EF0048B19DF8CC0040F008008DF8CC008F
:102F70009DF8F0008DF8CE009DF8F10048B19DF865
:102F8000CC0040F010008DF8CC009DF8F2008DF8D8
:102F9000CF009DF8F30048B19DF8CC0040F0200030
:102FA0008DF8CC009DF8F4008DF8D10008F00100F8
:102FB00028B19DF8CC0040F040008DF8CC0008F01E
:102FC000020028B19DF8CC0040F080008DF8CC00C4
:102FD0009DF8F5008DF8D2009DF8F6008DF8D3002D
:102FE0003E9880B2ADF8D6003F9880B2ADF8D800D8
:102FF000409880B200E01CE0ADF8DA00419880B261
:10300000ADF8DC00429880B2ADF8DE00439880B2A3
:10301000ADF8E000459880B2ADF8E200469880B285
:10302000ADF8E40008A932A8FFF7BBFB08B1002007
:103030000290002F73D000246FE020460FF092FA28
:103040008146B9F1000F00D165E099F80000401EFB
:10305000C0B206900698C0EBC00000EB40005FA92C
:1030600001EB400699F80200012814D1716858A8B4
:1030700040F82410B16848A840F8241071884EA880
:1030800020F81410318851A820F81410B18954A8E0
:1030900020F8141015E01536716858A840F824106F
:1030A000B16848A840F8241071884EA820F8141080
:1030B000318851A820F81410B189153E54A820F881
:1030C000141051A810F8140000F06F00272805D143
:1030D0000120A040C0B205990843059051A810F8FE
:1030E000140000F0800028B19DF85F0140F010004E
:1030F0008DF85F0151A810F8140000F0080018B90D
:1031000054A830F8140028B19DF85F0140F0200069
:103110008DF85F0100BF601CC4B2062C8DD39DF8F2
:103120005D013F2808D105983F2805D19DF85F0132
:1031300040F002008DF85F0115480068281A022847
:1031400014D3194800788DF85C011AA957A8FFF725
:10315000F1FA58B915491AA800F0AEF930B1124881
:103160000078401C1049087009480560029898B31F
:103170000B48007830B11C220D490DF12A00FDF7F3
:1031800019FCB8B1012016E0AC000024BA000024FC
:10319000BC000024C0000024C4000024C800002497
:1031A000D1000024CE000024CC000024503C032495
:1031B000EC3B032400200190019810B14FF0020A6B
:1031C0000DE09DF8C900012803D09DF8C900022830
:1031D00003D14FF0020A02E01BE04FF0140A464808
:1031E0000068281A504514D3444908A800F064F92F
:1031F00078B143480078401C414908703E4805605A
:103200001C220DF12A013F48FDF700FC01203E4938
:1032100008703E480068281A0A2815D33C480078F0
:103220008DF81C011AA947A8FFF7DAF960B93349EC
:10323000091F1AA800F040F930B135480078401C49
:10324000334908703148056010F07CFC079072B675
:10325000304800780390304BD3E90020D3E90213C3
:10326000CDE92E13CDE92C20079810F071FC0398BE
:1032700028B32A4800788DF8B0001AA92CA8FFF7C7
:1032800022FAE0B91D49091D1AA800F015F9B0B1DC
:1032900010F058FC079072B600201E49087000BF5D
:1032A00000BF00BFBFF35F8F00BF00BF00BF079824
:1032B00010F04EFC19480078401C18490870184856
:1032C0000068281A642815D3164800788DF8C000C5
:1032D0001AA930A8FFF7D4F960B9084908311AA82B
:1032E00000F0EAF830B10F480078401C0D49087032
:1032F0000B48056000BF52E5C4000024583C03247D
:10330000CE000024EC3B0324D1000024C0000024A4
:10331000CD000024D2000024083C0324CF00002468
:10332000C8000024D000002470B504460D48007881
:1033300080F0010505EBC5010B4A02EB8100242258
:103340002146FDF7EAFB00BF00BF00BFBFF35F8F60
:1033500000BF00BF00BF034805700120034908708B
:1033600070BD0000AD000024443B0324B1000024E4
:1033700030B501460C4A127882F0010000EB4002A1
:103380000A4B03EB820291E8380038C200BF00BF4D
:1033900000BFBFF35F8F00BF00BF00BF024A1070C5
:1033A0000122034B1A7030BDB0000024D43B03242B
:1033B000B400002470B50C4A127882F001010B4A67
:1033C00002EB011290E8780078C200BF00BF00BF96
:1033D000BFF35F8F00BF00BF00BF034A117001221F
:1033E000034B1A7070BD0000AE0000248C3B032418
:1033F000B200002470B504460D48007880F0010545
:1034000005EB85010B4A02EB810014222146FDF7F2
:1034100084FB00BF00BF00BFBFF35F8F00BF00BFD2
:1034200000BF0348057001200349087070BD00000B
:10343000AF000024AC3B0324B300002410B50446C5
:10344000204600F007F810BD014608784A7840EAA7
:1034500002207047014608784A7840EA02208A78BC
:1034600040EA0240CA7840EA0260704710B596B060
:1034700058216846FDF7ADFB10F064FB044672B6B8
:1034800000BF00BF00BFBFF35F8F00BF00BF00BF22
:10349000582269460748FDF740FB00BF00BF00BF48
:1034A000BFF35F8F00BF00BF00BF204610F050FB8E
:1034B00016B010BD183C032470B506460C463046C5
:1034C00000F074FA054625B92068401C20600120F0
:1034D00070BD032D05D10648C06C401C0449C8646A
:1034E00004E00348006D401C014908650020EFE737
:1034F000183C03242DE9F04106460027002411E082
:1035000020460FF02FF8054655B12878401E0121BE
:1035100001FA00F0304018B10120A040C0B20743CA
:10352000601CC4B2062CEBD33846BDE8F0810170B4
:103530000A124270704701700A0A42700A0C8270C7
:103540000A0EC2707047000010B51A48006820B11A
:103550001948006808B1012010BD1648006810B96C
:103560001548006808B10020F6E7144A4FF4C1710D
:10357000102018F0C9F90F4908600846006808B91A
:103580000020E9E70E4A0021012018F083FA0A49D9
:1035900008600846006838B90648006818F05EF907
:1035A000002004490860D7E7002006490870012080
:1035B000D2E700003000002434000024DCE60108DB
:1035C000F4E601082C00002410B5E2B0274800689A
:1035D00010B12748006808B962B010BD4FF0FF3342
:1035E000002201A92148006818F04EF900B1F3E764
:1035F000BDF8040020B1BDF80400B0F5C07F00D9CB
:10360000EAE700BF00211A48006818F00DFA002808
:10361000F8D000201749087000BF00BF00BFBFF3FB
:103620005F8F00BF00BF00BFBDF804200DF1060191
:1036300011480EF06DFB00B1CEE764210C48006824
:1036400018F0F2F9044600BF00BF00BFBFF35F8F60
:1036500000BF00BF00BF1CB906480078012802D097
:1036600005480DF0DFFF00BFB6E700003000002482
:10367000340000242C000024C80C002410B50120C4
:103680000849087000BF00BF00BFBFF35F8F00BFD5
:1036900000BF00BF0448006818B10348006818F074
:1036A0005FFA10BD2C0000243400002410B5022065
:1036B0000849087000BF00BF00BFBFF35F8F00BFA5
:1036C00000BF00BF0448006818B10348006818F044
:1036D00047FA10BD2C0000243400002430B5E1B0BE
:1036E00005460C464FF4C2716846FDF772FA0F4862
:1036F000006820B11DB114B1B4F5C07F02D900201B
:1037000061B030BDADF80040224629460DF10200FF
:10371000FDF77CF900231A4669460448006818F052
:1037200041F908B10020EBE70120E9E7300000246F
:1037300010B58AB00446202102A8FDF74AFA14B950
:1037400001200AB010BD2068B0F5006F03D2606898
:10375000B0F5006F01D30120F3E71C4890F8980002
:10376000012801D00220ECE70020194908700290DE
:103770000390022004900120059020680690606864
:10378000079002A911480AF090FB08B10420D8E77D
:10379000012003460222114600900C480AF0D9FB92
:1037A00008B10420CDE700200A4908600A490860F2
:1037B00000F0A4F800200949086009490870094987
:1037C00008600120024908700020BAE7B00B00240D
:1037D0000001002404010024080100240C0100243D
:1037E000100100241401002402460B4600210AE0C7
:1037F0000748405C904205D1064850F82100186007
:1038000001207047491C1029F2D30020F9E700007D
:10381000F4E7010804E8010810B51D48007800B974
:1038200010BD0BF04FFB04461A480068201A6428AC
:1038300000D2F5E7184890F8980002280ED11648F3
:103840000BF0BBF950B1144800F02AF81348406C53
:10385000401C124948640F480460E1E70E4890F8A4
:103860009800012802D100F02DF938B10B48406CC6
:10387000401C0A49486407480460D1E70748006CC7
:10388000401C0649086400200149087000BFC7E7D2
:103890001001002414010024B00B0024F040032484
:1038A00070B5064630460AF0DFFB05461148006851
:1038B00025EA000404B970BD0F48806B401C0E4916
:1038C00088630846C56304F0006018B10846006BC1
:1038D000401C086304F0805020B10748406B401C36
:1038E000054948630348006820430249086000BF57
:1038F000E1E700000C010024F040032410B592B071
:1039000048216846FDF765F900BFEFF310800446D3
:1039100072B600BF00BF00BFBFF35F8F00BF00BF24
:1039200000BF482269460848FDF7F7F800BF00BF0E
:1039300000BFBFF35F8F00BF00BF00BF00BF84F3B5
:10394000108800BF12B010BDF040032470B50546CA
:103950001248046812480068201A102806D311483B
:103960000069401C0F490861002070BD04F00F0180
:1039700001EBC1010C4A02EBC10048222946FDF7C8
:10398000CCF800BF00BF00BFBFF35F8F00BF00BF18
:1039900000BF601C014908600120E6E70401002423
:1039A00008010024F0400324703C032410B58AB0C1
:1039B0000446242101A8FDF70CF93E484069401C4B
:1039C0003C49486154B16079012807D8A0790128A1
:1039D00004D820796946FFF707FF10B901200AB023
:1039E00010BD607930B92079082801D8A07908B1D4
:1039F0000120F4E7E07918B92068B0F5006F0BD228
:103A0000E079012803D12068B0F1005F04D2E079A9
:103A100020B1E079012801D00120E0E726480078B4
:103A200038B12648007820B9254890F89800022837
:103A300001D00220D3E722480AF04AFC30B91D48E1
:103A4000006A401C1B4908620320C8E720680190F7
:103A5000E079012801D1800700E0002002900020D9
:103A600003900098049000200590A07910B14FF4C5
:103A7000801000E000200690607910B14FF4001033
:103A800000E00020079000200890099004F108024F
:103A900001A90B480AF0C0F920B10948FFF700FF5F
:103AA00004209CE703488069401C0249886100208B
:103AB00095E70000F04003240001002410010024D9
:103AC000B00B002410B51B48007820B11A4890F8BC
:103AD0009800012801D0022010BD1748406A1649FD
:103AE000C96A00FB01F47F2C01D90420F4E700220D
:103AF000214611480AF047FA08B10420ECE70E48C5
:103B00000AF055FA08B10420E6E7FF220B490A48FB
:103B10000AF02EF908B10420DEE707480BF033F86D
:103B200008B10420D8E7002005490860054908705D
:103B300000BFD1E700010024B00B00240D02821B5E
:103B40000C0100241001002470B505460DB90020B9
:103B500070BD1448046814480068844201D10020F4
:103B6000F6E700BF00BF00BFBFF35F8F00BF00BF1D
:103B700000BF04F00F0000EBC0000C4A02EBC001D4
:103B800048222846FCF7C9FF00BF00BF00BFBFF3B3
:103B90005F8F00BF00BF00BF601C024908600120AA
:103BA000D6E700000801002404010024703C03242F
:103BB00010B50446064A02EBC4029188044A52F842
:103BC00034000BF06BF908B9012010BD0020FCE7B0
:103BD00044E8010870B5002413E0E0B2FFF7E8FF05
:103BE00005460B4800F8245000EB84004570002087
:103BF000074901EB84018870054901EB8401C87015
:103C0000641C022CE9D30BF05DF90249086070BD19
:103C100018010024200100242DE9F0410BF052F995
:103C2000074618480068381A022801D2BDE8F0811A
:103C300014480760002521E0134800EB8504E8B232
:103C4000FFF7B6FF06466078B04203D066700120E9
:103C5000A07005E0A0780A2802D2A078401CA070CD
:103C6000A0780A2809D320786178884205D0607846
:103C700020702078012800D1E0706D1C022DDBD36C
:103C800000BFD3E7200100241801002470B50446CA
:103C900000F01EF805460E4600E000BF00F018F8E0
:103CA000421B61EB0601121B71F10001F5D370BDDF
:103CB00010B58AB001A902A80CF0ECFC0CF046FD8E
:103CC0000446079810B920460AB010BD6000FBE713
:103CD00010B500BF0D4802684FF08040436A0B48A2
:103CE0000468A242F6D14FF08040006900F0010064
:103CF00030B14FF08040436AB3F1004F00D2521C04
:103D0000002001461843114310BD0000FC000024B0
:103D100038B500BF1F48006840F001001D49086029
:103D20000846006800F00100009000BF00BF1C20A2
:103D30000BF072F900204FF080410860C860FFF777
:103D4000B7FF04461448844200D204461248B4FB2C
:103D5000F0F0451E0020114908604FF08040856258
:103D60004FF0FF304FF08041C862002048620120D0
:103D70004861002008610120C86000220F211C203A
:103D80000BF080F91C200BF069F901208107086015
:103D900038BD0000E844025840420F00FC000024F7
:103DA00000BFFEE710B5024808F040FA10BD000061
:103DB000500C00240146374A0868904249D0354AE1
:103DC00018320868904244D0324A30320868904233
:103DD0003FD0304A4832086890423AD02D4A60328B
:103DE0000868904235D02B4A78320868904230D02B
:103DF000284A9032086890422BD0264AA832086898
:103E0000904226D0244A0868904222D0224A183292
:103E1000086890421DD0204A30320868904218D07D
:103E20001D4A48320868904213D01B4A6032086825
:103E300090420ED0184A78320868904209D0164A4B
:103E400090320868904204D0134AA8320868904221
:103E500001D1012000E00020B0B10A78103A182307
:103E6000B2FBF3F000F007020C4B9A5CCA65032822
:103E700005D90A686FF30902121D8A6503E00A6812
:103E80006FF309028A6503E0086820F0FF00886587
:103E9000886D7047100002401004024054E8010889
:103EA00010B502682B4C0368A34222D0294C14346D
:103EB0000368A3421DD0274C28340368A34218D0BE
:103EC000244C3C340368A34213D0224C5034036882
:103ED000A3420ED01F4C64340368A34209D01D4C8A
:103EE00078340368A34204D01A4C8C340368A3428C
:103EF00001D1012300E000238BB10378083B142497
:103F0000B3FBF4F1144B03EB81030366124B8033D4
:103F1000436601F01F040123A340836618E0037881
:103F2000103B1824B3FBF4F10C4B9A4204D80B4B12
:103F3000A83B9A4200D30831094B03EB8103036687
:103F4000074B8033436601F01F040123A3408366BF
:103F500010BD00000854025800580258B80402402E
:103F6000000802400179A9B3082940D8204B026813
:103F70009A4222D01E4B143302689A421DD01C4B29
:103F8000283302689A4218D0194B3C3302689A428F
:103F900013D0174B503302689A420ED0144B64333F
:103FA00002689A4209D0124B783302689A4204D0D0
:103FB0000F4B8C3302689A4201D1012200E00022AB
:103FC0004AB14A1E0B4B03EB8202C266094A4032D9
:103FD000026708E00BE04A1E074B03EB8202C26651
:103FE000054A403202674A1E0123934043677047E7
:103FF00008540258005902580009024001460020A6
:104000008A69D2B98A6A32B1012A0DD0022A03D054
:10401000032A10D10EE000BFCA6A02F08072B2F12A
:10402000807F00D1012007E0CA6AB2F1C07F00D1D1
:10403000012001E000E000BF36E08A69B2F5005FD0
:104040001BD18A6A32B1012A07D0022A03D0032A7F
:1040500011D10AE000BF01200EE0CA6A02F08072AE
:10406000B2F1807F00D1012006E0CA6AB2F1C07FC0
:1040700000D1012000E000BF16E08A6A32B1012AB7
:1040800005D0022A04D0032A0CD103E000BF00BFF0
:10409000012008E0CA6A02F08072B2F1807F00D18C
:1040A000012000E000BF00BF70470000F0B5856D43
:1040B000846D984F0668BE4270D0964F18370668D8
:1040C000BE426BD0934F30370668BE4266D0914FE8
:1040D00048370668BE4261D08E4F60370668BE42E0
:1040E0005CD08C4F78370668BE4257D0894F9037E6
:1040F0000668BE4252D0874FA8370668BE424DD0F0
:10410000854F0668BE4249D0834F18370668BE42C5
:1041100044D0814F30370668BE423FD07E4F48378B
:104120000668BE423AD07C4F60370668BE4235D042
:10413000794F78370668BE4230D0774F903706689F
:10414000BE422BD0744FA8370668BE4226D0734FAC
:104150000668BE4222D0714F14370668BE421DD099
:104160006E4F28370668BE4218D06C4F3C37066841
:10417000BE4213D0694F50370668BE420ED0674F1B
:1041800064370668BE4209D0644F78370668BE427D
:1041900004D0624F8C370668BE4201D1012600E090
:1041A00000263EB1D0E919767E60C66E16B1D0E920
:1041B0001C767E60574F0668BE4249D0554F18376F
:1041C0000668BE4244D0534F30370668BE423FD0E7
:1041D000504F48370668BE423AD04E4F60370668A7
:1041E000BE4235D04B4F78370668BE4230D0494F7B
:1041F00090370668BE422BD0464FA8370668BE42AD
:1042000026D0454F0668BE4222D0434F1837066875
:10421000BE421DD0404F30370668BE4218D03E4FD8
:1042200048370668BE4213D03B4F60370668BE422F
:104230000ED0394F78370668BE4209D0364F9037D6
:104240000668BE4204D0344FA8370668BE4201D18A
:10425000012600E00026DEB190F85C6006F01F0742
:104260003F26BE40AE600668366826F480260768A2
:104270003E60066873608668402E04D10668B260AE
:104280000668F16044E00668B1600668F2603FE0ED
:10429000224F0668BE4222D0204F14370668BE4225
:1042A0001DD01E4F28370668BE4218D01B4F3C3722
:1042B0000668BE4213D0194F50370668BE420ED072
:1042C000164F64370668BE4209D0144F7837066827
:1042D000BE4204D0114F8C370668BE4201D1012680
:1042E00000E00026A6B190F85C6006F01F070126EA
:1042F000BE406660066873608668402E04D106681A
:10430000B2600668F16003E00668B1600668F260BA
:10431000F0BD000010000240100402400854025892
:104320007047000070B5002500260FF002FC04461F
:1043300072B6174890F85B0B68B1154890F85A0BA5
:1043400048B90126124890F8580B20B100211048B6
:1043500080F8581B012504B962B606B970BD15B1C5
:104360000C4810F013FB0C4805F0E4FC0B4801F07E
:1043700034FB0B4800F0DCFA0FF0DBFB044672B6AE
:104380000021034880F85B1B04B962B600BFE5E773
:104390006806032468260024CC1103242813032470
:1043A000F80E0324F8B504460D46074890F88868CF
:1043B00080F888482346324604A100F698200095EC
:1043C00000F01EFCF8BD0000680603245B534F4557
:1043D0004D5D206170702073746174652025752DAA
:1043E0003E2575206576656E743D25750D0A0000C5
:1043F000014601F04F0008B916A0704701F04F00C8
:10440000402801D116A0F8E701F06F00212801D162
:1044100018A0F2E701F06F00232801D11AA0ECE701
:1044200001F06F00272801D11AA0E6E701F06F0024
:10443000072801D11CA0E0E701F04F000F2801D1AF
:104440001EA0DAE701F04F00082801D121A0D4E72F
:1044500022A0D2E74E6F742072656164790000007B
:10446000537769746368206F6E2064697361626C4E
:1044700065640000526561647920746F2073776908
:10448000746368206F6E00005377697463686564B5
:10449000206F6E004F7065726174696F6E20656E7B
:1044A00061626C6564000000517569636B20737410
:1044B0006F70206163746976650000004661756CF9
:1044C00074207265616374696F6E206163746976CC
:1044D000650000004661756C74000000556E6B6EDF
:1044E0006F776E002DE9FF4107460E46144634F8FB
:1044F000155F2846FFF77CFF8046A08994F90E10CF
:104500002B463246CDE9008102901749384600F02B
:1045100077FBB4F90200A168CDE900106368324668
:104520001249384600F06CFBD4F811000090B4F941
:104530000F30153C32460EA1384600F061FBC5F342
:10454000C010C5F3C001C5F38002C5F34003CDE937
:104550000032CDE9021005F0010332461349384616
:1045600000F04EFBBDE8FF819CEA010834EB010836
:104570005B534F454D5D20736C6176652575204119
:10458000786973322030783339353420616363655C
:104590006C3D256420307836393634206D756C7466
:1045A000695F706F733D256C640D0A00C8EB0108EC
:1045B0002DE9F84380460E4615461F46DDF820904B
:1045C00035B932460EA1404600F01AFBBDE8F8832B
:1045D0003B46324614A14046CDF8009000F010FB57
:1045E000002408E0285D234632461BA10090404687
:1045F00000F006FB641CBC42F4D300BFE6E70000F9
:104600005B534F454D5D20736C6176652564206971
:104610006E7075742072617720736B69703A204EEA
:10462000554C4C0D0A0000005B534F454D5D207307
:104630006C617665256420696E707574207261778F
:10464000206C656E3D256C752065787065637465BA
:10465000643D25750D0A00005B534F454D5D207389
:104660006C617665256420696E7075745B253032E7
:104670006C755D3D3078253032580D0A0000000021
:10468000F8B506460D46144604B9F8BD34F8CA0F0D
:10469000009063882A460FA1304600F0B1FAA08846
:1046A0000090E3882A4616A1304600F0A9FA207A45
:1046B000CA3C00F0040008B11CA000E01CA000905F
:1046C000B4F8D2302A461BA1304600F099FA00BF58
:1046D000DBE700005B534F454D5D20736C617665F1
:1046E0002564206D6278206F757420616464723D6A
:1046F000307825303458206C656E3D25750D0A00E4
:104700005B534F454D5D20736C6176652564206D6C
:10471000627820696E2020616464723D30782530B3
:104720003458206C656E3D25750D0A00796573005F
:104730006E6F00005B534F454D5D20736C61766575
:104740002564206D62785F70726F746F3D307825DC
:1047500030345820436F453D25730D0A000000009A
:1047600070B506460C46154605B970BD2A2322468B
:1047700007A1304600F044FA2A462146304600F0B0
:104780001FF82A4621463046FFF7ACFE00BFECE793
:104790005B534F454D5D20547850444F2064656312
:1047A0006F64656420736C61766525642073697A33
:1047B000653D25752062797465730D0A000000005F
:1047C0002DE9FF4107460E4614460CB9BDE8FF81AE
:1047D00025882846FFF70CFE8046A08994F90E1024
:1047E0002B463246CDE9008102901749384600F049
:1047F00007FAB4F90200A168CDE9001063683246F7
:104800001249384600F0FCF9D4F811000090B4F9D0
:104810000F3032460EA1384600F0F2F9C5F3C01051
:10482000C5F3C001C5F38002C5F34003CDE90032F2
:10483000CDE9021005F0010332461449384600F074
:10484000DFF900BFC2E700004CEA0108ECEA01080A
:104850005B534F454D5D20736C6176652575204136
:104860007869733120307833313534206163636582
:104870006C3D256420307836313634206D756C748B
:10488000695F706F733D256C640D0A007CEB010855
:104890002DE9FC5F04468A461746984600200190A1
:1048A000FFF716FA05460E460022D4E900105140E3
:1048B000504001430AD0D4E90002291A66EB0200F5
:1048C000C91B70EB080001D2BDE8FC9FC4E900568B
:1048D0000DF07CFA834601A80DF094FA8146B9F1F7
:1048E000000F01D006A000E006A00090019883B25E
:1048F0005A4606A1504600F083F900BFE4E70000E5
:104900004F4B00004641494C000000005B504859A5
:104910005D206C696E6B3D2575206273723D307849
:104920002530346C5820726561643D25730D0A0092
:10493000002202604260704770B505460F4890F84B
:1049400088080D2800D170BD2A460DA1114800F03D
:1049500057F90FF0EEF8044672B60021074880F8C8
:10496000591B012180F85B1B04B962B60B210D2095
:10497000FFF718FDFFF7D6FC00BFE4E76806032445
:104980005B534F454D5D204552524F523A2025739F
:104990000D0A000000110324F0B5A3B0074617B9B3
:1049A000002023B0F0BD882101A8FCF712F90FF018
:1049B000C0F8044672B6414890F888080B280BD11D
:1049C0003E4890F8580B38B13D48406820B93D4802
:1049D000D0F8CC02032805DA00BF84F3108800BFAA
:1049E0000020DEE7002545E0681C86B206EB0610D5
:1049F00000EB4000344901EBC000406B40B106EBD6
:104A0000061000EB400001EBC000006B2A2805D027
:104A100000BF84F3108800BF0020C2E706EB061237
:104A200002EB4202284B03EBC202516BC5EBC502FD
:104A300002EB420201AB03EB42002A22FBF7E6FF46
:104A40009DF88A000121A940C9B208438DF88A0067
:104A500006EB061000EB40001B4931F83000082837
:104A600007D19DF88B000121A940C9B208438DF8F8
:104A70008B006D1C032DB7D3104890F888088DF873
:104A800082000E48D0F85C0B21900C48B0F8640B03
:104A900080B2ADF8880000BF00BF00BFBFF35F8FDA
:104AA00000BF00BF00BF00BF84F3108800BF882292
:104AB00001A93846FCF731F8012072E768060324A3
:104AC000CC1103246826022474EA0024014890F8DB
:104AD00088087047680603242DE9F0410FF029F893
:104AE000044672B62D4890F85A0B60B92B4890F8DE
:104AF0005B0B40B9294890F8880840B1274890F8E6
:104B000088080D2803D004B962B6BDE8F081002101
:104B1000224880F8591B80F85B1B04B962B61F4815
:104B200090F8580B10B11E480FF030FF1D491C487B
:104B3000FCF74FF84FF400711B48FCF74AF81B488C
:104B400000F03CFF1A4805F0EDF80021134880F80A
:104B5000581BC0F85C1BC0F8601B02F04BFD1248EC
:104B60000838FFF7E5FE1248CC3800F06BF811A1C9
:104B70000F48CC3800F044F8FFF7AAF805462A465B
:104B80000B4612A10A48CC3800F03AF815A10848A3
:104B9000CC3800F035F800BFB7E700006806032402
:104BA0006826002488E80200000F03242813032449
:104BB000CC1103240D0A5B534F454D5D20646562A3
:104BC00075672073746172740D0A00005B534F4562
:104BD0004D5D2074696D655F75733D256C6C750D59
:104BE0000A0000005B534F454D5D207761697420DA
:104BF000504859206C696E6B2075700D0A000000DA
:104C00000FB430B5B1B005460DB1359818B931B013
:104C100030BC5DF814FB36A83090C0216846309B4C
:104C2000359AFBF7F7FC044600203090002C00DC9E
:104C3000EDE7C02C00D3BF24A1B26846FEF74EFDBD
:104C400000BFE4E710B5044602492046FFF7D8FF4D
:104C500010BD000014EC010870B506460D46144660
:104C600026B11DB114B1B4F5C07F01D9002070BDCB
:104C700021462846FEF732FDF9E7000038B5054623
:104C80000C46044BA3F50A7203492846009400F031
:104C900003FA38BD28130324682600242DE9FF4FAA
:104CA00095B0064699460020149056B1169840B12A
:104CB000179830B1B9F1000F03D0D9F800000028DF
:104CC00003DC002019B0BDE8F08FE8483418DDF8A7
:104CD0005CB0D9F8000058441390D4F82801129021
:104CE0004FF0FF300990E2483044D0F88C0078B1A2
:104CF000DF493144D1F88C0017F01AF8DC48304411
:104D000080680990DA493144D1F88C0017F068F8CE
:104D10004FF0FF300890D4F8100558B1D4F81005C2
:104D200017F006F84FF4337000590890D4F81005C6
:104D300017F056F800201190D4F82C0100280ADD55
:104D4000D4F82C01C82806DCE16860680844D4F86F
:104D50002C1108441190C748805DE8BBA07ED8BBE9
:104D60002068C8BBC2483044D0F88C00A0B3D4F847
:104D7000100588B3099820282FD1089860BB608C53
:104D800003282AD1A08C032827D1D4F8280118B3EE
:104D9000D4F82C01002820DDD4F82C01C8281CDC14
:104DA00060685844E16801441298814215D1129814
:104DB000584512D3DDE9120188420ED8D4F82C21CF
:104DC000DDE91210401A824207D8D9F80010119874
:104DD000814202D1012001E0FFE700200C900C98F5
:104DE00058B34FF0000823E004F5987030F818002D
:104DF0000F900F98B8B19D48001F805B81B20F984B
:104E0000814210DB0F9800EB001000EB40004CF2E9
:104E10000C41314401EBC000D0F86801D4F82811EE
:104E20004144884202D000200C9005E008F10108BE
:104E3000D4F82C014045D7DC00BF0C9808B18EA2F5
:104E400000E08FA2A37EDDE908010BB98EA300E08C
:104E50008EA3CDE90231CDE90402A08C618CCDE9AD
:104E60000010D4F82C318A49D9F800201698FFF7A1
:104E7000C7FE0C980A904FF0010AF1E00AEB0A1005
:104E800000EB40004CF20C41314401EBC005002026
:104E90000E900D90D4F82C01002816DDD4F82C01CA
:104EA000C82812DC4FF000080BE004F5987030F8C9
:104EB0001800504503D10E98401CC0B20E9008F166
:104EC0000108D4F82C014045EFDC95F80E010428C8
:104ED0004DDC002747E005F1850000EB0710006876
:104EE000109005F1850000EB07108088012838D16B
:104EF00005F1850000EB0710807990BB05F1850076
:104F000000EB0710C07907282BD105F1850000EBD5
:104F10000710008940F60D01884222D105F1850075
:104F200000EB0710807AE0B905F1850000EB07106F
:104F3000C07A012815D105F1850000EB0710007B30
:104F400001280ED1D9F800101098814209D9D5F85E
:104F5000681110985844814203D10D98401CC0B28A
:104F60000D90781CC7B295F80E01B842B3DC95F8E5
:104F70000D0178BB95F8D20000F0040050B3B5F8ED
:104F8000CA00102827D3B5F8CA0040F2CE51884293
:104F900021DCB5F8CE0010281DD3B5F8CE0088422C
:104FA00019DCB5F8CC00A8B1B5F8D00090B1D5F8AF
:104FB000140178B9D5F8180160B9D5F8200148B9BD
:104FC00095F8240130B90E98012804D10D980128D4
:104FD00001D101E0FFE700200B900A9818B10B986F
:104FE00008B1012000E000200A900B9808B122A22D
:104FF00000E023A2D5F8140150B9D5F8180138B94A
:10500000D5F8200120B995F8240108B91AA300E0C9
:105010001BA3DDE90D10CDE90532CDE90301B5F89B
:10502000CE10B5F8CA0095F8062102F001020AB1C7
:1050300015A200E015A2CDE90020029195F8D2005A
:1050400000F0040008B10CA000E00DA00346524699
:1050500010491698FFF7D4FD0AF101001FFA80FAF3
:10506000BAF1030F7FF60AAF0A982BE6D0020200CE
:10507000002E020084E8020050415353000000005B
:105080004641494C00000000594553004E4F000076
:1050900004EF010860EF01082DE9FC4780468946CE
:1050A00016461D460A9C15B10CB1032C07D92246A1
:1050B0000AA13046FFF7A4FD0020BDE8FC87671E6B
:1050C000009440F20530784305EB800332464946B0
:1050D0004046019400F00EFEEFE700005B534F45A1
:1050E0004D5D20504F32534F20756E6D616E61677C
:1050F000656420736C6176652575204641494C0DC9
:105100000A0000002DE9F0470446894634B1B9F1A0
:10511000000F03D04D480059032802DA0620BDE8ED
:10512000F087012620E006EB061000EB40004CF271
:105130000C41214401EBC005D5F8680158B1D5F800
:10514000140140B9D5F8180128B9D5F8200110B9D3
:1051500095F8240130B132463DA14846FFF750FD95
:105160000620DCE7701C86B2032EDCD9012669E03C
:105170003146204616F0C6F8804606EB061000EBD6
:1051800040004CF20C41214401EBC005B8F1010F85
:105190000BD1D5F81401012807D1D5F82001012839
:1051A00003D195F82401002845D0012739E00020DB
:1051B00007EB071101EB41014CF20C42224402EBD8
:1051C000C101C1F8140107EB071101EB41014CF2D9
:1051D0000C42224402EBC101C1F8180107EB071190
:1051E00001EB41014CF20C42224402EBC101A1F857
:1051F0001C0107EB071101EB41014CF20C42224468
:1052000002EBC101C1F8200107EB071101EB4101DD
:105210004CF20C42224402EBC10181F82401781CBB
:1052200087B2032FC3D94346324616A14846FFF73B
:10523000E7FC062073E7324621A14846FFF7E0FC71
:10524000701C86B2032E93D9002068E7CC020200BE
:105250005B534F454D5D206379636C6963204D421C
:105260005820656E61626C65207072656368656365
:105270006B20736C6176652575204641494C0D0A9B
:10528000000000005B534F454D5D206379636C69FE
:1052900063204D425820656E61626C6520736C61BD
:1052A00076652575207265743D2564204641494C1C
:1052B0002C20726F6C6C6564206261636B0D0A0058
:1052C0005B534F454D5D206379636C6963204D42AC
:1052D0005820656E61626C6520736C61766525751A
:1052E00020504153530D0A002DE9F04786B0074680
:1052F000894692461D462868002804DD28685045E6
:1053000001D8012000E0002028712A20009028798F
:1053100008B141A000E042A0024616234249484697
:10532000FFF76EFC4FF0000870E008F1010086B254
:1053300008EB4801681D00EB410406EB061000EB8A
:1053400040004CF20C41394401EBC000406A08B106
:10535000012000E00020A07006EB061000EB4000EA
:105360004CF20C41394401EBC000406B08B1012004
:1053700000E00020E07006EB061000EB40004CF26D
:105380000C41394401EBC000006A162801D101200C
:1053900000E00020207106EB061000EB40004CF20C
:1053A0000C41394401EBC000006B2A2801D10120D7
:1053B00000E000206071607908B117A000E018A03B
:1053C000217909B114A100E015A1E2780AB112A275
:1053D00000E013A2A3780BB10FA300E010A3CDE966
:1053E0000132CDE90310607808B10BA000E00CA0F9
:1053F0000090207808B108A000E009A003463246DA
:105400000A494846FFF7FCFB08F10108B8F1030F11
:105410008BD306B0BDE8F087504153530000000025
:105420004641494C00000000C0EF0108A8EE010809
:105430002DE9F04188B004460E4690461D460E9F69
:105440002148005903280ADA1F48025903231FA1E3
:105450003046FFF7D5FB032008B0BDE8F0813946A0
:105460002846FBF794FB182102A8FBF7B2FB02A821
:105470002B46424631460090204600F037FB02ABF7
:105480003A463146204600F08BF802AB3A463146A8
:105490002046FFF729FF02A800F062F828B916A1FC
:1054A0003046FFF7ADFB0420D6E702AB2A46314673
:1054B0002046FFF7F3FB28B91AA13046FFF7A0FBFF
:1054C0000520C9E70020C7E7CC0202005B534F4527
:1054D0004D5D20494F6D617020736B69703A207388
:1054E0006C617665636F756E743D2564206E6565CD
:1054F000643D25750D0A00005B534F454D5D2053FB
:105500004146452D4F5020736B69703A20494F6DCD
:10551000617020636865636B206661696C65640D0A
:105520000A0000005B534F454D5D20534146452D19
:105530004F5020736B69703A206379636C69632004
:105540006D61696C626F78207072657265717569E2
:105550007369746573206661696C65640D0A000087
:1055600010B50346187908B9002010BD002213E0D9
:1055700002EB4204581D00EB4401087848B148781A
:1055800038B1887828B1C87818B1087908B1487955
:1055900008B90020E9E7521C032AE9D30120E4E717
:1055A0002DE9FE4F04460F46904699464FF0000AFB
:1055B00043463AA13846D9F80020FFF721FB40487E
:1055C0002044808C3E492144498CCDE900103C4860
:1055D0002044C3683A4820443AA142683846FFF75D
:1055E0000FFB3748204403693548204444A18268B2
:1055F0003846FFF705FB00264CE0701C85B205EB32
:10560000051000EB40004CF20C41214401EBC000BE
:10561000406B009005EB051000EB40004CF20C4194
:10562000214401EBC0002A4641A1436A3846FFF7F6
:10563000E7FA05EB051000EB40004CF20C41214469
:1056400001EBC000006B05EB051101EB41014CF2D1
:105650000C42224402EBC101C98D05EB051202EB9D
:1056600042024CF20C43234403EBC202126ACDE91E
:105670000021029005EB051000EB40004CF20C41BC
:10568000214401EBC000838B2A4635A13846FFF741
:10569000B7FA761C032EB0D3BDE8FE8F5B534F459F
:1056A0004D5D20494F6D61702073697A653D2564B9
:1056B000206275666665723D25750D0A0000000062
:1056C000D00202005B534F454D5D2067726F7570CD
:1056D00030204F62797465733D256C75204962797D
:1056E0007465733D256C75206F7574574B433D256C
:1056F0007520696E574B433D25750D0A000000006B
:105700005B534F454D5D2067726F757030206F752C
:1057100074707574733D30782530386C5820696E1C
:10572000707574733D30782530386C580D0A000060
:105730005B534F454D5D20736C6176652575206F19
:105740007574707574733D30782530386C582069E5
:105750006E707574733D30782530386C580D0A00C2
:105760005B534F454D5D20736C6176652575204F09
:10577000626974733D256C75204F62797465733D61
:10578000256C752049626974733D256C75204962EA
:10579000797465733D256C750D0A00002DE9F84399
:1057A00006460F46904623488059032809DA2148C7
:1057B0008259032320A13846FFF722FA0120BDE8D1
:1057C000F883012416E004EB041000EB40004CF2D7
:1057D0000C41314401EBC00090F8D20000F004000D
:1057E00030B9224620A13846FFF70AFA0220E6E740
:1057F000601C84B2032CE6D93846FFF723FA002553
:1058000013E0681C84B2224622A13846FFF7F8F95B
:1058100030A0009040F20530684308EB8002234638
:105820003946304600F05AFB6D1C032DE9D30020A9
:10583000C5E70000CC0202005B534F454D5D205090
:10584000444F2061737369676E20736B69703A20EF
:10585000736C617665636F756E743D2564206E654B
:1058600065643D25750D0A005B534F454D5D205025
:10587000444F2061737369676E20736B69703A20BF
:10588000736C6176652575206E6F20436F450D0A38
:10589000000000005B534F454D5D2050444F206198
:1058A000737369676E6D656E74206265666F72658D
:1058B000206578706C6963697420504F32534F20B3
:1058C000636F6E66696720736C61766525750D0A76
:1058D000000000006265666F726520504F32534FC2
:1058E000000000002DE9F04104460F46164624B1A1
:1058F0001EB11448005903280CDA14B1114800599C
:1059000000E00020024603230FA13846FFF778F994
:10591000BDE8F081012511E005EB051000EB40002A
:105920004CF20C41214401EBC000C0F810612A4642
:1059300014A13846FFF764F9681C85B2032DEBD932
:1059400000BFE5E7CC0202005B534F454D5D2050A0
:105950004F32534F2063616C6C6261636B207265E0
:10596000676973746572204641494C20736C617697
:1059700065636F756E743D2564206E6565643D25B5
:10598000750D0A005B534F454D5D206578706C695D
:1059900063697420504F32534F2050444F2063614D
:1059A0006C6C6261636B20726567697374657265A4
:1059B0006420736C61766525750D0A0070B5054627
:1059C000002407E040F20531614305EB810000F05F
:1059D0002DFD641C032CF5D370BD70B50546002465
:1059E00007E040F20531614305EB810000F026FD40
:1059F000641C032CF5D370BD0146072911D2DFE8E2
:105A000001F0110406080A0C0E0007A070470EA052
:105A1000FCE714A0FAE718A0F8E71CA0F6E724A01A
:105A2000F4E700BF2AA0F1E750444F206173736987
:105A3000676E6D656E7420736C617665206D697339
:105A400073696E670000000050444F2061737369F2
:105A5000676E6D656E74207265717569726573200D
:105A6000436F4500494F6D617020736C617665200E
:105A70006D697373696E6700494F6D61702063686B
:105A800065636B206661696C656400006379636CB3
:105A90006963206D61696C626F78207072657265F0
:105AA0007175697369746573206661696C656400FA
:105AB0006379636C6963206D61696C626F782065DE
:105AC0006E61626C65206661696C6564000000004F
:105AD00050444F20636F6E66696775726174696FB9
:105AE0006E206661696C6564000000002DE9FC5F52
:105AF0000546894616469A460C9F00200190484666
:105B0000FFF7A0F8002235A14846FFF779F83E4894
:105B100050F805B0012141513046FFF75EFF3A4889
:105B200043595A4639494846FFF76AF80022514618
:105B3000284610F081FC3860334840F805B04259DF
:105B400033A14846FFF75CF8002442E0601C1FFACE
:105B500080F840F20530604306EB800090F8100CAE
:105B600048B140F20530604306EB800090F8110C1C
:105B700008B1012100E0002104EB4402781D00F887
:105B8000121004EB440110F8110008B12DA000E040
:105B90002EA0009040F20530604306EB800090F8A4
:105BA000103C42462BA14846FFF72AF839A0009046
:105BB00040F20530604306EB8002434649462846E2
:105BC00000F08CF904EB4402791D01EB42014870AE
:105BD000641C032CBAD3BDE8FC9F00005B534F4507
:105BE0004D5D20636F6E666967206D61702067721E
:105BF0006F75702073746172742067726F75703D79
:105C000025750D0A000000007CE8020060EE010826
:105C10005B534F454D5D20636F6E666967206D6114
:105C200070206D616E75616C2073746174652063A2
:105C300068616E676520726573746F7265643D2577
:105C4000640D0A0050415353000000004641494C86
:105C5000000000005B534F454D5D20736C6176651D
:105C60002575206578706C6963697420504F3253D4
:105C70004F2063616C6C6261636B20617474656D4D
:105C8000707465643D257520726573756C743D256F
:105C9000730D0A00616674657220504F32534F2FA6
:105CA0006D617000F0B50D46059C00B9F0BDB0F80F
:105CB0000466802E12D2B0F8046606EB460600EBAE
:105CC00086010C60D0F800664E600D818A72CB723E
:105CD000B0F80466761CA0F8046602E0002680F89E
:105CE0000666E7B2D0F800663E44C0F8006600BF22
:105CF000DCE700002DE9FC470646894690461D4634
:105D0000DDE90AA7012085F8100C002085F8110CA8
:105D10003EB14E4505D1574503D134488059B8426C
:105D200007DA3A4632A14046FEF76AFF0020BDE896
:105D3000FC8707EB071000EB40004CF20C413144AC
:105D400001EBC0044046FEF77DFF2088E168CDE905
:105D500000103A4632494046A368FEF751FF2078CA
:105D600000F00F00022808D1207800F0100020B9C0
:105D700094F8D20000F0040028B92AA14046FEF7AA
:105D80003FFF0020D3E73A464146304600F0A4FCEE
:105D900040B1012085F8110C31494046FEF730FF33
:105DA0000120C4E72F494046FEF72AFF3A46414604
:105DB000304600F049FB68B93A464146304600F0AB
:105DC00073F8002085F8110C27A14046FEF718FF54
:105DD0000020ACE7012085F8110C2A231622314956
:105DE0004046FEF70DFF0120A1E70000CC020200B3
:105DF0005B534F454D5D20504F32534F20696E76B7
:105E0000616C696420636F6E746578742F736C6164
:105E100076653D2575204641494C0D0A000000007D
:105E200038ED01085B534F454D5D20504F32534FC5
:105E3000207265717569726573205052452D4F50FF
:105E400020776974686F7574206572726F72206153
:105E50006E6420436F45204641494C0D0A00000006
:105E6000F4EC010890ED01085B534F454D5D205067
:105E70004F32534F206578706C69636974205044C9
:105E80004F204641494C2C2061737369676E6D65E4
:105E90006E7473206C6566742064697361626C65EE
:105EA000640D0A0018EE01087CB504460D4616463E
:105EB0000020009041F612433246294601902046C8
:105EC00004F0AAFA0020009041F613433246294616
:105ED0000190204604F0A0FA7CBD00002DE9FF47A8
:105EE00081460D4614461E460C9F4FF4C161204664
:105EF000FAF76FFE4FF4C16104F5C160FAF769FE6D
:105F0000012084F80606012184F80E1C0FB13846E2
:105F100000E027A00346324627A12846FEF770FE80
:105F200030A041F6124332462946CDE900044846E6
:105F300000F0A0F804F5C1602CA141F613433246ED
:105F4000CDE900102946484600F094F894F806067A
:105F500068B194F80E0C50B1D4F80006B02806D100
:105F6000D4F8080CB0F5A87F01D1012000E0002092
:105F70008046B8F1000F01D01EA100E01FA14FF430
:105F8000A872B023D4F8080CCDE90030CDE9022185
:105F9000D4F800360FB1384600E005A00246194992
:105FA0002846FEF72DFE404604B0BDE8F08700000D
:105FB000756E6B6E6F776E005B534F454D5D205075
:105FC000444F206361636865206C6F616420736C6B
:105FD00061766525752073746167653D25730D0ACB
:105FE00000000000527850444F00000054785044A4
:105FF0004F00000050415353000000004641494CFF
:1060000000000000D4ED01082DE9FF4707460D46CA
:1060100016461C464FF6FF7000EA1448C4F30729E1
:1060200004F0FF0A33462A4603A138468DE81007DC
:10603000FEF7E6FDBDE8FF875B534F454D5D205001
:10604000444F203078253034583A25303258206D6E
:1060500061703D30782530386C58202D3E203078E6
:10606000253034583A25303258202575206269741D
:106070000D0A00002DE9F04F85B081460F4692468B
:106080009B46DDE90E840020049004A800215B46B5
:106090005246CDE900103946484604F0BDFA60B9D1
:1060A0005B4642462DA13846FEF7AAFD14B10020FA
:1060B00084F8060605B0BDE8F08F9DF810005B4639
:1060C000424631A100903846FEF79AFD9DF81060D7
:1060D000202E0DD9202000909DF81030424633A18B
:1060E0003846FEF78DFD202614B1002084F8060600
:1060F00001252FE003A85B4652463946CDE9005002
:10610000484604F0D1F958B95B46424632A13846B8
:106110000095FEF775FD14B1002084F8060617E01F
:10612000BDF80C005B46424638A1CDE90050384628
:10613000FEF766FDBDF80C0048B1CDE9008502947C
:10614000BDF80C3052463946484600F075F800BF9D
:10615000681CC5B2B542CDDD00BFABE75B534F4510
:106160004D5D2025732061737369676E203078253B
:10617000303458207265616420636F756E742046F8
:1061800041494C0D0A0000005B534F454D5D2025F1
:10619000732061737369676E20307825303458201E
:1061A000636F756E743D25750D0A00005B534F4596
:1061B0004D5D2025732061737369676E20636F7571
:1061C0006E7420636170706564202575202D3E20FB
:1061D00025750D0A000000005B534F454D5D2025DD
:1061E000732061737369676E203078253034583AB4
:1061F0002530325820726561642050444F20696E0A
:10620000646578204641494C0D0A00005B534F45B8
:106210004D5D2025732061737369676E203078258A
:106220003034583A253032582050444F3D3078258C
:106230003034580D0A0000002DE9FF4F85B0894623
:106240001E46DDE913A400200490804604A8002126
:106250003346CDE900104946079A059804F0DCF969
:1062600068B95346009631A14846129AFEF7C8FC19
:1062700014B1002084F8060609B0BDE8F08F9DF83F
:1062800010005346CDE9006036A14846129AFEF749
:10629000B7FC9DF81070402F0DD9402000909DF85C
:1062A000103032463CA14846FEF7AAFC402714B104
:1062B000002084F80606012529E003A83346CDE92D
:1062C00000504946079A059804F04AF950B92B4600
:1062D00032463EA14846FEF793FC14B1002084F8F4
:1062E000060612E0039800F0FF0B03982B46524677
:1062F000314600902046FFF7D5FCD8442A46314667
:106300004846039BFFF780FE00BF681CC5B2BD4234
:10631000D3DD08F10700C0084346324636A100909D
:106320004846FEF76DFC00BFA6E700005B534F45F3
:106330004D5D2025732061737369676E257520504C
:10634000444F203078253034582072656164206DC8
:10635000617070696E6720636F756E742046414985
:106360004C0D0A005B534F454D5D20257320617332
:106370007369676E25752050444F2030782530347E
:1063800058206D617070696E675F636F756E743DE4
:1063900025750D0A000000005B534F454D5D2050F0
:1063A000444F20307825303458206D617070696E0C
:1063B0006720636F756E742063617070656420255B
:1063C00075202D3E2025750D0A0000005B534F45BA
:1063D0004D5D2050444F203078253034583A2530D8
:1063E0003258206D617070696E6720656E747279C5
:1063F000204641494C0D0A005B534F454D5D2050EE
:10640000444F2030782530345820746F74616C5FAD
:10641000626974733D256C7520746F74616C5F6282
:10642000797465733D256C750D0A000010B504463E
:1064300040F614412046FAF7CCFB10BD002180F84D
:10644000101C80F8111C70472DE9FC4105460E46D2
:1064500017460020009041F612433A46314601901B
:10646000284603F0D9FF10B90020BDE8FC810020C8
:10647000009041F613433A4631460190284603F016
:10648000CBFF08B90020F0E700240DE004EB440046
:10649000174901EB80033A463146284600F0DAF905
:1064A00008B90020E1E7641C042CEFD30220114955
:1064B00041F612433A46CDE900103146284600F035
:1064C0008DF908B90020D0E702200B4941F61343AB
:1064D0003A46CDE900103146284600F07FF908B968
:1064E0000020C2E73A463146284600F0F5F8BCE7FE
:1064F0008CE70108BCE70108C0E701082DE9FF4768
:1065000081460F4692469846DDE90C6506B11DB9F5
:10651000002004B0BDE8F08703A80021434652469E
:10652000CDE900103946484603F094FE08B9002032
:10653000EFE79DF80C00A84209D000959DF80C30BB
:10654000424618A13846FEF75BFB0020E1E7002435
:1065500023E002A9601CC0B243465246CDE90001C7
:106560003946484603F0CAFD08B90020D1E736F89D
:106570001400BDF8081088420DD036F81400BDF89C
:106580000810631C4246CDE9001016493846FEF754
:1065900037FB0020BDE7601CC4B2AC42D9DB012050
:1065A000B7E700005B534F454D5D20504F32534FCE
:1065B000207665726966792061737369676E203031
:1065C000782530345820636F756E743D25752065CD
:1065D000787065637465643D2575204641494C0DAE
:1065E0000A0000005CEC01082DE9FF4107460E4659
:1065F00090461C461CB1606808B1207A18B900208A
:1066000004B0BDE8F08103A80021CDE90010238883
:1066100042463146384603F01DFE08B90020EFE738
:10662000207A9DF80C1088420AD0207A00902288A7
:106630009DF80C3018A13046FEF7E2FA0020DFE7A3
:10664000002523E002A9681CC0B2CDE9000123881F
:1066500042463146384603F0A7FD08B90020CFE78F
:10666000606850F82500029988420DD0606850F8A3
:1066700025000299CDE9001022886B1C154930468F
:10668000FEF7BEFA0020BBE7681CC5B2207AA8421C
:10669000D8DC0120B4E700005B534F454D5D20502E
:1066A0004F32534F207665726966792050444F20EF
:1066B00030782530345820636F756E743D25752011
:1066C00065787065637465643D2575204641494C65
:1066D0000D0A0000A8EC01082DE9FC5F82468946FE
:1066E00093460027B84602202C4941F612435A46E9
:1066F000CDE9001049465046FFF700FF10B90020D1
:10670000BDE8FC9F0220264941F613435A46CDE9D5
:10671000001049465046FFF7F1FE08B90020EFE7A8
:10672000002526E005EB45001E4901EB80042346C9
:106730005A4649465046FFF757FF08B90020DFE7A1
:10674000002612E02088B0F5B05F04D0208841F226
:106750001061884204D1606810F82600074403E005
:10676000606810F826008044761C207AB042E9D890
:106770006D1C042DD6D3B02F02D1B8F5A87F0BD055
:106780004FF4A870B0233A4607A1CDE900804846EF
:10679000FEF736FA0020B3E70120B1E7BCE70108B5
:1067A000C0E701088CE701085B534F454D5D205061
:1067B0004F32534F2076657269667920626974732F
:1067C0002052783D256C752F25752054783D256C19
:1067D000752F2575204641494C0D0A002DE9FC47CF
:1067E0000746884691469A46DDE90A6506B115B91D
:1067F0000020BDE8FC870020009053464A464146F1
:106800000190384603F008FE08B90020F1E70024A3
:1068100010E036F81400611CC9B253464A46CDE96F
:1068200000104146384603F065FD08B90020E0E756
:10683000601CC4B2AC42ECDB002053464A464146E1
:10684000CDE90005384603F0E7FD08B90020D0E7A0
:106850000120CEE72DE9FC4107460E4690461C4636
:106860001CB1606808B1207A10B90020BDE8FC8135
:10687000237A22881AA13046FEF7C2F90020009040
:106880000190238842463146384603F0C5FD08B9D9
:106890000020EBE7002511E0606850F82500691C36
:1068A000C9B2CDE90010238842463146384603F08C
:1068B00069FD08B90020D9E7681CC5B2207AA84252
:1068C000EADC207A0021CDE90010238842463146D7
:1068D000384603F0A1FD08B90020C7E70120C5E74D
:1068E0005B534F454D5D20504F32534F20636F6EC9
:1068F0006669677572652050444F203078253034C2
:106900005820656E74726965733D25750D0A000027
:106910007FB505460C4810F0ABFA04460220002172
:106920000091CDE90205019140F2F72014FB00F03F
:10693000054A02EB400123460722034814F0A4F85D
:10694000204604B070BD0000682600242DE9FF41F8
:106950000446204600F032FE054640F2F720604330
:10696000424901EB4000067C40F2F720604301EB16
:106970004000477C3E48CDE9006750F8243022466D
:106980003CA14848FEF73CF948F6A400854201D1F5
:1069900045A000E046A003462A4647A14148FEF72D
:1069A0002FF940F2F7206043304901EB4000407975
:1069B00040F2F72161432D4A02EB4101097940F28F
:1069C000F7226243294B03EB4202D27840F2F723CD
:1069D0006343DFF898C00CEB43039B78CDE90032AA
:1069E000CDE9021040F2F7206043614601EB400020
:1069F000437840F2F720604311F8102036A129486F
:106A0000FEF7FEF840F2F7206043184901EB400022
:106A1000C07A40F2F7216143144A02EB4101897ABE
:106A200040F2F7226243114B03EB4202527A40F2EA
:106A3000F7236343DFF834C00CEB43031B7ACDE943
:106A40000032CDE9021040F2F7206043614601EBCD
:106A50004000C37940F2F720604301EB40008279A7
:106A600029A11048FEF7CCF8BDE8FF816826002474
:106A7000488500245B534F454D5D206964783D2572
:106A8000752074785F6C656E3D256420636D643D90
:106A90003078253032582074785F6964783D2575E8
:106AA0000D0A000000110324504153530000000060
:106AB0004641494C000000005B534F454D5D206549
:106AC00074686572747970653D307825303458206B
:106AD00025730D0A000000005B534F454D5D207487
:106AE00078206473743D253032583A253032583A54
:106AF000253032583A253032583A253032583A2526
:106B00003032580D0A0000005B534F454D5D207434
:106B100078207372633D253032583A253032583A26
:106B2000253032583A253032583A253032583A25F5
:106B30003032580D0A00000010B50446601C20B920
:106B400009A11048FEF75CF80CE0002C05DC224699
:106B50000DA10C48FEF754F804E0224612A10948A2
:106B6000FEF74EF810BD00005B534F454D5D20749D
:106B7000696D656F7574206E6F6672616D650D0A63
:106B800000000000001103245B534F454D5D206E53
:106B90006F6E5F706F73697469766520574B433D04
:106BA00025640D0A000000005B534F454D5D2057E2
:106BB0004B433D256420504153530D0A0000000013
:106BC00010B5254890F888080E283FD2DFE800F07D
:106BD00040071D202326292C2F3235383F3B0BF050
:106BE000F5F838B91D4A00231D49A1F50270FDF7DB
:106BF0004FFE2EE01A48FEF725F81AA11848FDF7B7
:106C0000FFFF012004F012F823E003F0B7FF20E0BB
:106C100003F020FF1DE003F09FFD1AE000F0FAFBF7
:106C200017E000F0EDF914E003F0CEFE11E003F000
:106C3000E5FE0EE003F088FF0BE003F06DFE08E0D8
:106C400003F084FE05E0FDF76DFB02E000BF00BF2E
:106C500000BF00BF10BD00006806032440420F00C3
:106C6000001103245B534F454D5D20504859206C63
:106C7000696E6B2075702C20737461727420534F91
:106C8000454D20696E69740D0A0000002DE9F04F32
:106C90008DB0B64D002008900CF04BFF099072B6F5
:106CA0002E78B3480068401CB1490860022E04D118
:106CB000B0480068401CAF490860AF4890F88808A9
:106CC0000B282ED1AC4890F8580B50B3AA4890F836
:106CD000590B30B3A84890F85A0B10BB012E01D0C5
:106CE000022E1ED100BF00BF00BFBFF35F8F00BFE9
:106CF00000BF00BF6F88B5F8048095F80690E8687B
:106D00000A90D5F807000B900320287001219A48BB
:106D100080F85A1B99480068401C98490860012077
:106D20000890099800B962B6089810B90DB0BDE88E
:106D3000F08F93480660934807609348C0F800803E
:106D40009248C0F8009092490A9808608A48D0F8A2
:106D50005C0B904908609048B0F9100F0590002036
:106D60008E4908608E49059808608E49059808602C
:106D70008D48B0F902008D49086000208C490860F8
:106D80008C4908608C4908608C4908608C4908600F
:106D90008C4908608C4908608C49086000BF00BFBE
:106DA00000BFBFF35F8F00BF00BF00BF884800680F
:106DB000401C87490860FCF78BFF06904FF0000AE3
:106DC0000A9800281BDD0A98042818DC012E0BD134
:106DD0000AA80BA94B464246CDE9001039467D482A
:106DE00003F050F882460AE00BA90A984B46424647
:106DF000CDE900103946774803F072F88246FCF777
:106E000067FF0699401A7449086061490A9808604A
:106E10007248C0F800A05848D0F85C0B7049086070
:106E20005D48B0F9100F04906E4890F8F80C5B497B
:106E300008605C49049808605B48B0F902005B494F
:106E40000860BAF1000F59DCDDF814B0002003909F
:106E50004EE05548083000EB4B14012055490860BE
:106E600053480068401C524908605348006868B1A4
:106E7000E07D10B1E07D03281DD1608AB8421AD1AF
:106E8000A08A404517D1A07D484514D1E07D4B49EB
:106E90000860608A4A490860A08A4A490860A07D63
:106EA00049490860E07D18B94849A069086002E0D6
:106EB000208B46490860E07D10B1E07D03280BD1AE
:106EC000608AB84208D1A08A404505D1A07D4845D6
:106ED00002D10120384908600BF101000FFA80FB54
:106EE000BBF1400F01DD4FF0000B0398401C0390F5
:106EF0000498834502D003984028AAD900BF00BF58
:106F000000BFBFF35F8F00BF00BF00BF36480068FF
:106F1000401C354908600CF00CFE099072B6012E39
:106F200005D1BAF1000F02DD0B98C5F807000A98E9
:106F3000E860C5F810A000BF00BF00BFBFF35F8FBF
:106F400000BF00BF00BF0420287000BF00BF00BF0B
:106F5000BFF35F8F00BF00BF00BF0021064880F86D
:106F60005A1B099800B962B600BFDFE60412032479
:106F7000380000243C00002468060324400000245C
:106F800044000024480000244C0000245000002449
:106F9000540000246000002468360224700000249D
:106FA0007400002478000024784502247C0000242A
:106FB0008000002484000024880000248C00002429
:106FC0009000002494000024980000249C000024D9
:106FD0006800002468260024580000245C00002477
:106FE00064000024682602246C00002410B50349C4
:106FF000A1F1CC0002F0A0F910BD0000CC110324D7
:1070000070B52A48D0F8CC0203280BDA27480323AE
:1070100027A1D0F8CC223248FDF7F2FD31A0FDF7D0
:107020008BFC70BD012416E004EB041000EB400063
:10703000324901EBC00090F8D20000F0040040B9E2
:1070400022462FA12648FDF7DBFD36A0FDF774FC94
:10705000E7E7601C84B2032CE6D901241FE0204836
:10706000FDF7F0FD224636A11D48FDF7C9FD04EBF2
:10707000041000EB4000214901EBC00221461848F2
:10708000FDF7FEFA224637A11548FDF7B9FD204667
:1070900000F07AF8204600F0ADF8601C84B2032CB2
:1070A000DDD9062003F0C2FD00BFBAE7682602243E
:1070B0005B534F454D5D2062617369632053444FBC
:1070C00020736B69703A20736C617665636F756EBF
:1070D000743D2564206E6565643D25750D0A0000CC
:1070E0000011032462617369632053444F20736C61
:1070F000617665206D697373696E670074EA0024B8
:107100005B534F454D5D20736C617665257520435B
:107110006F4520737570706F7274204641494C0D35
:107120000A0000006D616E6167656420736C6176B2
:107130006520686173206E6F20436F45000000007A
:107140005B534F454D5D2062617369632053444F2B
:1071500020737461727420736C61766525750D0AF5
:10716000000000005B534F454D5D20736C617665F8
:10717000257520436F4520737570706F72742050B1
:107180004153530D0A0000003EB504460020029012
:1071900002A800214FF480532246CDE90010064991
:1071A000064803F0DDF928B1224605A10248029BFA
:1071B000FDF726FD3EBD00000011032468260024D3
:1071C0005B534F454D5D20736C617665257520538B
:1071D000444F203078313030303A3030206465769A
:1071E0006963655F747970653D30782530386C5817
:1071F0000D0A000030B587B00446002006900590C7
:1072000004900390029006A8002141F21803224640
:10721000CDE900103849394803F0FEF930B19DF846
:107220001830224636A13448FDF7EAFC05A80121B2
:1072300041F218032246CDE900102F492F4803F0F0
:107240008FF970B104EB041000EB4000374901EBFB
:10725000C00080680090224635A12748059BFDF7B5
:10726000CFFC04A8022141F218032246CDE9001008
:107270002149224803F074F970B104EB041000EBCB
:1072800040002A4901EBC000C0680090224637A1A7
:107290001948049BFDF7B4FC03A8032141F218032D
:1072A0002246CDE900101449144803F059F970B191
:1072B00004EB041000EB40001C4901EBC000006926
:1072C0000090224638A10C48039BFDF799FC02A8C8
:1072D000042141F218032246CDE90010064907486F
:1072E00003F03EF928B122463EA10348029BFDF778
:1072F00087FC07B030BD000000110324682600247D
:107300005B534F454D5D20736C6176652575205349
:10731000444F203078313031383A303020656E7447
:10732000726965733D25750D0A00000074EA00243A
:107330005B534F454D5D20736C6176652575205319
:10734000444F203078313031383A30312076656E14
:10735000646F723D30782530386C58206565703D1B
:1073600030782530386C580D0A0000005B534F45CB
:107370004D5D20736C61766525752053444F203038
:1073800078313031383A30322070726F64756374FE
:107390003D30782530386C58206565703D30782553
:1073A00030386C580D0A00005B534F454D5D20731B
:1073B0006C61766525752053444F2030783130312B
:1073C000383A3033207265766973696F6E3D307874
:1073D0002530386C58206565703D30782530386C24
:1073E000580D0A005B534F454D5D20736C61766507
:1073F00025752053444F203078313031383A3034BD
:107400002073657269616C3D30782530386C580D99
:107410000A00000070B52748D0F8CC02002807DC2D
:1074200025A12D48FDF7ECFB2CA0FDF785FA70BDDA
:107430002948FDF707FC2EA12748FDF7E1FB264967
:10744000354802F0D7F802213448A0F80C14002186
:10745000314814F05FF905462A4631A11E48FDF770
:10746000CFFB394B022200212B4813F0A1FF044629
:10747000022C01D135A000E036A00346224637A1F8
:107480001548FDF7BDFB40A11348FDF7B9FB1249B4
:10749000214802F0AFF810491F4800F083FB18B1F3
:1074A000052003F0C3FB02E040A0FDF745FA00BF52
:1074B000BDE70000682602245B534F454D5D205018
:1074C00052452D4F5020736B69703A206E6F2073B8
:1074D0006C6176650D0A0000001103245052452DA1
:1074E0004F5020686173206E6F20736C6176650069
:1074F0005B534F454D5D2073746174652062656612
:107500006F7265205052452D4F5020726571756520
:1075100073740D0A000000006826002468E6002449
:107520005B534F454D5D20726571756573742050D6
:1075300052452D4F502077726974655F7265743DB6
:1075400025640D0A0000000080841E005041535342
:10755000000000004641494C000000005B534F45CD
:107560004D5D207374617465636865636B20505270
:10757000452D4F50207265743D30782530345820A9
:1075800025730D0A000000005B534F454D5D2073CD
:1075900074617465206166746572205052452D4F88
:1075A0005020726571756573740D0A005052452D37
:1075B0004F50206661696C6564000000014640F22E
:1075C000F7204843064A02EB4000427B40F2F72096
:1075D0004843034B03EB4000007B42EA0020704726
:1075E0006826002410B5024802F07AF910BD0000A8
:1075F000CC11032410B500210120FCF7D3FE10BDEF
:107600002DE9FE4F804600200290C82342461FA16C
:107610002448FDF7F5FA02A8FFF77AF983465846A1
:10762000FFF794F95946204811F04AFF8146B9F115
:10763000000F01DD1DA000E01EA003464A461FA169
:107640001848FDF7DDFAFCF743FB06460F464FF4FA
:10765000FA625946144813F01FFF8246FCF738FBC4
:10766000841B61EB070552461CA10E48CDE900457D
:10767000FDF7C6FA5046FFF75FFA002259460A485E
:1076800013F0EAF95046BDE8FE8F00005B534F450A
:107690004D5D2070726F626520256C752F25750D0C
:1076A0000A000000001103246826002450415353AF
:1076B000000000004641494C000000005B534F456C
:1076C0004D5D206563785F6F75746672616D6520CE
:1076D0007265743D25642025730D0A005B534F4588
:1076E0004D5D2077616974207265743D2564206565
:1076F0006C61707365645F75733D256C6C750D0A04
:10770000000000002DE9F04F8BB0054688469146F9
:107710001C464FF0010B0CB1002020701DB1204819
:107720004059032803DA00200BB0BDE8F08F002792
:1077300031E0781C1FFA80FA0AEB0A1000EB4000D7
:107740004CF20C41294401EBC006706B10B1306B58
:107750002A2801D00020E7E72A226846716BF9F752
:1077600055F94CB1BDF800009DF81510084300F024
:10777000080008B101202070BDF8000000EA0800F0
:10778000484505D1BDF8150000EA0800484501D07C
:107790004FF0000B7F1C032FCBD35846C4E70000EB
:1077A000CC0202002DE9FF4F93B082460E4691466F
:1077B00023226F215046169BFFF7A4FF18B9002023
:1077C00017B0BDE8F08F00200190B9E00198401C8F
:1077D0001FFA80FB0BEB0B1000EB40004CF20C414E
:1077E000514401EBC000406A58B10BEB0B1000EBA9
:1077F00040004CF20C41514401EBC000006A1628D5
:1078000001D00020DCE70BEB0B1000EB40004CF24A
:107810000C42524402EBC0001622416A0DA8F9F74F
:10782000F5F80BEB0B1000EB40004CF20C4252440D
:1078300002EBC0002A22416B02A8F9F7E7F8BDF875
:107840003400072825D1BDF83F00072821D19DF835
:10785000360008281DD19DF84100082819D19DF84F
:107860001600082815D19DF82B00082811D1BDF865
:10787000140070B9BDF8290058B9BDF83B0040B9F3
:10788000BDF8460028B9BDF83D0010B9BDF8480064
:1078900008B1002094E7DDF83710CA1703980F1AD3
:1078A00062EBE078049C4FEAE4754FF00000F11BB6
:1078B00070EB080015DB0020714260EB0000791AC4
:1078C00078EB00000DDB0020B9EB0401A84108DBD8
:1078D0000020D9F1000160EB0000611A75EB000097
:1078E00001DA00206CE7DDF84200C217DDF8211054
:1078F000471A62EBE178DDF825404FEAE4754FF076
:107900000000F11B70EB080015DB0020714260EBFA
:107910000000791A78EB00000DDB0020B9EB0401C0
:10792000A84108DB0020D9F1000160EB0000611ADA
:1079300075EB000001DA002042E70198401C01903D
:1079400001980328FFF442AF012039E70FB4F8B5DE
:1079500004462CB1079818B12068B0F5C07F03D356
:107960000020F8BC5DF814FB2068C0F5C07608A8BC
:1079700000900B4A216888183146009B079AF8F757
:1079800049FE054600200090002D01DBB54201D3E1
:107990000020E6E72068284420600120E1E700009D
:1079A000683703242DE9F04F85B004460D4617468D
:1079B0009846DDF83C904FF0000B002003900290B9
:1079C000002600900CF0B8F8019072B694F800A070
:1079D000BAF1000F22D16780A4F804800020A071C2
:1079E000022D03D10E98C4F8070002E00020C4F86D
:1079F00007000420E0600020206100BF00BF00BF3E
:107A0000BFF35F8F00BF00BF00BF2570022D1ED1E6
:107A10002B480068401C2A49086018E0BAF1040F9E
:107A200015D100BF00BF00BFBFF35F8F00BF00BF15
:107A300000BF60880390A088029094F806B0E668C2
:107A400020690090D4F8070004900020207001986D
:107A500000B962B6BAF1040F03D0002005B0BDE84A
:107A6000F08F0398B84208D10298404505D1BBF188
:107A7000000F02D10098002801DC0220EEE7012D62
:107A800011D1002E01DD042E01DD0220E6E7B9F15F
:107A9000000F12D00020C9F80000324604A9484661
:107AA000F9F73BF809E0042E05D104220EA904A839
:107AB000F8F780FF08B10220D0E70120CEE70000F0
:107AC000A00000242DE9F05F06460C46344880599A
:107AD000032802DA0020BDE8F09F002520E0681CA2
:107AE00087B207EB071000EB40004CF20C41314429
:107AF00001EBC000D0F834A007EB071000EB40000A
:107B00004CF20C41314401EBC000D0F830B0BAF176
:107B1000000F02D0BBF12A0F01D20020DBE76D1C61
:107B2000032DDCD3A06D00F1010909F00108002547
:107B30001BE0681C87B2C8EB881304F1600202EBFB
:107B40004302C5EBC50303EB430302EB430007EB22
:107B5000071202EB42024CF20C43334403EBC20225
:107B6000516B2A22F8F752FF6D1C032DE1D32069D7
:107B7000401C206104F15000216940F82810217D4B
:107B8000C01E00F8081000BF00BF00BFBFF35F8F2A
:107B900000BF00BF00BFC4F8589001209BE7000061
:107BA000CC0202002DE9FC4104460F4600260125C7
:107BB00030E005EB051000EB40004CF20C41214495
:107BC00031F83000022824D0761C05EB051000EBBC
:107BD00040004CF20C41214401EBC000808805EBD1
:107BE000051101EB41014CF20C42224402EBC101B0
:107BF0004988CDE9001005EB051000EB40004CF280
:107C00000C41214431F830302A460E493846FCF701
:107C1000F7FF6D1C0C480059A842CADA46B90A4859
:107C200002590AA13846FCF7EBFF0120BDE8FC81B0
:107C30000548035932460EA13846FCF7E1FF002003
:107C4000F4E7000048F00108CC0202005B534F4506
:107C50004D5D205052452D4F5020504153532061CF
:107C60006C6C20736C617665733D25640D0A0000B1
:107C70005B534F454D5D205052452D4F502046419E
:107C8000494C20636F756E743D25642F25640D0A81
:107C9000000000002DE9F8430646894614461D46BB
:107CA00015B90020BDE8F8832A212846F8F76FFFB0
:107CB00004EB041000EB40004CF20C41314401EBAA
:107CC000C000D0F8348004EB041000EB40004CF20C
:107CD0000C41314401EBC000076BB8F1000F06D135
:107CE00022460FA14846FCF78BFF0020DAE72A2F37
:107CF00009D22A203B46224615A100904846FCF7AF
:107D00007FFF0020CEE72A2241462846F8F77EFE74
:107D10002A4621464846FCF723FD0120C2E7000021
:107D20005B534F454D5D20547850444F206465634C
:107D30006F646520736B69703A20736C617665259A
:107D40006420696E70757473204E554C4C0D0A009A
:107D50005B534F454D5D20547850444F206465631C
:107D60006F646520736B69703A20736C617665256A
:107D700075206C656E3D256C75206E6565643D25CE
:107D8000750D0A0070B506460C460025207D0F28AB
:107D900056D2DFE800F014151A205054262C323841
:107DA0003E4A44080E002146304600F081FA05465E
:107DB00047E02146304600F084FA054641E040E0C5
:107DC0002146304601F060F83BE02146304601F0A4
:107DD000AAF8054635E02146304600F049FE054642
:107DE0002FE02146304601F0C2F8054629E0214641
:107DF000304600F094FE054623E02146304601F06F
:107E0000DAF805461DE02146304601F05CF80546EB
:107E100017E02146304600F064FD054611E021469A
:107E2000304600F0BCFE05460BE02146304600F02F
:107E300049FE054605E0204600F06EFE01E000E048
:107E400000BF00BF0DB1284670BD207D052802D1BE
:107E5000304600F03FFD0020F6E700002DE9F0413C
:107E600005460E46174612484059032809DA1048BD
:107E7000425903230FA13046FCF7C2FE0120BDE8A2
:107E8000F0813146284601F02DFE04460CB1204613
:107E9000F5E73A463146284600F0F6F804460CB1BC
:107EA0002046ECE70FA13046FCF7AAFE0020E6E7EB
:107EB000CC0202005B534F454D5D20534146452D9A
:107EC0004F5020736B69703A20736C617665636FF5
:107ED000756E743D2564206E6565643D25750D0ADB
:107EE000000000005B534F454D5D20534146452D3A
:107EF0004F502070726F63657373646174612064A6
:107F00006F6E650D0A0000002DE9FE4306460F4620
:107F1000144601AB02AA3046216800F08FF8804673
:107F2000B8F1010F0CD10A200AF036FD234882591E
:107F3000032323A13846FCF763FE0720BDE8FE8338
:107F4000B8F1000F30D100206060A068401CA06034
:107F5000A0680AF01FFBE068401CE060257D214618
:107F60003046FFF70FFF08B10720E7E70D2D06D1D8
:107F7000207D0E2803D11FA13846FCF741FE0E2DAF
:107F800006D1207D012803D123A13846FCF738FE15
:107F9000E068B0F57A7F05D30020E06021463046E6
:107FA000FFF790FD0020C9E701980090224639466E
:107FB0003046029B00F0C4FCC0E70000CC02020087
:107FC0005B534F454D5D204F502065786368616E6F
:107FD000676520736B69703A20736C617665636FB7
:107FE000756E743D2564206E6565643D25750D0ACA
:107FF000000000005B4252414B455D20736C61768E
:1080000065312D3320617869733120434C4F5345DE
:1080100020646F6E650D0A005B4252414B455D2046
:10802000736C617665312D3320617869733220433A
:108030004C4F534520646F6E650D0A002DE9F041E9
:1080400007460E4614461D460020206028600D4855
:10805000C059032802DA0120BDE8F081384612F049
:1080600089F920604FF4FA61384612F06DF8286003
:108070002068002804DD2868B04201D10020EBE729
:108080000220E9E7CC0202002DE9F04F8DB0054651
:10809000884616464FF000090027284612F06AF974
:1080A00082464FF4FA61284612F04EF883462B4878
:1080B0002844818C29482844408C01EB40003060E2
:1080C000524627A14046FCF79BFD5A462DA140464B
:1080D0003368FCF795FD01243AE02A20009004EB78
:1080E000041000EB40004CF20C41294401EBC000AD
:1080F000036B04EB041000EB40004CF20C412944EC
:1081000001EBC0002146426B4046FCF751FA02AB3E
:10811000224641462846FFF7BDFD40B907B904276E
:10812000002322464146284601F028F80EE002AB23
:1081300022464146284601F021F830B922461DA1C9
:108140004046FCF75DFD07B9052700BF601C84B2FF
:10815000032CC2D938460DB0BDE8F08FD002020022
:108160005B534F454D5D2073656E645F70726F6346
:1081700065737364617461207265743D25640D0AD2
:10818000000000005B534F454D5D207265636569DB
:1081900076655F70726F6365737364617461205795
:1081A0004B433D25642065787065637465643D25A7
:1081B000640D0A005B534F454D5D20736C6176651D
:1081C0002575204F50207361666520746573742097
:1081D000736B69703A207361666520527850444F22
:1081E0002070726570617265206661696C65640DEE
:1081F0000A0000002DE9FE4F04460D4616461F46B4
:10820000DDE90C9A03204B4652461549CDE900673B
:1082100002902846FCF7F4FC04214CF20C40015378
:108220000021204613F076FA83460E4B04220021EB
:10823000204613F0BDF88046B8F1040F01D10AA022
:1082400000E00BA043465A460BA100902846FCF7DD
:10825000D7FC2946204601F0CDF9BDE8FE8F00008D
:1082600030F1010880841E0050415353000000008B
:108270004641494C000000005B534F454D5D206670
:10828000616C6C6261636B20534146452D4F5020F9
:1082900077726974655F7265743D256420737461DB
:1082A00074653D3078253034582025730D0A000060
:1082B00070B504460D4601222946204600F00AF812
:1082C00070BD70B504460D4602222946204600F0D6
:1082D00001F870BD2DE9F74F9EB00C46914604F1B0
:1082E00038000C9000200A90099005900490B9F194
:1082F000010F08D143F22300089042F223000790B7
:10830000401C06900FE0B9F1020F08D143F2330090
:10831000089042F233000790401C069003E00720CB
:1083200021B0BDE8F08F0BAB40224F211E98FFF724
:10833000E9F930BB94F82800022805DD94F82800FC
:108340000D2801DC0720EBE794F82800022803D071
:1083500094F82800072801D1012000E00020014600
:10836000204600F0D9FE08B90720D9E701200A907D
:1083700094F82800012801DB012000E0002009908A
:108380007CE294F828000F2873D2DFE800F0082B75
:108390003E5D96A5C4FDFBFAF9F8F7F6F5000BF083
:1083A000CBFB039072B60C9890F800A0BAF1040FC2
:1083B00003D100210C9801708A46039800B962B677
:1083C000BAF1000F01D00020AAE701216185002148
:1083D00029200155E16221636163012084F82800AE
:1083E00000209DE7618D0B234A461E9801F012FE86
:1083F00008B9072094E70020A06100212920015539
:10840000022084F8280000208AE74FF088580020D6
:10841000CDE90080628D0221089B0C98FFF7C2FA1B
:1084200005460DB900207BE7012D01D0072077E735
:10843000002129200155E16221630020A061032071
:1084400084F8280000206BE72920005D08B9079810
:1084500000E00698059004A80021CDE90010628D87
:108460000121059B0C98FFF79DFA054615B90020E0
:1084700056E700E2012D01D0072051E7049F292093
:10848000005D20B9E76201212920015513E027632F
:10849000002129200155E06AB0F5401F0BD1206B67
:1084A000B0F5401F07D1FBF713FC60630020A0610B
:1084B000042084F82800002032E7FBF709FC8346FB
:1084C000616BABEB010042F21071884202D30520D0
:1084D00084F82800002023E74FF04C580020CDE915
:1084E0000080628D0221089B0C98FFF75BFA05461D
:1084F0000DB9002014E7012D01D0072010E700215D
:1085000029200155E16221630020A061062084F842
:108510002800002004E72920005D08B9079800E042
:108520000698059004A80021CDE90010628D012174
:10853000059B0C98FFF736FA05460DB90020EFE6CB
:10854000012D01D00720EBE6049F2920005D20B912
:10855000E7620121292001550CE027630021292031
:108560000155E06A30B9206B20B90020A0610720D6
:1085700084F828000020D3E619E1D3E0BAE088E0CF
:1085800068E058E01FE0FFE74FF008580020CDE911
:108590000080628D0221089B0C98FFF703FA0546C4
:1085A0000DB90020BCE6012D01D00720B8E600215E
:1085B00029200155E16221630020A061082084F890
:1085C00028000020ACE62920005D08B9079800E0EB
:1085D0000698059004A80021CDE90010628D0121C4
:1085E000059B0C98FFF7DEF905460DB9002097E6CC
:1085F000012D01D0072093E6049F2920005D20B9BA
:10860000E76201212920015513E027630021292079
:108610000155E06AB0F5800F0BD1206BB0F5800FEB
:1086200007D1FBF755FB60630020A061092084F8A7
:108630002800002074E6FBF74BFB8346616BABEB35
:10864000010042F21071884202D30A2084F8280007
:10865000002065E64FF04C580020CDE90080628D87
:108660000221089B0C98FFF79DF905460DB90020E3
:1086700056E6012D01D0072052E6002129200155A0
:10868000E16221630020A0610B2084F82800002013
:1086900046E62920005D08B9079800E00698059095
:1086A00004A80021CDE90010628D0121059B0C98E2
:1086B000FFF778F905460DB9002031E6012D01D00C
:1086C00007202DE6049F2920005D20B9E7620121E3
:1086D000292001550CE02763002129200155E06A7B
:1086E00030B9206B20B90020A0610C2084F828004C
:1086F000002015E64FF000080020CDE90080628DD3
:108700000221089B0C98FFF74DF905460DB9002092
:1087100006E6012D01D0072002E60D2084F828008E
:108720000020FDE5608D10B1608D032801D9072080
:10873000F6E5608D00EB001000EB40014CF20C42BE
:108740001E98104400EBC106706A38B1706B28B1F6
:10875000306A162802D1306B2A2801D00720DFE5C5
:10876000162218A8716AF8F751F92A220DA8716B20
:10877000F8F74CF9B9F1010F06D10E98CDF8630066
:1087800008208DF8620006E0DDF84D00CDF86E009F
:1087900008208DF86D00162218A9706AF8F736F9CE
:1087A0000020A0610E2084F828000020B8E5608D2C
:1087B00000EB001000EB40014CF20C421E981044FC
:1087C00000EBC106706A38B1706B28B1306A1628A8
:1087D00002D1306B2A2801D00720A1E5162218A863
:1087E000716AF8F713F92A220DA8716BF8F70EF9E0
:1087F0000BF0A2F9039072B60C9890F800A00398C1
:1088000000B962B6BAF1000F01D0002088E5B9F1D5
:10881000010F03D10E98CDF8630003E0DDF84D00A1
:10882000CDF86E00162218A9706AF8F7EFF8608D7F
:1088300003280FD2608D401C60850021292001553E
:10884000E162216361630020A061012084F82800B7
:10885000002065E50020A062E06220636063A06103
:10886000E0612062B9F1010F01D10E2000E001208A
:108870002075002054E50120099000BF099868B1D7
:10888000608D58B1608D032808D8618D08234A4651
:108890001E9801F0BFFB08B9072041E500212046E2
:1088A00000F03AFC08B907203AE50020A062E06237
:1088B00020636063A061E06184F84C000A9820B1F5
:1088C00021461E9801F0D0FA2AE521461E9801F0B3
:1088D000BDFA25E510B504460021204601F02CFB29
:1088E00010BD38B505460C466B4627226F21284639
:1088F000FEF708FF58B10020E061A06194F8240061
:10890000D8B9002084F825000C20207515E000203F
:10891000A061E06184F84C009DF8000030B1214670
:10892000284601F0A1FA40B1072038BD214628466B
:1089300001F08CFA08B10720F7E70020F5E7000006
:108940002DE9FC4107460D4614461E46DDF8208001
:108950006068401C60606068032802D20020BDE8A7
:10896000FC81207D012802D10020A0616DE0207DE6
:1089700002281DD0207D03281AD0207D062817D07C
:10898000207D072814D0207D082811D0207D0928BB
:108990000ED0207D0A280BD0207D0D2808D0207D08
:1089A0000E2805D0207D0C2802D0207D0B284CD12C
:1089B0000020A061E06184F84C00207D0C2802D1E9
:1089C0000A2009F0E9FF207D0D2802D0207D0E2825
:1089D00034D194F82800022805DD94F828000D28E9
:1089E00001DC0720BBE794F82800022803D094F8A4
:1089F0002800072801D1012000E000200146204680
:108A000000F08AFB08B90720A9E7608D88B1608D66
:108A100003280ED8207D0D2801D1012000E002207E
:108A20000246618D0823384601F0F4FA08B90720A0
:108A300095E70020A062E06220636063214638462B
:108A400001F012FA08B1072089E76068642801D2B2
:108A5000002084E7D4E9000143463246CDE9000115
:108A600002492846FCF7CCF8072078E7C4F1010852
:108A700038B505460C466B4621226F212846FEF785
:108A800041FE58B10020A0610721284601F054FAA8
:108A900008B9072038BD0620207511E0A069401CE8
:108AA000A0619DF8000010B9A0690A2808D3002031
:108AB000A0612146284601F0D7F908B10720E9E76F
:108AC0000020E7E738B505460C466B4623226F21A8
:108AD0002846FEF717FE38B10020A061E06184F857
:108AE0004C000720207515E0A069401CA0619DF88E
:108AF000000018B9A069B0F57A7F0BD30020A061FF
:108B0000E06184F84C002146284601F0ADF908B137
:108B1000072038BD0020FCE705210175704738B5F6
:108B200005460C466B4623226F212846FEF7EAFDD8
:108B3000F0B10020A06194F84C0070B300BF00BFFA
:108B400000BFBFF35F8F00BF00BF00BF002084F8ED
:108B50004C00E061284600F0FDFD30B92146284672
:108B600001F082F9C8B1072038BD0820207514E053
:108B7000002084F84C00A069401CA0619DF8000012
:108B800010B9A0690A2808D30020A0612146284610
:108B900001F06AF908B10720E6E70020E4E72DE9D3
:108BA000F04FBFB08246894600200490F9F70CFDD3
:108BB0000290F9F70FFD8346F9F744FC00F002003C
:108BC000D0B1BBF1000F03D1092009F0E5FE08E0A8
:108BD000029818B1082009F0DFFE02E0032009F036
:108BE000DBFE0B21504601F0A7F918B907203FB072
:108BF000BDE8F08F0020FAE703AB27226F21504633
:108C0000FEF780FDE0B99DF80C1009B10C2100E0E1
:108C10000D21084609F0C0FE0020C9F81800C9F867
:108C20001C0089F84C009DF80C0020B149465046C4
:108C300001F01AF9DBE74946504601F007F9D6E79B
:108C400000245CE0601C00EB001000EB40004CF2E4
:108C50000C41514401EBC005686A38B1686B28B11A
:108C6000286A162802D1286B2A2804D00D2009F082
:108C700093FE0720BBE704EB440202EBC4022EABD9
:108C800003EB42001622696AF7F7C0FEC4EBC40288
:108C900002EB42020EAB03EB42002A22696BF7F7AC
:108CA000B5FE04EB440000EBC4002EA901EB40002C
:108CB000807808281CD104EB440000EBC40001EBD1
:108CC0004000407B082813D1C4EBC40000EB4000F7
:108CD0000EA901EB4000807B082809D1C4EBC40039
:108CE00000EB400001EB400090F82300082804D07E
:108CF0000B2009F051FE072079E7601CC4B2032C59
:108D0000A0D3029810B9BBF1000F0AD1BBF1000F3C
:108D100001D1092100E00821084609F03DFE0327A2
:108D200008E006F0CFF804AA0146019005A809F072
:108D3000F5FE0746012F2AD0022F28D0002423E079
:108D4000C4EBC40000EB40000EA901EB40004068FA
:108D500004EB440101EBC4012EAA02EB4101C1F86E
:108D60000300C4EBC40000EB40000EA901EB40007F
:108D7000D0F8190004EB440101EBC40102EB4101FE
:108D8000C1F80E00601CC4B2032CD9D352E0012FED
:108D900050D14FF000084AE0404609F0E3FB064698
:108DA00026B1308810B13088032804D90D2009F08D
:108DB000F3FD07201BE73078401EC4B2B0780128CD
:108DC00013D106A850F8280004EB440101EBC401BC
:108DD0002EAA02EB4101C1F803001F2004EB44015D
:108DE00001EBC40122F811001DE0B078022815D172
:108DF00006A850F8280004EB440101EBC4012EAA98
:108E000002EB4101C1F80E001F2004EB440101EB0D
:108E1000C40102EB4101A1F80B0004E00D2009F0B0
:108E2000BBFD0720E3E608F1010000F0FF08B8F100
:108E3000060FB1D3012F0AD19DF81400049909F04F
:108E400031FE20B90D2009F0A7FD0720CFE6002450
:108E500016E0601C00EB001000EB40004CF20C41EF
:108E6000514401EBC00504EB440202EBC4022EABFB
:108E700003EB42011622686AF7F7C8FD601CC4B212
:108E8000032CE6D30020B2E670B505460C46A06977
:108E9000401CA06140F6C411A069884212D3002092
:108EA000A061002340224F212846FEF72BFC38B159
:108EB0000621284601F040F810B10220207501E09B
:108EC0000520207570BD38B505460C466B46272237
:108ED0006F212846FEF716FC28B10020A061E06152
:108EE0000A2020751DE0A069401CA0619DF80000CB
:108EF00048B10020A061E0612146284600F0B4FF9F
:108F000078B1072038BDA069B0F57A7F09D3002079
:108F1000A061E0612146284600F098FF08B10720D3
:108F2000F0E70020EEE738B505460C466B462122F7
:108F30006F212846FEF7E6FB20B10020A061032048
:108F4000207512E0A069401CA0619DF8000018B9CE
:108F5000A069B0F57A7F08D30020A0612146284699
:108F600000F082FF08B1072038BD0020FCE738B5CB
:108F700005460C466B4623226F212846FEF7C2FBAE
:108F800020B10020A0610720207512E0A069401CDC
:108F9000A0619DF8000018B9A069B0F57A7F08D3E8
:108FA0000020A0612146284600F05EFF08B107209E
:108FB00038BD0020FCE738B505460C46A069401CCA
:108FC000A0616B46012211462846FEF7EBFBA8B1D3
:108FD000E069032802D2E069401CE061E0690328EF
:108FE0000ED30020A061E0610F21284600F0A4FF0D
:108FF00008B9072038BD0920207501E00020E06194
:109000009DF8000018B9A069B0F57A7F09D3002057
:10901000A061E0612146284600F026FF08B1072044
:10902000E8E70020E6E700002DE9F84380460C461B
:1090300015462046FBF706FE11A12046FBF7E0FD92
:10904000404611F097F906464FF4FA61404611F098
:109050007BF807463B46324616A120460095FBF7B3
:10906000CFFD002E01DD002F08DC3B4632461FA15C
:109070002046FBF7C5FD0020BDE8F8830120FBE793
:109080005B534F454D5D204F502072657175657380
:10909000742073746172742C20636F6E74726F6CC1
:1090A000776F726420737461797320307830303058
:1090B000300D0A005B534F454D5D206265666F724F
:1090C00065204F5020736166652050444F207365C2
:1090D0006E643D256420574B433D256420657870C0
:1090E00065637465643D25640D0A00005B534F455C
:1090F0004D5D204F50207072656C6F616420464159
:10910000494C3A2073656E643D256420574B433DBE
:1091100025640D0A000000002DE9F04105460E46C9
:109120000AF00AFD074672B695F838405EB1022C87
:109130001AD111480068401C0F490860002085F8CA
:109140003800002410E0012C03D0022C01D0042CA4
:109150000AD1022C04D108480068401C0649086066
:10916000002085F83800002407B962B614B9012040
:10917000BDE8F0810020FBE7A40000242DE9F043C6
:1091800089B005460F4616461C4606EB061000EB56
:1091900040004CF20C41294401EBC000D0F824807F
:1091A00006EB061000EB40004CF20C41294401EBA9
:1091B000C000D0F82090B8F1000F08D1324637A196
:1091C0003846FBF71DFD002009B0BDE8F083B9F17A
:1091D000160F09D216204B4632463CA10090384665
:1091E000FBF70EFD0020EFE7182103A8F7F7F1FCCD
:1091F0000020ADF80C0014B194F90E0000E000203E
:109200008DF80E000CB1606800E00020CDF80F0072
:109210000020ADF81300ADF81500ADF8170014B13B
:1092200094F9230000E000208DF8190014B1D4F85F
:10923000190000E00020CDF81A000020ADF81E0053
:10924000ADF82000162203A94046F7F7DFFB1623EE
:1092500032462BA13846FBF7D3FCDDF80F009DF911
:109260000E10CDE90010BDF80C3032462F493846BB
:10927000FBF7C6FCDDF81A009DF91910CDE90010C6
:10928000BDF8173032462A493846FBF7B9FC32465A
:1092900028493846FBF7B4FC012095E75B534F455E
:1092A0004D5D207361666520527850444F20736B8A
:1092B00069703A20736C6176652564206F757470EF
:1092C000757473204E554C4C0D0A00005B534F458E
:1092D0004D5D207361666520527850444F20736B5A
:1092E00069703A20736C6176652575206C656E3DFA
:1092F000256C75206E6565643D25750D0A000000BE
:109300005B534F454D5D2073616665205278504434
:109310004F20707265706172656420736C61766550
:109320002564206C656E3D25750D0A0090F00108DE
:10933000E0F0010804F001082DE9F34FADB00F464D
:1093400000200B900A90099083460890079082466F
:1093500033E0D7F85880F86D404502D12FB0BDE812
:10936000F08F08F0010900BF00BF00BFBFF35F8F9F
:1093700000BF00BF00BFC9EB891207F1600000EB1E
:1093800042017E220DA8F7F741FB07F1500050F88B
:1093900029000C9007F14D0010F80900069000BF5D
:1093A00000BF00BFBFF35F8F00BF00BF00BFB86D3D
:1093B000404500D104E00AF1010ABAF1030FC8D315
:1093C00000BFBAF1030F00D3C8E7C7F85C800024E0
:1093D00083E06500C4EBC40000EB40000DA931F848
:1093E000106006F06F00212805D10120A840C0B20E
:1093F0000A9908430A9006F06F00232805D101203E
:10940000A840C0B209990843099006F06F002728C8
:1094100004D10120A840C0B240EA0B0BC4EBC40049
:1094200000EB40000DA901EB4000807B082805D12E
:109430000120A840C0B208990843089006F008002F
:1094400028B10120A840C0B2079908430790C4EB97
:10945000C40000EB40000DA901EB4000B0F815601E
:1094600006F06F00212806D1681C01218140C8B296
:109470000A9908430A9006F06F00232806D1681C59
:1094800001218140C8B209990843099006F06F0094
:10949000272805D1681C01218140C8B240EA0B0B86
:1094A000C4EBC40000EB40000DA901EB400090F8B4
:1094B0002300082806D1681C01218140C8B2089900
:1094C0000843089006F0080030B1681C0121814073
:1094D000C8B2079908430790641C032CFFF479AFC6
:1094E0004FF47A72DDE90701CDE902B1CDE904025A
:1094F000DDE90910CDE9000130490BA8069B0C9A63
:10950000FEF724FA28B92E480068401C2C49086050
:1095100024E7002442E0C4EBC40000EB40000DA9A6
:1095200001EB4000B0F90200C4EBC40101EB4101C2
:109530000DAA02EB41018968C4EBC40202EB4202AE
:109540000DAB03EB42025268C4EBC40303EB4303CD
:109550000DF1340C0CEB43039B89CDE90132CDE9CD
:109560000310C4EBC40000EB40000DA901EB400068
:1095700090F90E000090C4EBC40000EB400031F8FD
:109580001030621C0FA10BA8FEF7E0F928B90C48B7
:109590000068401C0A490860E0E6641C032CBAD34A
:1095A0000B9882B212492D98FBF756FB20B904485C
:1095B0000068401C0249086000BFCFE678F101084E
:1095C000A8000024205325752053573D25303458DA
:1095D000204D3D256420453D2530345820503D2503
:1095E0006C6420563D256C6420543D25640D0A00B2
:1095F000683703242DE9FC4104460E4626480059ED
:10960000002805DC25A13046FBF7FAFABDE8FC810D
:10961000204610F085FC07461F4803593A4628A10A
:109620003046FBF7EDFA4CF20C40204443884CF2F4
:109630000C40025B2EA13046FBF7E2FA012524E044
:1096400005EB051000EB40004CF20C41214401EB0E
:10965000C000808805EB051101EB41014CF20C4282
:10966000224402EBC1014988CDE9001005EB051049
:1096700000EB40004CF20C41214431F830302A46D6
:1096800025A13046FBF7BCFA6D1C03480059A842DF
:10969000D6DA00BFBAE70000CC0202005B534F45A8
:1096A0004D5D2072656164737461746520736B69CC
:1096B000703A206E6F20736C6176650D0A000000B1
:1096C0005B534F454D5D206563785F7265616473E0
:1096D00074617465207265743D307825303458208B
:1096E000736C617665636F756E743D25640D0A0059
:1096F0005B534F454D5D20736C617665302073740C
:109700006174653D30782530345820414C3D3078C7
:10971000253034580D0A00005B534F454D5D2073D2
:109720006C61766525642073746174653D307825BD
:1097300030345820414C3D30782530345820636F08
:109740006E6669676164723D3078253034580D0A61
:1097500000000000F0B59DB006461EB15F4880597C
:10976000032802DA00201DB0F0BD002496E0601C42
:1097700087B207EB071000EB40004CF20C4131447C
:1097800001EBC005686A38B1686B28B1286A1628F1
:1097900002D1286B2A2801D00020E4E704EB440220
:1097A00002EBC4020CAB03EB42001622696AF7F726
:1097B0002DF92A2201A8696BF7F728F904EB440078
:1097C00000EBC4000CA931F8100007282FD104EBDE
:1097D000440000EBC40001EB4000B0F80B00072888
:1097E00025D104EB440000EBC40001EB400080787D
:1097F00008281CD104EB440000EBC40001EB40003E
:10980000407B082813D19DF8120008280FD19DF83D
:10981000270008280BD1BDF8040000F06F002328B2
:1098200005D19DF8190000F06F00232801D0002019
:1098300099E704EB440101EBC4010CAA02EB4101DE
:109840000298C1F80300002004EB440101EBC401BD
:1098500002EB4101A1F8070004EB440101EBC40154
:1098600002EB4101A1F80900DDF81D0004EB440101
:1098700001EBC40102EB4101C1F80E00002004EB32
:10988000440101EBC40102EB4101488204EB4401B5
:1098900001EBC40102EB41018882641C032CFFF43C
:1098A00066AF002416E0601C87B204EB440202EBB2
:1098B000C4020CAB03EB420107EB071202EB4202BE
:1098C0004CF20C43334403EBC202506A1622F7F702
:1098D0009DF8641C032CE6D3012044E7CC0202006F
:1098E00070B5044600260CB9002070BD0AF024F9BA
:1098F000054672B6207D07280ED194F84C0058B961
:10990000012084F84C0000BF00BF00BFBFF35F8F91
:1099100000BF00BF00BF012605B962B63046E4E7CC
:109920002DE9FF4705468A46144647484059032813
:109930000ADA45484259032344A15046FBF760F92F
:10994000062004B0BDE8F087514628462268FFF79C
:109950006BFB08B90620F4E74FF4FA63032247A132
:109960005046FBF74DF908214CF20C4041530021C1
:10997000284611F0CFFE02AB03AA2846216800F06A
:1099800087FB0746032F0CD2BDF808000399CDE9E9
:1099900000103B46514628462268FEF72BFC062065
:1099A000CFE751462846FFF725FE4FF00008012675
:1099B00012E006EB061000EB40004CF20C4129448B
:1099C00031F83000082805D1701E01218140C8B24D
:1099D00040EA0808701C86B2032EEAD94FF0070946
:1099E0004B46424633A15046FBF70AF9C8450CD016
:1099F000BDF808000399CDE900103B4651462846C2
:109A00002268FEF7F7FB06209BE700206060A0605D
:109A1000E060A061E061206284F8240084F8250001
:109A2000A062E06220636063142104F13800F7F75C
:109A3000D0F8002084F84C000D2020750020A0658F
:109A4000E06500BF7DE70000CC0202005B534F459C
:109A50004D5D204F50207265717565737420736B76
:109A600069703A20736C617665636F756E743D251D
:109A700064206E6565643D25750D0A005B534F4596
:109A80004D5D2072657175657374204F502C207286
:109A900065717569726520257520737461626C65E6
:109AA000206379636C65732061742025752075735C
:109AB0000D0A00005B534F454D5D206D616E61677F
:109AC0006564204F50206D61736B3D3078253032D6
:109AD000582065787065637465643D307825303250
:109AE000580D0A002DE9F04105460E463046FBF7B9
:109AF000A9F82CA13046FBF783F832A13046FBF7DA
:109B00007FF831462846FFF775FD31462846FEF7B7
:109B100049F807460FB135A000E036A0024637A14C
:109B20003046FBF76DF837B93DA13046FBF768F8D2
:109B30000220BDE8F08104214CF20C404153002189
:109B4000284611F0E7FD8046424644A13046FBF727
:109B500057F84C4B04220021284611F029FC0446FA
:109B6000042C01D121A000E022A00346224646A1F8
:109B70003046FBF745F84FA13046FBF741F8314638
:109B80002846FFF737FD042C09D054A13046FBF7D7
:109B900037F85DA13046FBF733F80320C9E7002012
:109BA000C7E700005B534F454D5D20534146452DAF
:109BB0004F5020726571756573742073746172748F
:109BC0000D0A00005B534F454D5D20737461746551
:109BD000206265666F726520534146452D4F5020C7
:109BE000726571756573740D0A000000504153531E
:109BF000000000004641494C000000005B534F4507
:109C00004D5D20534146452D4F502073657175655C
:109C10006E6365205052452D4F503D25730D0A004F
:109C20005B534F454D5D20534146452D4F502061BC
:109C3000626F72743A206D617070696E672064693A
:109C400064206E6F742072656D61696E20696E208C
:109C50005052452D4F500D0A000000005B534F45F8
:109C60004D5D207265717565737420534146452DB5
:109C70004F502077726974655F7265743D25640D7D
:109C80000A00000080841E005B534F454D5D207329
:109C900074617465636865636B20534146452D4F5D
:109CA00050207265743D3078253034582025730D6E
:109CB0000A0000005B534F454D5D2073746174656D
:109CC00020616674657220534146452D4F502072C5
:109CD0006571756573740D0A000000005B534F4594
:109CE0004D5D2070726F636573736461746120737E
:109CF0006B69703A20534146452D4F50206661698B
:109D00006C65640D0A0000005B534F454D5D204FAC
:109D100050206E6F74207265717565737465640D83
:109D20000A00000010B504464FF4AE712046F6F765
:109D300050FF10BD10B50446002020606060A06098
:109D4000E0602075A061E061206284F8240084F85E
:109D50002500A062E06220636063142104F13800F2
:109D6000F6F737FF002084F84C00A06DE06510BDC9
:109D70000146082913D2DFE801F0130406080A0C93
:109D80000E1008A070470DA0FCE711A0FAE714A080
:109D9000F8E718A0F6E71EA0F4E722A0F2E700BF5C
:109DA00026A0EFE7534146452D4F5020736C617656
:109DB00065206D697373696E670000006D61707076
:109DC000696E67206C656674205052452D4F5000B7
:109DD000534146452D4F50206661696C6564000013
:109DE000547850444F206465636F646520666169F0
:109DF0006C6564007361666520527850444F207032
:109E0000726570617265206661696C65640000004E
:109E10004F502072657175657374206661696C6559
:109E2000640000004F502050444F20657863686103
:109E30006E6765206C6F73740000000072756E743D
:109E4000696D65206661696C6564000070B50546E2
:109E50000C460721284600F06FF808B9072070BDAE
:109E60000B2020750020FAE770B505460C4600214E
:109E7000284600F061F808B9072070BD042020755D
:109E80000020FAE72DE9FF4704460D469046994623
:109E9000DDE90C767CB11048005900280BDD55B186
:109EA000C82D08DA0C480059A84204DB1FB116B1CE
:109EB0003068002803DC002004B0BDE8F0870748C4
:109EC00000214B4642468DE8C200039029462046B9
:109ED0000AF08CF8F0E70000CC02020080380100A4
:109EE0002DE9FF4704460D4690469946DDE90C678B
:109EF0006CB10F480059002809DD45B1C82D06DABC
:109F00000B480059A84202DB0EB1002F03DC0020F1
:109F100004B0BDE8F087074800214B464246CDE932
:109F2000017600910390294620460AF08DFAEFE76A
:109F3000CC02020080380100F0B591B005460F4612
:109F40001DB133484059032802DA002011B0F0BD9A
:109F500000243EE0601C86B206EB061000EB4000D9
:109F60004CF20C41294401EBC000406A58B106EBA9
:109F7000061000EB40004CF20C41294401EBC000FC
:109F8000006A162801D00020E0E706EB061202EB7B
:109F900042024CF20C432B4403EBC202516A04EB25
:109FA000440202EBC4026B4603EB42001622F6F7B2
:109FB0002DFD04EB440000EBC4002DF8107004EB01
:109FC000440000EBC400694601EB4000A0F80B70B0
:109FD000641C032CBED3002416E0601C86B204EB84
:109FE000440202EBC4026B4603EB420106EB06128D
:109FF00002EB42024CF20C432B4403EBC202506AC8
:10A000001622F6F703FD641C032CE6D301209DE71E
:10A01000CC0202002DE9F04186B006460C461746F8
:10A02000984636B12CB1032C03D818488059A04269
:10A0300003DA002006B0BDE8F08104EB041000EB69
:10A0400040004CF20C41314401EBC005686A10B18C
:10A05000286A162801D00020ECE716226846696AB3
:10A06000F6F7D4FC012F02D18DF8028006E0022F12
:10A0700002D18DF80D8001E00020DBE71622694651
:10A08000686AF6F7C3FC0120D4E70000CC020200A6
:10A090002DE9F04781460F4614461D460026002054
:10A0A00020602880804622E0484610F063F94FF493
:10A0B000FA61484610F048F820604FF4FA6308222D
:10A0C0000021484611F074F928802888082804D116
:10A0D0002068B84201D1761C00E00026032E00D390
:10A0E00008E04FF4FA60F9F7D1FD08F10108B8F182
:10A0F000320FD9D300BF3046BDE8F0872DE9F047D5
:10A1000086B081460E4617469846DDE90EA500202A
:10A110000590022004901DB9002006B0BDE8F0872C
:10A1200000202880114805A904AA0023CDE90032A7
:10A13000CDE90210534642463946484609F056FFDB
:10A140000446002C02DD049802280AD004985346E5
:10A15000424607A1CDE900403046FAF751FD002004
:10A16000DBE7BDF8140028800120D6E760AE0A00C6
:10A170005B534F454D5D20504F32534F2072656108
:10A1800064203078253034583A2530325820553103
:10A1900036204641494C20776B633D256420736926
:10A1A0007A653D25640D0A002DE9F04786B08146A9
:10A1B0000E4617469846DDE90EA5002005900420BE
:10A1C00004901DB9002006B0BDE8F087002028608B
:10A1D000114805A904AA0023CDE90032CDE90210F7
:10A1E000534642463946484609F000FF0446002CD3
:10A1F00002DD049804280AD004985346424607A179
:10A20000CDE900403046FAF7FBFC0020DBE705987B
:10A2100028600120D7E7000060AE0A005B534F457D
:10A220004D5D20504F32534F20726561642030786D
:10A23000253034583A2530325820553332204641A3
:10A24000494C20776B633D25642073697A653D2511
:10A25000640D0A002DE9F04786B081460E46174688
:10A260009846DDE90EA51DB9002006B0BDE8F087CF
:10A2700000202870012005900F4805A900225346B0
:10A28000CDE901150092039042463946484609F04F
:10A29000ADFE0446002C02DD059801280AD0059881
:10A2A0005346424605A1CDE900403046FAF7A8FCE6
:10A2B0000020DAE70120D8E760AE0A005B534F4583
:10A2C0004D5D20504F32534F2072656164203078CD
:10A2D000253034583A2530325820553820464149E7
:10A2E0004C20776B633D25642073697A653D256456
:10A2F0000D0A00002DE9F04786B081460C46154650
:10A300001E46DDE90EA705970F4805A90222002386
:10A31000CDE90032CDE9021053463246294648467F
:10A320000AF092F88046B8F1000F0BDC5346324633
:10A3300006A12046CDE90078FAF762FC002006B0BD
:10A34000BDE8F0870120FAE760AE0A005B534F4595
:10A350004D5D20504F32534F207772697465203025
:10A3600078253034583A25303258205531363D3032
:10A370007825303458204641494C20776B633D2581
:10A38000640D0A002DE9F04786B081460C4615465B
:10A390001E46DDE90EA705970F4805A904220023F4
:10A3A000CDE90032CDE902105346324629464846EF
:10A3B0000AF04AF88046B8F1000F0BDC53463246EB
:10A3C00006A12046CDE90078FAF71AFC002006B075
:10A3D000BDE8F0870120FAE760AE0A005B534F4505
:10A3E0004D5D20504F32534F207772697465203095
:10A3F00078253034583A25303258205533323D30A4
:10A40000782530386C58204641494C20776B633DA5
:10A4100025640D0A000000002DE9FF4780460C4628
:10A4200015461E46DDF8309010480DA90122002384
:10A43000CDE90032CDE902104B463246294640466E
:10A440000AF002F80746002F0DDC9DF834004B4659
:10A45000324607A1CDE900072046FAF7D1FB0020DC
:10A4600004B0BDE8F0870120FAE7000060AE0A0002
:10A470005B534F454D5D20504F32534F20777269EB
:10A480007465203078253034583A253032582055BC
:10A49000383D307825303258204641494C20776B82
:10A4A000633D25640D0A00002DE9F04786B0814622
:10A4B0000C4615461E46DDE90EA702200590002039
:10A4C0003880144805A900225346CDE901170092AF
:10A4D000039032462946484609F088FD8046059893
:10A4E000534632460CA1CDE900802046FAF788FB9E
:10A4F000B8F1000F02DD0598022809D05346324614
:10A500000FA12046FAF77CFB002006B0BDE8F087DB
:10A510000120FAE760AE0A005B534F454D5D2053C2
:10A52000444F203078253034583A2530325820773F
:10A530006B633D25642073697A653D25640D0A00CF
:10A540005B534F454D5D2053444F203078253034C8
:10A55000583A25303258204641494C0D0A00000037
:10A560002DE9F04786B081460C4615461E46DDE9CA
:10A570000EA70420059000203860144805A9002289
:10A580005346CDE9011700920390324629464846CA
:10A5900009F02CFD80460598534632460CA1CDE9C2
:10A5A00000802046FAF72CFBB8F1000F02DD059879
:10A5B000042809D0534632460FA12046FAF720FB63
:10A5C000002006B0BDE8F0870120FAE760AE0A007F
:10A5D0005B534F454D5D2053444F20307825303438
:10A5E000583A2530325820776B633D2564207369D3
:10A5F0007A653D25640D0A005B534F454D5D205340
:10A60000444F203078253034583A2530325820468F
:10A6100041494C0D0A0000002DE9F04786B0814603
:10A620000C4615461E46DDE90EA7012005900020C8
:10A630003870144805A900225346CDE9011700924D
:10A64000039032462946484609F0D0FC80460598DA
:10A65000534632460CA1CDE900802046FAF7D0FAE5
:10A66000B8F1000F02DD0598012809D053463246A3
:10A670000FA12046FAF7C4FA002006B0BDE8F08723
:10A680000120FAE760AE0A005B534F454D5D205351
:10A69000444F203078253034583A253032582077CE
:10A6A0006B633D25642073697A653D25640D0A005E
:10A6B0005B534F454D5D2053444F20307825303457
:10A6C000583A25303258204641494C0D0A000000C6
:10A6D00010B51D4890F8580B40B11B4890F8590B25
:10A6E00020B11A48D0F8CC02032801D2002010BDB6
:10A6F000012420E004EB041000EB4000144901EBBE
:10A70000C000D0F81401012811D104EB041000EBB3
:10A71000400001EBC000D0F8680140B104EB041028
:10A7200000EB400001EBC000D0F8200108B9002088
:10A73000DDE7601C84B2032CDCD90122002105482E
:10A740000EF08CF80120D2E7680603246826022464
:10A7500074EA002468260024F8B52F480BF064F84A
:10A7600005462E482A462EA1D0F8CC323848FAF7B2
:10A7700047FA032D09D003232A4636A13448FAF7B5
:10A780003FFA3DA0FAF7D8F8F8BD424A30492248CE
:10A79000FBF7A8F8012438E004EB041000EB4000BC
:10A7A0003D4901EBC0008088009004EB041000EBF1
:10A7B000400031F83030224638A12548FAF720FA17
:10A7C00004EB041000EB4000334901EBC000C0680B
:10A7D000009004EB041000EB400001EBC0002246A7
:10A7E0003AA183681A48FAF70BFA04EB041000EB5D
:10A7F0004000294901EBC00000F5B67322463FA195
:10A800001348FAF7FDF9601C84B2032CC4D9042064
:10A8100000F00CFA00BFB7E768260024682602247F
:10A820005B534F454D5D206563785F636F6E66696E
:10A83000675F696E6974207265743D256420736C6E
:10A84000617665636F756E743D25640D0A000000C6
:10A85000001103245B534F454D5D20736C61766599
:10A8600020636F756E743D25642065787065637430
:10A8700065643D25640D0A00736C6176652064692A
:10A8800073636F76657279206D69736D6174636847
:10A89000000000007D4C000874EA00245B534F4523
:10A8A0004D5D20736C6176652575207374617465E8
:10A8B0003D30782530345820636F6E666967616477
:10A8C000723D3078253034580D0A00005B534F45F7
:10A8D0004D5D20736C61766525752076656E646FBD
:10A8E000723D30782530386C582070726F64756313
:10A8F000743D30782530386C580D0A005B534F4555
:10A900004D5D20736C6176652575206E616D653DCA
:10A9100025730D0A0000000070B50A4AA2F1CC01AF
:10A920000948FEF7FDFF04461CB90A2000F07EF935
:10A9300070BD2046FFF71CFA0546F9F7FDFF00BF82
:10A94000F6E70000CC1103246826002470B5114AF4
:10A95000A2F1CC011048FDF7D7FA044634B12046E5
:10A96000FFF706FA0546F9F7E7FF70BD09484068AA
:10A9700000B1FAE70948D0F85C0B401C0749C1F860
:10A980005C0BFFF7A5FE10B905A0F9F7D5FF00BFD6
:10A99000EBE70000CC11032468260024680603249A
:10A9A0006379636C6963206D61696C626F78207391
:10A9B00065727669636520696E76617269616E742D
:10A9C000206661696C65640070B50A4AA2F50A7177
:10A9D0000948FAF7E3FE04461CB9072000F026F9FF
:10A9E00070BD2046FBF708F80546F9F7A5FF00BF44
:10A9F000F6E70000281303246826002438B54FF436
:10AA00000070104B03F58562A2F50A7100900E48A4
:10AA1000FAF70EFD044624B90C490B48FAF772FB0D
:10AA200004463CB901210A4880F8591B082000F06F
:10AA3000FDF838BD2046FAF7DFFF0546F9F77CFF41
:10AA400000BFF6E7000F032468260024001103244A
:10AA50006806032438B51848D0F8600B401C164926
:10AA6000C1F8600BD1F8600BFCF7CAFD0446032C5B
:10AA70000CD11248FAF7E6F80323224610A10F483A
:10AA8000FAF7BEF8032000F0D1F838BD0A48D0F834
:10AA9000600BC82800D2F8E7032000900648234640
:10AAA00014A1D0F8602B0548FAF7AAF821A0F9F70D
:10AAB00043FF00BFE9E700006806032400110324F8
:10AAC0005B534F454D5D2042524420574B433D253B
:10AAD000642065787065637465643D256420504129
:10AAE00053532C20737461727420636F6E666967B0
:10AAF0000D0A00005B534F454D5D204252442070CB
:10AB0000726F6265206661696C6564206166746558
:10AB10007220257520617474656D70747320574BB5
:10AB2000433D25642065787065637465643D2564E4
:10AB30000D0A00004252442070726F626520666107
:10AB4000696C65640000000070B50A4AA2F1CC018E
:10AB50000948FDF783F904461CB9092000F066F89E
:10AB600070BD2046FFF704F90546F9F7E5FE00BF82
:10AB7000F6E70000CC1103246826002470B51449C0
:10AB80001448F6F726F84FF400711348F6F721F849
:10AB900012A110480CF0BAF90446002C01DD12A0F5
:10ABA00000E013A00346224613A11A48FAF728F83A
:10ABB000002C03DC18A0F9F7BFFE70BD01211A4874
:10ABC00080F8581B022000F031F800BFF5E70000C4
:10ABD00088E8020068260024000F032473746D3394
:10ABE000325F65746800000050415353000000005C
:10ABF0004641494C000000005B534F454D5D2065C8
:10AC000063785F696E6974207265743D25642025E0
:10AC1000730D0A00001103246563785F696E69741F
:10AC2000206661696C6564006806032470B504469B
:10AC3000002512E005EB4500104946183178104810
:10AC400090F88808814207D17078A04204D1B0788A
:10AC50002146F9F7A7FB70BD6D1C0A2DEAD3084801
:10AC600090F88828234607A100F69820F9F7C8FF36
:10AC700012A0F9F761FE00BFEDE7000004E701084C
:10AC8000680603245B534F454D5D20696E76616C09
:10AC900069642061707020737461746520747261DE
:10ACA0006E736974696F6E2073746174653D257588
:10ACB000206576656E743D25750D0A00696E7661B6
:10ACC0006C696420617070207374617465207472A3
:10ACD000616E736974696F6E0000000010B5002228
:10ACE00010E002EB4204036903EBC40100230B6094
:10ACF0004B608B60CB600B614B6100F1480343F804
:10AD00002210521C042AECD30024C4650466846615
:10AD1000C46684650324036803F58053C3F8304197
:10AD2000036803F580530469C3F81C410369483381
:10AD3000046804F58054C4F8283110BD10B5002211
:10AD40000EE002EB4204C36803EBC40100230B6076
:10AD50004B608B60CB6000F1180343F82210521C4B
:10AD6000042AEED3002484620324036803F580538D
:10AD7000C3F82C41036803F58053C468C3F8144139
:10AD8000036803F58053C468C3F8204110BD10B5B3
:10AD9000A2B0044601208DF83300002012908DF8F7
:10ADA00041008DF8430001208DF828008DF85600F1
:10ADB0008DF8320000208DF84C0001208DF88400C1
:10ADC00040030F9000208DF85C0018908DF88500EE
:10ADD0008DF886004FF4C360169000208DF8300087
:10ADE0000B9001208DF8350000208DF836008DF88D
:10ADF00040001D901B9014908DF864008DF87A002F
:10AE000001208DF842002020209001208DF8440080
:10AE100000208DF855004FF0405009904FF48040CD
:10AE20000E9000208DF8310002201F9000208DF838
:10AE300078008DF879008DF8540001208DF83400E9
:10AE400000201A9001208DF8700009A9204600F01A
:10AE50000FFB01208DF804000290002000908DF877
:10AE60001C008DF80D008DF80C004FF400100690BA
:10AE700000208DF814004FF40010049000208DF88D
:10AE80001D004FF4067008906946204600F092FAC3
:10AE900022B010BD2DE9F04F06460B46924606F152
:10AEA00018042269D4F810804FF0000C54F82210D6
:10AEB0009D68E346C86800F00040B0F1004F04D040
:10AEC00004F1140050F8220010B10220BDE8F08F08
:10AED000187800F00400C8B3C8686FF30F00D3F807
:10AEE00024E040EA0E00C860C86840F48030C860C2
:10AEF0003068006E40F48010D6F800E0CEF86000B4
:10AF0000187800F0080008B3B3F82CE088686EF3F6
:10AF10001F408860C86840F40030C860C86820F4EA
:10AF20004020D3F830E040EA0E00C8603068406E40
:10AF300040F48010D6F800E0CEF864003068006D70
:10AF400040F08060D6F800E0CEF85000187800F0AD
:10AF5000100058B188686FF30D00D3F818E040EA8C
:10AF60000E008860C86840F08060C860187800F003
:10AF7000040018B9187800F0100078B3C86840F0E1
:10AF80008040C86000BF00BF00BFBFF35F8F00BF3D
:10AF900000BF00BFC86840F00040C86000BF521C3E
:10AFA000042A00D3121F00BF54F822100CF1010C28
:10AFB000C86800F00040B0F1004F10D154F82810DC
:10AFC00000BF00BF00BFBFF35F8F00BF00BF00BF67
:10AFD000C86820F00040C860022077E7FFE70CF166
:10AFE000010C2868086088686FF30D00D5F804E04C
:10AFF00040EA0E008860A86868B1AD6828684860BB
:10B000008868DFF878E200EA0E00B5F804E040EA6C
:10B010000E40886007E0002048608868DFF85CE246
:10B0200000EA0E008860187800F01000A0B1C8682F
:10B0300020F4F000B3F820E040EACE40C860C868D1
:10B040006FF31100D3F81CE040EA0E00C860C86836
:10B0500040F48020C8601FE0C8686FF30E00D3F88A
:10B0600004E040EA0E00C860187800F0010038B132
:10B07000C86820F44030D3F814E040EA0E00C860FD
:10B08000187800F0200038B1C86820F04060D3F88C
:10B0900010E040EA0E00C860187800F0040038B1F3
:10B0A000886820F44040D3F828E040EA0E00886029
:10B0B000C86840F00050C860C86820F08040C86090
:10B0C00000BF00BF00BFBFF35F8F00BF00BF00BF66
:10B0D000C86840F00040C860187800F0020038B13D
:10B0E000C86820F06070D3F80CE040EA0E00C86039
:10B0F00096E0C86820F08050C86000BF521C042A47
:10B1000000D3121F00BF54F82210C86820F000506E
:10B11000C860C86800F00040B0F1004F04D004F1EE
:10B12000140050F82200F8B1424654F822104FF0B3
:10B13000000915E000BF00BF00BFBFF35F8F00BF75
:10B1400000BF00BFC86820F00040C86000BF521CAC
:10B15000042A00D3121F00BF54F8221009F101097C
:10B16000E145E7D30220B1E60CF1010CAD68286897
:10B17000086088686FF30D00D5F804E040EA0E001F
:10B180008860A86868B1AD68286848608868DFF89A
:10B19000ECE000EA0E00B5F804E040EA0E408860FA
:10B1A00007E0002048608868DFF8D0E000EA0E0081
:10B1B0008860187800F0100060B1C8686FF3110063
:10B1C000D3F81CE040EA0E00C860C86840F4802054
:10B1D000C86013E0C8686FF30E00D3F804E040EADB
:10B1E0000E00C860187800F0010038B1C86820F47B
:10B1F0004030D3F814E040EA0E00C8600BF1010BB8
:10B2000000BF00BF00BFBFF35F8F00BF00BF00BF24
:10B21000C86840F00040C860C86820F08040C8603E
:10B22000A86800287FF465AFBAF1000F04D08868E1
:10B2300040F00040886003E0886820F000408860AB
:10B24000C86840F08050C86004F1140E606A4EF87F
:10B250002200226100BFEFF31080074600BF0120EB
:10B2600080F3108800BF0BF1010EA06A7044A06249
:10B2700000BF87F3108800BF002027E6FFFF00C053
:10B280001FB50020009001900290039001208DF8DE
:10B2900000008DF805008DF809006946044802F0A9
:10B2A000F5FB10B9012004B010BD0020FBE7000041
:10B2B000000B00240148406870470000000B002488
:10B2C000F8B506460C4600200090002506B10CB9E2
:10B2D0000020F8BD69460B4802F0FEFA08B10020D4
:10B2E000F7E7009808B90020F3E70648456EA54245
:10B2F00000D925462A4630460099F5F787FBA8B2C3
:10B30000E7E70000000B002430B591B005460C467D
:10B310002DB10E2C03D340F2F450844202D9002008
:10B3200011B030BD224629460E48F5F76FFB0D4897
:10B330000E900F940020109038216846F5F749FCD4
:10B340002020009001940EA8029000200490059007
:10B3500064226946044802F050FC08B90120DFE786
:10B360000020DDE700200030000B002410B510485D
:10B37000D0F88400102806D00D48D0F88400232887
:10B3800001D0002010BDFFF77BFF08B90020F9E7CE
:10B390000748D0F88400232801D10120F2E70448AF
:10B3A00002F0DEFB08B90120ECE70020EAE700002C
:10B3B000000B002410B5036803F580531B6847F6A3
:10B3C0000204A3430C682343046804F580542360FB
:10B3D0000C798B6843EA04330C7B43EAC43203687C
:10B3E00003F580535B684DF20104A34313430468E3
:10B3F00004F5805463604C7B0B6A43EA04420368A3
:10B4000003F58053D3F80031164C234013430468EE
:10B4100004F58054C4F800310C7D0B6943EA041331
:10B420004C7F43EA0432036803F58053D3F80431B8
:10B430000D4C23401343046804F58054C4F80431D0
:10B440000C7F8B6943EAC472036803F58053D3F819
:10B450000831064C23401343046804F58054C4F8B3
:10B46000083110BD00C0FEFFEFEFC0FFFFFFC07F3F
:10B4700010B50C688B6823430C7943EAC4630C7BDA
:10B4800043EAC4534C7B43EA84538C7B43EA4453E2
:10B49000CC7B43EA04530C7C0CB9012400E000246B
:10B4A00043EAC4434C7C0CB9012400E0002443EA85
:10B4B00044438C7C43EA04434C6923438C69234313
:10B4C0000C7F43EA04334C7F43EAC4238C7F0CB9DE
:10B4D000012400E0002443EA8423CC7F43EA442390
:10B4E00091F820400CB9012400E0002443EA042331
:10B4F00051F8244F23430C7943EA04138C6843EA40
:10B50000040203681B683D4C234013430468236016
:10B510000B7E5B060C7D43EA04630C7B43EA8443A9
:10B520004C7B43EA44438C7B24390CB9012400E072
:10B53000002443EA04434C6B43EA040203685B685B
:10B540002F4C234013430468636091F840404B6CD8
:10B5500043EA04220368DB6840F20F14A343134359
:10B560000468E36091F854400B6D43EA440391F89A
:10B570004C400CB9012400E0002443EAC41331F824
:10B58000484F43EA044203681B6F4FF60D74234093
:10B590001343046823678B7B4C7B43EA44020368B4
:10B5A000D3F8903023F0030313430468C4F89030B9
:10B5B0000368D3F8003D23F072030C692343046849
:10B5C000C4F8003D0C7E4B6948390CB9012400E0F9
:10B5D000002443EA841391F8614043EA041391F88C
:10B5E000624043EAC4020368D3F8303D23F07B0392
:10B5F00013430468C4F8303D10BD0000838004008C
:10B600000080F8C02DE9F8430446002000904FF078
:10B610000109A56E04F1480050F82560E76E24E0AA
:10B62000306958B9684602F011FA009810B94FF025
:10B63000000903E00098306100983060B9F1000F14
:10B6400013D0A06D18B14FF04140F06002E04FF010
:10B650000140F06000BF6D1C042D00D32D1F00BF02
:10B6600004F1480050F825607F1E17B1B9F1000FB2
:10B67000D6D1E06EB84216D0681C00F0030800BFB7
:10B6800000BF00BFBFF35F8F00BF00BF00BF08EB6C
:10B690004801206900EBC101206800F58050C0F826
:10B6A0002811A566E766BDE8F88372B600BFFEE71D
:10B6B00010B5024802F014FE10BD0000B00B0024CB
:10B6C00010B501464A6B0868D0F884004FF6FC7448
:10B6D000A04340EA82000C68C4F884000868D0F8EF
:10B6E000840020F47F04088F44EA00400C68C4F80A
:10B6F0008400886B02440868D0F888004FF6FC7418
:10B70000A04340EA82000C68C4F888000868D0F8BA
:10B71000880020F4FE04888F44EA00400C68C4F8D6
:10B720008800C86B02EB40020868D0F8A0004FF612
:10B73000FC74A04340EA82000C68C4F8A0000868CA
:10B74000D0F8A00020F4FE044020405A44EA004013
:10B750000C68C4F8A000D1E9104004FB002208687E
:10B76000D0F8B0004FF6FC74A04340EA82000C68A9
:10B77000C4F8B0000868D0F8B00020F4FE04B1F8B6
:10B78000480044EA00400C68C4F8B000D1E9124017
:10B7900004FB00220868D0F8AC004FF6FC74A0430C
:10B7A00040EA82000C68C4F8AC00D1E9144004FB04
:10B7B00000220868D0F8F0004FF6FC74A04340EA7D
:10B7C00082000C68C4F8F0000868D0F8F00020F49B
:10B7D0007C14B1F8580044EA00400C68C4F8F0004A
:10B7E000886D02EB40020868D0F8C0004FF6FC7488
:10B7F000A04340EA82000C68C4F8C0000868D0F892
:10B80000C00020F47C14B1F85C0044EA00400C68ED
:10B81000C4F8C0000868D0F8C00020F07C5491F84B
:10B82000600044EA00600C68C4F8C0002A4C486B11
:10B8300004EB8000C866CC6E886B04EB80040C6758
:10B840000C6FC86B04EBC0044C67D1E91004604373
:10B850004C6F04EB80048C67D1E9120460438C6F59
:10B8600004EB8004CC67D1E914046043CC6F04EB93
:10B870008004802044504458886D04EBC004842028
:10B8800044508C6EC86D60438424645804EB80047B
:10B89000882044508C6E086E60438824645804EB02
:10B8A00080049020445040580C4CA04209D9983153
:10B8B000486840F020004860032001F89809012002
:10B8C00010BDCB6E02E0002018601B1D9020405878
:10B8D0009842F8D80020F3E700AC0040FCD30040C9
:10B8E0002DE9F041054614461E46D1F804C0BCF1CE
:10B8F000000F0AD1D1F810C0D1F808804CEA080C2A
:10B90000B1F800804CEA88430BE0D1F810C04CF04D
:10B91000804CD1F808804CEA080CD1F800804CEA41
:10B92000080391F82080D1F81CC04CEA086CD1F8CB
:10B9300018804CEA080CD1F814804CEA080CB1F8D5
:10B940000C804CEA0847D5F868C00CFB06FCD5F81B
:10B95000848008EB8C021360121D1760121D0020FA
:10B9600019E000F1030C14F80CC04FEA0C6800F168
:10B97000020C14F80CC048EA0C4800F1010C14F851
:10B980000CC048EA0C2C14F800804CEA080CC2F8F1
:10B9900000C0121D001DDFF81480D1F80CC018F88B
:10B9A0000CC08445DDD8BDE8F08100005CE80108EA
:10B9B0002DE9F041044603F085FA804614B90120D0
:10B9C000BDE8F08194F83500022808D08020606539
:10B9D00000BF002084F8340000BF0120F0E7FE49DA
:10B9E0002068884249D0FC4918312068884244D0F8
:10B9F000F9493031206888423FD0F7494831206802
:10BA000088423AD0F44960312068884235D0F24902
:10BA100078312068884230D0EF49903120688842E0
:10BA20002BD0ED49A8312068884226D0EB49206808
:10BA3000884222D0E9491831206888421DD0E74960
:10BA400030312068884218D0E44948312068884263
:10BA500013D0E2496031206888420ED0DF49783146
:10BA60002068884209D0DD4990312068884204D09E
:10BA7000DA49A8312068884201D1012000E0002085
:10BA800068B12068006820F01E0021680860206806
:10BA9000406920F0800021684861256806E0206840
:10BAA000006820F00E00216808602568CA492068F7
:10BAB000884270D0C8491831206888426BD0C64986
:10BAC00030312068884266D0C349483120688842B6
:10BAD00061D0C1496031206888425CD0BE4978316C
:10BAE0002068884257D0BC4990312068884252D0A3
:10BAF000B949A831206888424DD0B84920688842A9
:10BB000049D0B64918312068884244D0B349303111
:10BB1000206888423FD0B1494831206888423AD0F5
:10BB2000AE4960312068884235D0AC497831206810
:10BB3000884230D0A9499031206888422BD0A7494B
:10BB4000A8312068884226D0A5492068884222D0A2
:10BB5000A3491431206888421DD0A14928312068AA
:10BB6000884218D09E493C312068884213D09C49B5
:10BB70005031206888420ED099496431206888424B
:10BB800009D0974978312068884204D094498C3193
:10BB90002068884201D1012000E0002028B1206EF9
:10BBA000006820F48070216E08608B49206888420C
:10BBB00049D0894918312068884244D086493031BB
:10BBC000206888423FD084494831206888423AD072
:10BBD000814960312068884235D07F4978312068BA
:10BBE000884230D07C499031206888422BD07A49F5
:10BBF000A8312068884226D078492068884222D01F
:10BC000076491831206888421DD074493031206847
:10BC1000884218D0714948312068884213D06F4952
:10BC20006031206888420ED06C49783120688842A3
:10BC300009D06A4990312068884204D06749A83108
:10BC40002068884206D12068006820F00100216841
:10BC5000086005E02068006820F0010021680860A5
:10BC600011E003F02FF9A0EB080005280BD92020E4
:10BC70006065032084F8350000BF002084F834009C
:10BC800000BF01209CE6286800F001000028E8D1F0
:10BC900051492068884249D04F491831206888426C
:10BCA00044D04D493031206888423FD04A4948311C
:10BCB000206888423AD0484960312068884235D0AF
:10BCC000454978312068884230D043499031206816
:10BCD00088422BD04049A8312068884226D03F496D
:10BCE0002068884222D03D491831206888421DD002
:10BCF0003A4930312068884218D0384948312068A4
:10BD0000884213D035496031206888420ED03349CB
:10BD100078312068884209D03049903120688842C3
:10BD200004D02E49A8312068884201D1012000E0CA
:10BD3000002040B1A66D94F85C0000F01F013F2088
:10BD40008840B06007E0A76D94F85C0000F01F0128
:10BD500001208840786020492068884276D01E49BA
:10BD600018312068884271D01B49303120688842E0
:10BD70006CD0194948312068884267D01649603133
:10BD80002068884262D014497831206888425DD0AA
:10BD9000114990312068884258D00F49A831206855
:10BDA000884253D00D49206888424FD00B49183142
:10BDB000206888424AD0094930312068884245D0FD
:10BDC000064948312068884240D0044960312068E3
:10BDD00088423BD0014905E01000024010040240B7
:10BDE000085402587831206888422FD025492068AD
:10BDF00088422BD0234918312068884226D0224916
:10BE00002068884222D020491431206888421DD001
:10BE10001D4928312068884218D01B493C312068D0
:10BE2000884213D018495031206888420ED01649F4
:10BE300064312068884209D01349783120688842EB
:10BE400004D011498C312068884201D1012000E0E2
:10BE5000002068B1D4E919104860E06E40B1E06E8E
:10BE6000006820F48070E16E0860D4E91C1048601E
:10BE7000012084F8350000BF002084F8340000BFA2
:10BE800000BF9DE5A00402400854025870B5044666
:10BE90000CB9012070BD94F83500022803D0802031
:10BEA00060650120F6E7DC492068884249D0DA491C
:10BEB00018312068884244D0D74930312068884200
:10BEC0003FD0D5494831206888423AD0D2496031C4
:10BED0002068884235D0D04978312068884230D0F7
:10BEE000CD499031206888422BD0CB49A8312068B9
:10BEF000884226D0C9492068884222D0C7491831D3
:10BF0000206888421DD0C54930312068884218D049
:10BF1000C24948312068884213D0C0496031206846
:10BF200088420ED0BD4978312068884209D0BB498B
:10BF300090312068884204D0B849A83120688842EE
:10BF400001D1012000E00020F0B3042084F8350086
:10BF5000B149206888424BD0AF49183120688842E7
:10BF600046D0AD4930312068884241D0AA49483195
:10BF7000206888423CD0A84960312068884237D088
:10BF8000A54978312068884232D0A3499031206891
:10BF900088422DD0A049A8312068884228D09F49E6
:10BFA0002068884224D09D491831206888421FD0DB
:10BFB0009A493031206888421AD09849483120681F
:10BFC000884215D0954900E020E060312068884221
:10BFD0000ED0924978312068884209D08F4990313B
:10BFE0002068884204D08D49A8312068884206D153
:10BFF0002068006820F001002168086009E12068DD
:10C00000006820F001002168086002E120680068F3
:10C0100020F00E00216808607F492068884249D0DE
:10C020007D4918312068884244D07B4930312068EE
:10C0300088423FD078494831206888423AD07649D2
:10C0400060312068884235D0734978312068884251
:10C0500030D071499031206888422BD06E49A83188
:10C060002068884226D06D492068884222D06B49DA
:10C070001831206888421DD06849303120688842D4
:10C0800018D0664948312068884213D0634960312E
:10C09000206888420ED0614978312068884209D0F2
:10C0A0005E4990312068884204D05C49A8312068FC
:10C0B000884206D12068006820F0010021680860ED
:10C0C00005E02068006820F00100216808605249FE
:10C0D0002068884270D050491831206888426BD05F
:10C0E0004D4930312068884266D04B49483120683C
:10C0F000884261D048496031206888425CD0464916
:10C1000078312068884257D043499031206888426E
:10C1100052D04149A831206888424DD03F4920681B
:10C12000884249D03D4918312068884244D03B4973
:10C130003031206888423FD03849483120688842F1
:10C140003AD0364960312068884235D03349783159
:10C150002068884230D031499031206888422BD005
:10C160002E49A8312068884226D02D49206888426F
:10C1700022D02B491431206888421DD0284928310B
:10C180002068884218D026493C312068884213D064
:10C1900023495031206888420ED0214964312068FB
:10C1A000884209D01E4978312068884204D01C4951
:10C1B0008C312068884201D1012000E00020D8B1F4
:10C1C000206E006820F48070216E0860A56D94F8E0
:10C1D0005C0000F01F01012088406860D4E919105C
:10C1E0004860E06E40B1E06E006820F48070E16E5F
:10C1F0000860D4E91C104860012084F8350000BFB5
:10C20000002084F8340000BF206D10B12046216D5D
:10C21000884700203EE60000100002401004024063
:10C22000085402580146486D704700002DE9F84F48
:10C23000044600200090FE4800684FF41651B0FB01
:10C24000F1FAA66DD4F858803768D8F80090F9490B
:10C250002068884249D0F74918312068884244D084
:10C26000F4493031206888423FD0F2494831206893
:10C2700088423AD0EF4960312068884235D0ED4994
:10C2800078312068884230D0EA499031206888426D
:10C290002BD0E849A8312068884226D0E64920689A
:10C2A000884222D0E4491831206888421DD0E249F2
:10C2B00030312068884218D0DF49483120688842F0
:10C2C00013D0DD496031206888420ED0DA497831D8
:10C2D0002068884209D0D84990312068884204D02B
:10C2E000D549A8312068884201D1012000E0002012
:10C2F00000287DD094F85C0000F01F0108208840E1
:10C300003840002868D0CB492068884249D0C949C4
:10C3100018312068884244D0C649303120688842AC
:10C320003FD0C4494831206888423AD0C149603181
:10C330002068884235D0BF4978312068884230D0A3
:10C34000BC499031206888422BD0BA49A831206876
:10C35000884226D0B8492068884222D0B649183190
:10C36000206888421DD0B44930312068884218D0F6
:10C37000B14948312068884213D0AF496031206804
:10C3800088420ED0AC4978312068884209D0AA4949
:10C3900090312068884204D0A749A831206888429B
:10C3A00004D12068006800F0040003E02068006801
:10C3B00000F0080080B12068006820F004002168C7
:10C3C000086094F85C0000F01F0108208840B0600D
:10C3D000606D40F00100606594F85C0000F01F01A2
:10C3E000012088403840E8B392492068884200E044
:10C3F000B7E24BD08F4918312068884246D08D492A
:10C4000030312068884241D08A49483120688842CA
:10C410003CD0884960312068884237D085497831DE
:10C420002068884232D083499031206888422DD0DC
:10C430008049A8312068884228D07F4920688842F6
:10C4400024D07D491831206888421FD07A49303184
:10C45000206888421AD0784948312068884215D02F
:10C46000754900E026E06031206888420ED07249AC
:10C4700078312068884209D06F499031206888421D
:10C4800004D06D49A8312068884204D120684069F1
:10C4900000F0800002E020680068002050B194F8AD
:10C4A0005C0000F01F0101208840B060606D40F02A
:10C4B0000200606594F85C0000F01F0104208840D1
:10C4C0003840E8B35B49206888424BD0594918315D
:10C4D0002068884246D0574930312068884241D090
:10C4E00054494831206888423CD052496031206824
:10C4F000884237D04F4978312068884232D04D4940
:10C500009031206888422DD04A49A831206888425D
:10C5100028D049492068884224D0474918312068EA
:10C5200088421FD044493031206888421AD042499D
:10C5300048312068884215D03F496031206800E0CA
:10C5400024E088420ED03C4978312068884209D0E6
:10C55000394990312068884204D03749A831206891
:10C56000884204D12068006800F0020002E02068E0
:10C570000068002050B194F85C0000F01F01042016
:10C580008840B060606D40F00400606594F85C0025
:10C5900000F01F01102088403840E8B3254920688A
:10C5A000884251D023491831206888424CD0214913
:10C5B00030312068884247D01E494831206888427F
:10C5C00042D01C496031206888423DD019497831F9
:10C5D0002068884238D0174990312068884233D08B
:10C5E0001449A831206888422ED013492068884217
:10C5F0002AD0114918312068884225D00E4930319F
:10C600002068884220D00C494831206888421BD0DD
:10C6100009496031206800E04DE0884214D00649A5
:10C620007831206888420FD003499031206805E0B6
:10C63000300100241000024010040240884203D060
:10C64000FE492068884204D12068006800F0080094
:10C6500003E02068006800F0040060B394F85C0018
:10C6600000F01F0110208840B0602068006800F4CE
:10C67000802080B12068006800F4002028B9206C78
:10C68000C8B12046216C884715E0A06C98B12046BF
:10C69000A16C88470FE02068006800F4807028B91A
:10C6A0002068006820F0080021680860206C10B144
:10C6B0002046216C884794F85C0000F01F01202080
:10C6C0008840384000287DD0DD492068884249D024
:10C6D000DB4918312068884244D0D949303120687C
:10C6E00088423FD0D6494831206888423AD0D44960
:10C6F00060312068884235D0D1497831206888423D
:10C7000030D0CF499031206888422BD0CC49A83115
:10C710002068884226D0C949A8392068884221D09B
:10C72000C6499039206888421CD0C44978392068AD
:10C73000884217D0C14960392068884212D0BF4969
:10C740004839206888420DD0BC4930392068884279
:10C7500008D0BA4918392068884203D0B749206800
:10C76000884204D12068006800F0100003E02068CF
:10C77000006800F0020028B394F85C0000F01F018C
:10C7800020208840B06094F8350004282DD120681E
:10C79000006820F01600216808602068406920F0D9
:10C7A000800021684861206C08B9A06C28B120681D
:10C7B000006820F008002168086094F85C0000F030
:10C7C0001F0100E03FE03F208840B060012084F876
:10C7D000350000BF002084F8340000BF206D10B188
:10C7E0002046216D8847BDE8F88F2068006800F476
:10C7F000802080B12068006800F4002028B9606CB7
:10C8000008B32046616C88471DE0E06BD8B1204634
:10C81000E16B884717E02068006800F4807068B911
:10C820002068006820F0100021680860012084F86A
:10C83000350000BF002084F8340000BFE06B10B169
:10C840002046E16B8847606D00287AD0606D00F06B
:10C850000100E8B3042084F8350079492068884253
:10C860004BD0774918312068884246D0744930311E
:10C870002068884241D072494831206888423CD0C3
:10C880006F4960312068884237D06D49783120681F
:10C89000884232D06A499031206888422DD0684958
:10C8A000A8312068884228D06449A8392068884285
:10C8B00023D062499039206888421ED05F49783978
:10C8C0002068884219D05D4960392068884200E0BC
:10C8D00040E012D059494839206888420DD0574964
:10C8E00030392068884208D0544918392068884275
:10C8F00003D052492068884206D12068006820F0A1
:10C9000001002168086005E02068006820F001004F
:10C910002168086000BF0098401C0090504500D975
:10C9200005E02068006800F001000028F3D100BF96
:10C930002068006800F0010020B1032084F8350071
:10C9400003E00DE0012084F8350000BF002084F8EA
:10C95000340000BFE06C002802D02046E16C88471C
:10C96000D9E138492068884222D0364914312068FC
:10C9700088421DD0334928312068884218D0314977
:10C980003C312068884213D02E49503120688842BB
:10C990000ED02C4964312068884209D02949783169
:10C9A0002068884204D027498C312068884201D110
:10C9B000012000E000200028D2D02068056894F80B
:10C9C0005C0000F01F010420884000EA0900D8B391
:10C9D00005F00400C0B394F85C0000F01F010420CF
:10C9E0008840C8F8040005F4004080B105F48030A8
:10C9F00030B9A06C0028B3D02046A16C88478AE1EA
:10CA0000206C0028ACD02046216C884783E105F0DB
:10CA10002000E8BB0A492068884253D008491831F1
:10CA2000206888424ED0064930312068884249D07B
:10CA3000034948312068884244D006E0B8040240E7
:10CA400010000240085402584FE0B4496031206899
:10CA5000884237D0B14978312068884232D0AF4916
:10CA60009031206888422DD0AC49A8312068884296
:10CA700028D0AB492068884224D0A94918312068C1
:10CA800088421FD0A6493031206888421AD000E081
:10CA900025E0A34948312068884213D0A04960317D
:10CAA000206888420ED09E4978312068884209D09B
:10CAB0009B4990312068884204D09949A831206868
:10CAC000884206D12068006820F0080021680860CC
:10CAD00005E02068006820F0040021680860206CF0
:10CAE00010B32046216C884715E194F85C0000F0F3
:10CAF0001F010220884000EA0900E8B305F00200A7
:10CB0000D0B394F85C0000F01F0102208840C8F800
:10CB1000040005F4004070B105F4803028B9606C61
:10CB200010B12046616C8847F5E0E06BF0B3204619
:10CB3000E16B8847EFE005F02000C0BB7749206833
:10CB400088424ED0754918312068884249D07349CF
:10CB500030312068884244D070494831206888428A
:10CB60003FD06E496031206888423AD06B497831B5
:10CB70002068884235D000E04EE068499031206856
:10CB800088422ED06549A8312068884229D064495E
:10CB90002068884225D0624918312068884220D018
:10CBA0005F493031206888421BD001E06EE02DE003
:10CBB0005B4948312068884213D059496031206868
:10CBC00088420ED0564978312068884209D05449AD
:10CBD00090312068884204D05149A83120688842A9
:10CBE00006D12068006820F014002168086005E084
:10CBF0002068006820F00A0021680860012084F89D
:10CC0000350000BF002084F8340000BFE06BE8B3BB
:10CC10002046E16B88477EE094F85C0000F01F013D
:10CC20000820884000EA090080B305F0080068B3D6
:10CC30003A49206888424BD03849183120688842E8
:10CC400046D0364930312068884241D03349483196
:10CC5000206888423CD0314960312068884237D012
:10CC60002E4978312068884232D02C499031206892
:10CC700088422DD02949A8312068884228D02849E7
:10CC80002068884224D02649183100E043E020681B
:10CC900088421DD0224930312068884218D020496E
:10CCA00048312068884213D01D496031206888428D
:10CCB0000ED01B4978312068884209D0184990313C
:10CCC0002068884204D01649A8312068884206D1DD
:10CCD0002068006820F01C002168086005E02068DA
:10CCE000006820F00E002168086094F85C0000F0F5
:10CCF0001F0101208840C8F804000120606584F805
:10CD0000350000BF002084F8340000BFE06C10B193
:10CD10002046E16C884700BF65E500001000024036
:10CD2000100402402DE9F041044602F0CBF88046A1
:10CD300014B90120BDE8F081FE492068884249D03D
:10CD4000FC4918312068884244D0FA4930312068C3
:10CD500088423FD0F7494831206888423AD0F549A7
:10CD600060312068884235D0F249783120688842A5
:10CD700030D0F0499031206888422BD0ED49A8315D
:10CD80002068884226D0EC492068884222D0EA49AF
:10CD90001831206888421DD0E74930312068884228
:10CDA00018D0E54948312068884213D0E249603103
:10CDB000206888420ED0E04978312068884209D046
:10CDC000DD4990312068884204D0DB49A8312068D1
:10CDD000884201D1012000E00020002873D0606A61
:10CDE00000B100BF022084F8350000BF002084F8A5
:10CDF000340000BFCF492068884249D0CD4918315E
:10CE00002068884244D0CB493031206888423FD0E6
:10CE1000C8494831206888423AD0C6496031206804
:10CE2000884235D0C34978312068884230D0C14922
:10CE30009031206888422BD0BE49A83120688842B2
:10CE400026D0BD492068884222D0BB4918312068CD
:10CE500088421DD0B84930312068884218D0B64980
:10CE600048312068884213D0B34960312068884235
:10CE70000ED0B14978312068884209D0AE4990314E
:10CE80002068884204D0AC49A8312068884206D185
:10CE90002068006820F001002168086005E0206833
:10CEA000006820F00100216808600DE002F00AF837
:10CEB000A0EB0800052807D920206065032084F82E
:10CEC0003500012036E76AE02068006800F00100C4
:10CED0000028EBD12068056898480540D4E9020194
:10CEE00008432169084361690843A1690843E1696E
:10CEF0000843216A08430543606A042803D1D4E942
:10CF00000B01084305438E4800686FF30F00B0F132
:10CF1000005F1DD36068292802D360682E2811D9CC
:10CF200060683F2802D3606842280BD960684728B0
:10CF300002D36068482805D960684F2804D3606828
:10CF4000522801D8012000E0002008B145F48015E6
:10CF5000206805602068456925F00705606A05437B
:10CF6000606A04280DD1A06A0543E06A48B12046F2
:10CF7000F7F744F828B140206065012084F83500B7
:10CF8000D8E6206845612046F6F714FF064694F877
:10CF90005C0000F01F013F208840B0609EE06949BE
:10CFA0002068884222D067491431206888421DD009
:10CFB000644928312068884218D062493C31206891
:10CFC000884213D05F495031206888420ED05D49B5
:10CFD00064312068884209D05A49783120688842F3
:10CFE00004D058498C312068884201D1012000E0EA
:10CFF0000020E0B353492068884222D051491431BF
:10D00000206888421DD04F4928312068884218D0B6
:10D010004C493C312068884213D04A49503120683D
:10D0200088420ED0474964312068884209D045497A
:10D0300078312068884204D042498C312068884287
:10D0400001D1012000E0002000B100BF022084F8DF
:10D05000350000BF002084F8340000BF2068056858
:10D0600039480540A068402802D1102106E02EE092
:10D07000A068802801D1C10100E00021E06841EAF8
:10D08000D001206941EAD001606941EAD001A0697C
:10D0900041EAD001E06941EAD001206A41EA10107A
:10D0A00005432068056027492068401A1421B0FB19
:10D0B000F1F08000E0652046F6F77CFE074694F824
:10D0C0005C0000F01F0101208840786006E04020ED
:10D0D0006065032084F8350001202BE6154920689F
:10D0E00088427FD013491831206888427AD011498C
:10D0F00030312068884275D00E4948312068884216
:10D1000070D00C496031206888426BD00949783171
:10D110002068884266D0074990312068884261D0F3
:10D120000449A831206888425CD0034920688842BD
:10D1300058D00BE010000240100402403F8010FE67
:10D140000010005C085402580F00FEFF3B491831E4
:10D150002068884246D0394930312068884241D021
:10D1600036494831206888423CD0344960312068D3
:10D17000884237D0314978312068884232D02F49EF
:10D180009031206888422DD02C49A83120688842EF
:10D1900028D02B492068884224D02949143120689E
:10D1A00088421FD026492831206888421AD0244955
:10D1B0003C312068884215D021495031206888428E
:10D1C00010D01F496431206888420BD01C49783147
:10D1D0002068884206D01A498C312068884200E0D5
:10D1E00000E001D1012000E0002000B32046F6F766
:10D1F00057FEA068802801D1002060602079216E50
:10D200000860D4E919104860606860B16068082857
:10D2100009D82046F6F7A6FE0020E16E0860D4E9A2
:10D220001C10486003E00020E06620676067002073
:10D230006065012084F8350000207BE51004024081
:10D24000085402582DE9F04104460D4616461F4683
:10D250004FF0000814B90120BDE8F08100BF94F838
:10D260003400012801D10220F6E7012084F83400BF
:10D2700000BF94F8350001287ED1022084F83500E3
:10D2800000206065E4492068884249D0E2491831AD
:10D290002068884244D0E0493031206888423FD03D
:10D2A000DD494831206888423AD0DB496031206846
:10D2B000884235D0D84978312068884230D0D64964
:10D2C0009031206888422BD0D349A8312068884209
:10D2D00026D0D2492068884222D0D049183120680F
:10D2E00088421DD0CD4930312068884218D0CB49C2
:10D2F00048312068884213D0C8496031206888428C
:10D300000ED0C64978312068884209D0C34990318F
:10D310002068884204D0C149A8312068884206D1DB
:10D320002068006820F001002168086005E020689E
:10D33000006820F00100216808603B46324629461B
:10D340002046F6F7B3FEB449206888424BD0B24974
:10D3500018312068884246D0AF4930312068884271
:10D3600041D0AD494831206888423CD0AA4960315B
:10D370002068884237D000E042E1A7497831206830
:10D38000884230D0A4499031206888422BD0A249ED
:10D39000A8312068884226D0A0492068884222D03F
:10D3A0009E491831206888421DD09C493031206840
:10D3B000884218D0994948312068884213D097494B
:10D3C0006031206888420ED09449783120688842C4
:10D3D00009D0924990312068884204D08F49A83101
:10D3E0002068884201D1012000E0002080B120683F
:10D3F000006820F01E0040F0160021680860206CD4
:10D40000B0B12068006840F00800216808600FE0B3
:10D410002068006820F00E0040F00A0021680860D3
:10D42000206C28B12068006840F004002168086082
:10D4300079492068884270D077491831206888423D
:10D440006BD0754930312068884266D072494831C6
:10D450002068884261D070496031206888425CD081
:10D460006D4978312068884257D06B4990312068E7
:10D47000884252D06849A831206888424DD0674917
:10D480002068884249D0654918312068884244D0D4
:10D4900062493031206888423FD060494831206875
:10D4A00088423AD05D4960312068884235D05B4976
:10D4B00078312068884230D05849903120688842BD
:10D4C0002BD05649A8312068884226D0544920687C
:10D4D000884222D052491431206888421DD05049D8
:10D4E00028312068884218D04D493C312068884254
:10D4F00013D04B495031206888420ED048496431DE
:10D500002068884209D0464978312068884204D092
:10D5100043498C312068884201D1012000E000207D
:10D5200090B1206E006800F4803028B1206E006851
:10D5300040F48070216E0860E06E28B1E06E0068F3
:10D5400040F48070E16E086033492068884249D019
:10D55000314918312068884244D02F493031206841
:10D5600088423FD02C494831206888423AD02A4925
:10D5700060312068884235D0274978312068884258
:10D5800030D025499031206888422BD02249A831DB
:10D590002068884226D021492068884222D01F492D
:10D5A0001831206888421DD01C49303120688842DB
:10D5B00018D01A4948312068884213D01749603181
:10D5C000206888420ED0154978312068884209D0F9
:10D5D000124990312068884204D01049A83120684F
:10D5E000884206D12068006840F001002168086088
:10D5F00010E02068006840F001002168086009E040
:10D600004FF40060606500BF002084F8340000BF64
:10D610004FF0010840461FE610000240100402408F
:10D620000854025838B504460CB9012038BDD4F866
:10D63000840028B92320C4F88400204600F0BAF8FA
:10D6400000BF5748006840F002005549086008468E
:10D65000006800F00200009000BF00BF207A18B9F7
:10D66000002003F0D9FD03E04FF4000003F0D4FDE7
:10D670004C480068206800F58050006840F00101C7
:10D68000206800F58050016001F01CFC05460DE0AB
:10D6900001F018FC401BB0F5FA7F07D90420C4F84C
:10D6A0008800E020C4F884000120BFE7206800F56E
:10D6B0008050006800F001000028E9D1204600F009
:10D6C00019FA03F01DF83849B0FBF1F0401E21684B
:10D6D000C1F8DC002046FDF75AFB206800F58050B9
:10D6E000D0F8000120F4E01040F40021206800F59B
:10D6F0008050C0F80011207D00F0030038B10120F7
:10D70000C4F88800E020C4F8840001208EE7206877
:10D7100000F58050D0F8080147F6FE718843616932
:10D7200040EA4101206800F58050C0F80811204609
:10D73000FDF704FB2046FDF7D1FA606800796168C7
:10D74000497940EA01202168C1F800036068C07887
:10D7500000066168897840EA01406168497840EADA
:10D7600001206168097808432168C1F80403206832
:10D77000D0F80C070D4908432168C1F80C07206850
:10D78000D0F810070A4908432168C1F810070020A3
:10D79000C4F888001020C4F88400002046E7000088
:10D7A000F44402580404005840420F006000020C88
:10D7B00000C0200C10B586B00446142101A8F3F770
:10D7C00008FA40492068884279D100BF3E48006885
:10D7D00040F400403C4908600846006800F40040FE
:10D7E000009000BF00BF00BF0846006840F48030D2
:10D7F00008600846006800F48030009000BF00BF59
:10D8000000BF0846006840F4003008600846006821
:10D8100000F40030009000BF00BF00BF2A4808306D
:10D82000006840F004002849083108600846006894
:10D8300000F00400009000BF00BF00BF0846006871
:10D8400040F0010008600846006800F00100009008
:10D8500000BF00BF00BF0846006840F040000860FD
:10D860000846006800F04000009000BF00BF322072
:10D870000190022002900020039004900B2005905C
:10D8800001A9124801F00CFA8620019002200290B2
:10D890000020039004900B20059001A90C4801F092
:10D8A000FFF94FF460500190022002900020039095
:10D8B00004900B20059001A9064801F0F1F906B08B
:10D8C00010BD000000800240D844025800080258F1
:10D8D00000000258001802582DE9F05F04460F4678
:10D8E0004FF00008C34647B9D4F8880040F0010063
:10D8F000C4F888000120BDE8F09FD4F884002328F4
:10D9000001D00120F7E7E66D04F1480050F82650F9
:10D91000E06EC0F1040A3FE0E86800F0804018B112
:10D920006968A16729686167E86800F0005008B974
:10D93000E06F28B3E86800F0005010B100212166C4
:10D940006166E868C0F30E01606EA1EB0009E8684B
:10D9500000F0805018B1E96821674FF0010B1FFA01
:10D9600089F304F18001081F2A6900F089F8206E0C
:10D97000401C2066606E00EB090161660020286192
:10D9800000BF761C042E00D3361F00BF04F14800F0
:10D9900050F8265008F10108E86800F0004020B96E
:10D9A000D04502D2BBF1000FB6D0E06E00EB08010B
:10D9B000E166E06E10B12046FDF724FEE665BBF19E
:10D9C000010F05D1E06F38600021E167002092E788
:10D9D000012090E72DE9F04704460F46904699460E
:10D9E0002068D0F8000200F0010010B10120BDE86D
:10D9F000F0872068D0F8005225F0787040EA47554B
:10DA000025F4F81040EA084545F00C0545F00105FD
:10DA10002068C0F8005201F055FA064607E001F010
:10DA200051FA801BB0F57A7F01D90120DFE7206829
:10DA3000D0F8000200F001000028F0D12068D0F8F2
:10DA4000040280B2C9F800000020D0E70A49096842
:10DA5000C1EBC11101EB4101084A02EB81010160F8
:10DA600005490968491C044A1160114609680429DE
:10DA700001D3002111607047F80000240004003039
:10DA800010B5046804B902600A6010BD10B5024602
:10DA900009B9012010BD0878CC7840EA44000C791F
:10DAA00040EA84000C7A40EAC4004C7940EA041051
:10DAB0004C7A0CB9012400E0002440EA4410CC79EF
:10DAC00040EA04208C7940EA44208C7840EA8420A3
:10DAD0004C7840EAC470CC6840EA0403106880685F
:10DAE000034C204018431468A0600020D2E70000D7
:10DAF00000F8FF7F70B506463068D0F8004224F485
:10DB0000706402F0FDFD05461048854202D244F4DF
:10DB1000007417E00E48854202D244F4407411E0CC
:10DB20000C48854200D20DE00B48854202D244F4F5
:10DB3000807407E00948854202D244F4806401E021
:10DB400044F4A0643068C0F8004270BDC00E1602F4
:10DB50000087930300E1F50580D1F00880B2E60E5E
:10DB600010B50446D4F88400102844D12320C4F80A
:10DB700084000421E1662046FDF744FD206800682A
:10DB800040F00200216808602068006840F0010051
:10DB9000216808602068D0F8000D40F0010021687D
:10DBA000C1F8000D206800F58050D0F8040140F065
:10DBB0000101206800F58050C0F80411206800F5CC
:10DBC0008050D0F8080140F00101206800F5805035
:10DBD000C0F80811206800F58050D0F8600140F4CA
:10DBE0008171206800F58050C0F860112320C4F8CE
:10DBF0008400002010BD0120FCE72DE9F04104461F
:10DC000088461546B8F1000F08D1D4F8880040F0D6
:10DC10000100C4F888000120BDE8F081D4F8840038
:10DC2000232863D1002241462046FDF733F938B15D
:10DC3000D4F8880040F00200C4F888000120EBE727
:10DC400000BF00BF00BFBFF34F8F00BF00BF00BFCA
:10DC500004F11800A16A50F8217000BFA06A401CAE
:10DC6000A062A06A042802D3A06A001FA06200BFBD
:10DC700004F11800A16A50F82110206800F58050C6
:10DC8000C0F8201101F01EF9064629E0206800F5D1
:10DC90008050D0F8600100F4805070B1D4F8880052
:10DCA00040F00800C4F88800206800F58050D0F8E3
:10DCB0006001C4F88C000120AEE7681C80B101F05F
:10DCC00001F9801BA84200D855B9D4F8880040F06B
:10DCD0000400C4F888004FF04050F86001209BE732
:10DCE000F86800F000400028D0D195E7012093E7C4
:10DCF0002DE9F04705460F46904699462868D0F82A
:10DD0000000200F0010010B10120BDE8F087286892
:10DD1000D0F8004224F0787040EA475424F4F81018
:10DD200040EA084424F00C00041D44F001041FFAEA
:10DD300089F00D4908600D48C0F8004201F0C2F8B2
:10DD4000064607E001F0BEF8801BB0F57A7F01D9E6
:10DD50000120DAE72868D0F8000200F0010000286E
:10DD6000F0D100BFD1E700000482024000800240F1
:10DD700030B5034693F89840012C01D0022C3ED1D7
:10DD80001868806D084030B91868C06D40F0010017
:10DD90001D68E8650EE01868806D0840884206D16D
:10DDA0001868C06D40F002001D68E86502E00320BD
:10DDB0001D68E86501F4007030B11868D0F8E00023
:10DDC00010431D68C5F8E00001F4806030B11868A8
:10DDD000D0F8E40010431D68C5F8E40000BF1868DF
:10DDE000406D0B4D0D4028431D686865094800686B
:10DDF00040EA9170074D286000BF002030BDD3F885
:10DE00009C0040F00200C3F89C000120F6E70000EF
:10DE1000FFFFCF3F14A800402DE9F04104460E4615
:10DE20001746706800B900E000BF94F89800022817
:10DE300032D12068D0F8C00000F07C5040B9D4F84E
:10DE40009C0040F02000C4F89C000120BDE8F08157
:10DE50002068D0F8C40000F4001038B1D4F89C0059
:10DE600040F40070C4F89C000120EFE72068D0F86F
:10DE7000C400C0F304452B463A4631462046FDF720
:10DE80002FFD0120A8402168C1F8D0000120A84042
:10DE9000C4F894000020D9E7D4F89C0040F00800B2
:10DEA000C4F89C000120D1E77047F0B5024692F813
:10DEB0009860012E01D0022E43D1C868072800D1F6
:10DEC00000BF086818BBC868072800D000BFC86832
:10DED00007280BD1088A4FF0605747EA0040CF6906
:10DEE00040EA07208F6940EA07040AE0087A8007C1
:10DEF0000F7B40EAC7600F8A40EA07404F6940EA5B
:10DF00000704D76E486807EB80031C6017E0C868F9
:10DF1000072800D000BF0F7B086940EA4774C86833
:10DF2000072801D18D6903E00F7A486940EA8775B7
:10DF3000176F486807EBC0031C601B1D1D600020A5
:10DF4000F0BDD2F89C0040F00200C2F89C00012015
:10DF5000F6E770B50446049D94F8980001280AD1AC
:10DF6000080140EA820040EA430028432668C6F8D8
:10DF70008000002070BDD4F89C0040F00400C4F87C
:10DF80009C000120F6E710B5034693F8980001289D
:10DF900005D142EA01201C68A064002010BDD3F81E
:10DFA0009C0040F00400C3F89C000120F6E7014605
:10DFB00091F89800012807D10868C06840F4000073
:10DFC0000A68D06000207047D1F89C0040F004003F
:10DFD000C1F89C000120F6E710B5044603488442CE
:10DFE00002D12046F5F75CFC10BD0000B00B002408
:10DFF00030B58BB005460C461748854201D00BB0B2
:10E0000030BD04F0807020B11448406A401C1349B0
:10E01000486204F4000020B11048806A401C0F4997
:10E02000886204F00070A8B16946284600F020F824
:10E0300080B9059870B10A48007858B90748C06A95
:10E04000401C0649C86200F03DFF064908600120F7
:10E050000349087000BFD2E7B00B0024F04003244E
:10E0600010010024140100240146D1F89C007047DF
:10E0700003461868426C02F007000860C2F30220F1
:10E08000486002F018008860C2F34010C860C2F314
:10E0900080100861C2F3C0104861C2F3C0208861DB
:10E0A000C2F30030C861C2F340300862C2F380306E
:10E0B0004862C2F306408862002070470246402949
:10E0C00005D11368D3F8A43003F07F0004E013688F
:10E0D000D3F8B43003F07F00704700002DE9F0431F
:10E0E00004460D469C46002394F89880B8F1020F30
:10E0F00074D1402D38D12068D0F8A00000F4FE0083
:10E1000040B9D4F89C0040F02000C4F89C000120E5
:10E11000BDE8F0832068D0F8A40000F07F0038B993
:10E12000D4F89C0040F48070C4F89C000120EFE714
:10E130002068D0F8A400C0F3006040B12068D0F897
:10E14000A0004FF00109B9EBD07F00D10123206876
:10E15000D0F8A400C0F305200344606C5843D4F801
:10E16000749009EB80014BE0412D38D12068D0F844
:10E17000B00000F4FE0038B9D4F89C0040F0200054
:10E18000C4F89C000120C3E72068D0F8B40000F078
:10E190007F0038B9D4F89C0040F48070C4F89C002B
:10E1A0000120B5E72068D0F8B400C0F3006040B1AA
:10E1B0002068D0F8B0004FF00109B9EBD07F00D152
:10E1C00001232068D0F8B400C0F305200344E06CBC
:10E1D0005843D4F8789009EB800111E06DE0206D90
:10E1E000A84207D8D4F89C0040F02000C4F89C0056
:10E1F00001208DE7606D6843D4F87C9009EB8001C5
:10E20000086800F080405060506820B90868C0F38A
:10E210008A40106003E0086820F0604010600868E1
:10E2200000F000509060086800F000401061091D87
:10E23000088880B2D0610868C0F30340D0600868E5
:10E2400000F480105061086800F4001090610868C4
:10E25000C0F3066010620868C00F5062091D0F46C7
:10E26000002603E0B85D0CF80600761CDFF85C9031
:10E27000D06819F80000B042F4D8402D03D12068CE
:10E28000C0F8A83017E0412D03D12068C0F8B8309D
:10E2900011E0202D06D20120A840D4F80090C9F842
:10E2A000980008E005F01F09012000FA09F0D4F8F1
:10E2B0000090C9F89C0000202AE7D4F89C0040F0A8
:10E2C0000800C4F89C00012022E700005CE8010877
:10E2D00001460A68D2F8C42002F03F007047704738
:10E2E0002DE9F04F8DB00446EF4800688707EE48EF
:10E2F000001D006807EA80772068006D00F4704810
:10E300002068406D00EA08082068006D00F00F09E1
:10E310002068406D00EA09092068006D00F0F00AED
:10E320002068406D00EA0A0A2068006D00F0715B09
:10E330002068406D00EA0B0B2068006D00F06070F3
:10E340000C902068406D0C9908400C902068456D39
:10E350002068066DC5F3002070B1C6F3002058B1E7
:10E3600000BF4FF48070216808650020CE49086026
:10E3700000BF2046FFF7B3FFC5F38020C8B1C6F346
:10E380008020B0B12068D0F8DC000A902068D0F876
:10E39000E4000A9908400A9000BF4FF480602168A9
:10E3A00008650020C049086000BF20460A9900F0B7
:10E3B0005BFC67B100BFBD48384021680865B80FF5
:10E3C000B949086000BF39462046FFF76DFDB8F136
:10E3D000000F0ED000BFB54808EA000021680865AC
:10E3E0004FEA9870B049086000BF4146204600F0EF
:10E3F00055FCB9F1000F0ED000BFAC4809EA00008F
:10E40000216808654FEA9970A749086000BF49462E
:10E41000204600F047FBBAF1000F0ED000BFA34822
:10E420000AEA0000216808654FEA9A709E49086070
:10E4300000BF5146204600F0A5FBC5F3C02070B1D7
:10E44000C6F3C02058B100BF4FF4006021680865D2
:10E4500000209549086000BF204600F020FCC5F36D
:10E460004020C8B1C6F34020B0B12068D0F8D80031
:10E470000B902068D0F8E0000B9908400B9000BF8B
:10E480004FF400702168086500208749086000BFCC
:10E4900020460B9900F0EAFBC5F3C04070B1C6F30B
:10E4A000C04058B100BF4FF400202168086500202B
:10E4B0007D49086000BF204600F0F2FAC5F3004035
:10E4C00070B1C6F3004058B100BF4FF480302168EE
:10E4D000086500207449086000BF204600F0C3FBB7
:10E4E000C5F3804070B1C6F3804058B100BF4FF40F
:10E4F00080202168086500206B49086000BF204625
:10E5000000F0B0FBC5F3404088B1C6F3404070B1A5
:10E5100000BF4FF4003021680865002062490860A0
:10E5200000BFD4F89C0040F08000C4F89C000C9818
:10E5300070B100BF5D490C980840216808650C98CF
:10E54000800F5949086000BF20460C99FFF750FD25
:10E55000BBF1000F10D000BF54480BEA0000216847
:10E5600008654FEA9B705049086000BFD4F89C00D2
:10E5700040EA0B00C4F89C004D49206888427DD1D8
:10E580006068806800F00300002877D06068006A47
:10E5900000F00F0009906068406A099908400990EE
:10E5A0006068006A00F0300008906068406A08996E
:10E5B000084008906068006A00F4C07007906068C6
:10E5C000406A0799084007906068006A00F4FC40C0
:10E5D00006906068406A0699084006906068006A84
:10E5E00000F4F02005906068406A059908400590A5
:10E5F0006068406A02906068006A0190099830B1D2
:10E600000998616808622046099900F028FB08987B
:10E6100030B10898616808622046089900F021FB33
:10E620000298C0F38010A0B10198C0F3801080B1AF
:10E630006068C06B000C04906068C06B00F03F0025
:10E6400003904020616808622046DDE9032100F064
:10E6500007FB079830B10798616808622046079960
:10E6600000F0FCFA069840B1069861680862D4F898
:10E670009C0006990843C4F89C0000E00AE0059855
:10E6800040B1059861680862D4F89C000599084378
:10E69000C4F89C00D4F89C0010B12046FFF79CFC05
:10E6A0000DB0BDE8F08F000010A80040FFFFCF3F85
:10E6B00000A0004070B594B004464C22B34901A8B4
:10E6C000F2F72BFA14B9012014B070BDB0492068DC
:10E6D000884203D1206800F580706060A068B0F5C2
:10E6E000407F00D100BF206C00B100BFA06C00B122
:10E6F00000BF206D00B100BF206E00B100BFD4E9A3
:10E700001710084400B100BF94F8980028B9002001
:10E7100084F89900204600F03DF92068806920F0D7
:10E7200010002168886100F0CDFB05460EE000F086
:10E73000C9FB401B0A2809D99834606840F00100E1
:10E740006060032004F898090120BDE72068806913
:10E7500000F008000828EAD02068806940F0010035
:10E760002168886100F0AEFB05460EE000F0AAFBD0
:10E77000401B0A2809D99834606840F001006060A5
:10E78000032004F8980901209EE72068806900F0C2
:10E7900001000028EAD02068806940F0020021686A
:10E7A0008861207C012806D12068806920F0400023
:10E7B0002168886105E02068806940F04000216898
:10E7C0008861607C012806D12068806940F480401F
:10E7D0002168886105E02068806920F48040216814
:10E7E0008861A07C012806D12068806920F48050CF
:10E7F0002168886105E02068806940F480502168C4
:10E8000088612068806920F44070A168084321680D
:10E8100088612068806920F0A400216888612068F0
:10E82000006920F0100021680861E068012806D125
:10E830002068806940F004002168886120E0E06879
:10E84000F0B1E068022815D02068806940F08000AF
:10E85000216888612068006940F010002168086123
:10E86000E06803280CD12068806940F0200021680E
:10E87000886105E02068806940F020002168886197
:10E88000207E401E4106E069401E41EA0020216AC8
:10E89000491E0843A18A491E40EA01402168C86117
:10E8A000A068B0F5407F0FD1A06A401EE16A491E02
:10E8B00040EA0121206B401E41EA0011A08C401E5D
:10E8C00041EA00402168C860206E38B12068D0F865
:10E8D000C000616E08432168C1F8C000D4E9171078
:10E8E000084460B12068D0F8C80020F0070001AAF1
:10E8F000A16E52F8211008432168C1F8C800206CAD
:10E9000060B12068D0F8BC0020F0070001AA616C5B
:10E9100052F8211008432168C1F8BC00A06C68B10E
:10E920002068D0F8BC0020F0700101AAE06C52F819
:10E93000200041EA00102168C1F8BC00206D68B1D8
:10E940002068D0F8BC0020F4E06101AA606D52F8A4
:10E95000200041EA00202168C1F8BC000C49206871
:10E96000884205D16068806820F003006168886093
:10E97000002044F8940FA06001202071943C2046B0
:10E98000FCF79EFE064630469EE600006CE8010855
:10E9900000A0004010B5B8B00446142132A8F2F728
:10E9A00018F9C02102A8F2F714F939492068884201
:10E9B0006CD14FF400410020CDE9021002200490F8
:10E9C0000C21059102210691052107910221089150
:10E9D000C021099120210A9100210B9100071E906E
:10E9E00002A800F013FE08B1FCF75FFE00BF294843
:10E9F000006840F48070274908600846006800F409
:10EA00008070019000BF00BF00BF22480C38006832
:10EA100040F480701F490C3908600846006800F413
:10EA20008070019000BF00BF00BF0846006840F042
:10EA3000020008600846006800F00200019000BF74
:10EA400000BF4FF4007032900220339000203490C9
:10EA500035900920369032A90F4800F021F94FF483
:10EA600000703290022033900020349003203590C3
:10EA70000920369032A9094800F012F90022052138
:10EA8000132000F0FFFA132000F0E8FA38B010BDB0
:10EA900000A00040EC440258002002580004025834
:10EAA0007047000030B59DB005460C46324885429F
:10EAB00002D104F00D0008B91DB030BD04F004000F
:10EAC00020B12E488068401C2C49886004F0080062
:10EAD00020B12A48C068401C2849C86042E048214B
:10EAE00001A8F2F776F803AB13AA40212846FFF7F6
:10EAF000F5FA18B12846F4F7D3FE39E013980190DF
:10EB0000169800F00F001E49085C8DF8080019984F
:10EB1000B0F5001F01D1012000E000208DF80900B0
:10EB20001898B0F5801F01D1012000E000208DF879
:10EB30000A001498B0F1804F01D1012000E00020BC
:10EB40008DF80B000D480068401C0C490860084611
:10EB500040689DF8081008440849486001A8F4F787
:10EB6000F5FE00BF40212846FFF7A8FA0028B6D1DD
:10EB700000BF00BFA0E70000B00B0024F04003245A
:10EB8000F4E701087047014691F8980001280CD17C
:10EB9000022081F898000868806920F001000A6866
:10EBA00090610020C1F89C007047D1F89C0040F0B3
:10EBB0000400C1F89C000120F6E70146002291F80C
:10EBC0009800022842D10868806940F001000B6873
:10EBD00098610CE0322A09D99831486840F0010068
:10EBE0004860032001F8980901207047521C08680A
:10EBF000806900F001000028ECD0002208688069DC
:10EC000020F010000B6898610CE0322A09D9983185
:10EC1000486840F001004860032001F8980901208D
:10EC2000E3E7521C0868806900F008000828ECD06F
:10EC30000868806940F002000B6898610020C1F804
:10EC40009400012081F898000020CEE7D1F89C00C4
:10EC500040F00800C1F89C000120C6E770477047EB
:10EC600070477047704770477047000010B500222A
:10EC7000084B984200D010BD03E001F001031A4494
:10EC800049080029F9D1044BDB691344024CE361C4
:10EC900000BFF0E7B00B0024F0400324704770473A
:10ECA000F8B502460B4600216F4DD7E001278F4093
:10ECB0001E6806EA0704002C72D01E7906F00306CF
:10ECC000012E04D01E7906F00306022E13D190689F
:10ECD0004F000326BE40B0434F00DE68BE403043C5
:10ECE0009060506801268E40B0431E79C6F300162E
:10ECF0008E40304350601E7906F00306032E09D083
:10ED0000D0684F000326BE40B0434F009E68BE400F
:10ED10003043D0601E7906F00306022E13D1CF08CF
:10ED200002F1200656F827004E07F70E0F26BE40C8
:10ED3000B0434F07FF0E1E69BE403043CF0802F1BB
:10ED4000200646F8270010684F000326BE40B04357
:10ED50001E7906F003064F00BE40304310605E6827
:10ED600006F44036002E78D000BF404E366846F09C
:10ED700002063E4F3E603E46366806F002060096AA
:10ED800000BF00BF3A4E8F0856F827008E07370F96
:10ED90000F26BE40B043374EB24202D100262EE0CD
:10EDA0005BE0354EB24201D1012628E0334EB2423B
:10EDB00001D1022623E0324EB24201D103261EE0E9
:10EDC000304EB24201D1042619E02F4EB24201D199
:10EDD000052614E02D4EB24201D106260FE02C4E3E
:10EDE000B24201D107260AE02A4EB24201D10826DA
:10EDF00005E0294EB24201D1092600E00A268F071C
:10EE00003F0FBE4030431A4E8F0846F827004FF0A0
:10EE1000B0463068A0435E6806F4801606B1204311
:10EE20004FF0B04630607068A0435E6806F400168C
:10EE300006B120434FF0B04670606868A0435E683A
:10EE400006F4003606B1204368602868A0435E6877
:10EE500006F4803606B120432860491C1E68CE4067
:10EE6000002E7FF423AFF8BD80000058F444025810
:10EE70000804005800000258000402580008025814
:10EE8000000C0258001002580014025800180258D2
:10EE9000001C025800200258002402580246136940
:10EEA0000B400BB1012000E0002070470AB18161E6
:10EEB00001E00B048361704701480068000C704753
:10EEC0000010005C01480068704700002401002425
:10EED00003480068034909780844014908607047FD
:10EEE000240100242C01002410B5032000F008F9AF
:10EEF00001F050FC10490968C1F303210F4A515C2D
:10EF000001F01F0120FA01F40B48006800F00F0027
:10EF10001146085C00F01F0024FA00F00849086060
:10EF2000084804600F2000F00FF808B1012010BD60
:10EF300000F05AF80020FAE718440258E0E8010807
:10EF40003401002430010024F0B58BB00446102CAD
:10EF50000AD200222146362000F094F8362000F034
:10EF60007DF81C48046002E001200BB0F0BD00BF3A
:10EF70001948006840F0100017490860084600680A
:10EF800000F01000019000BF00BF02A903A801F02B
:10EF900081FB089E1EB901F0D9FB054602E001F095
:10EFA000D5FB45000D48B5FBF0F0471E0C480D4958
:10EFB000086040F2E7310B48C16047600021016101
:10EFC000816002F036F918B9064802F06BF9CCE717
:10EFD0000120CAE728010024E844025840420F00FB
:10EFE000001000405C0D002408B500BF094800680F
:10EFF00040F00200074908600846006800F002007F
:10F00000009000BF00BF00220F21901E00F03AF8D0
:10F0100008BD0000F444025810B501460846002817
:10F0200017DB00F01F0301229A400B4B440943F801
:10F03000242000BF00BF00BFBFF34F8F00BF00BF41
:10F0400000BF00BF00BF00BFBFF36F8F00BF00BF96
:10F0500000BF00BF10BD000080E100E0014608468F
:10F0600000280DDB00BF00BF00F01F0301229A4003
:10F0700043099B0003F1E023C3F8002100BF00BF58
:10F0800000BF70472DE9F05F80460D46164604F03C
:10F0900031FD074639462A46334601F00700C0F1E4
:10F0A000070ABAF1040F02D94FF0040A01E0C0F1D7
:10F0B000070AD14600F1040ABAF1070F02D24FF055
:10F0C000000A01E0A0F1030AD4464FF0010A0AFA4F
:10F0D00009FAAAF1010A0AEA020A0AFA0CFA4FF03E
:10F0E000010B0BFA0CFBABF1010B0BEA030B4AEA29
:10F0F0000B042146404604F005FDBDE8F09F0000EA
:10F1000000BF00F00702064B19684FF6FF031940D5
:10F11000044B0B4343EA0221014B196000BF7047C7
:10F120000CED00E00000FA0570B5044615480068D3
:10F13000C0F3800048B91348006800F00700A042FF
:10F1400001D0012070BD0020FCE70E48006820F0CF
:10F15000070020430B490860FFF7B4FE054607E0AF
:10F16000FFF7B0FE401BB0F57A7F01D90120E9E737
:10F17000044808380068C0F340300028F0D0002070
:10F18000E0E700000C48025810B501F0B9FA054953
:10F190000968C1F30211044A515C01F01F01C84023
:10F1A00010BD000020440258E0E8010870B5014697
:10F1B000844D2D6805F00303824D2D68C5F305309D
:10F1C000804D2D1D2D68C5F300147E4D14352D681E
:10F1D000C5F3CC0515FB04F501EE105AB8EE411A43
:10F1E000F0EE410A00286FD023B1012B4ED0022B44
:10F1F0006BD16BE0734D283D2D68C5F340153DB3D1
:10F20000704D283D2D68C5F3C1066F4D25FA06F2F5
:10F2100001EE102AF8EE411A01EE100AB8EE411A7A
:10F2200081EE812A9FED691AC0EE811A654D103575
:10F230002D68C5F3080501EE105AB8EE411A31EEFB
:10F24000811AF7EE001A31EE211A22EE010A1CE0B3
:10F2500001EE100AB8EE411ADFED5D1A81EE812A47
:10F260009FED5A1AC0EE811A564D10352D68C5F320
:10F27000080501EE105AB8EE411A31EE811AF7EE88
:10F28000001A31EE211A22EE010A5BE001EE100AAB
:10F29000B8EE411ADFED4F1A81EE812A9FED4B1A2D
:10F2A000C0EE811A474D10352D68C5F3080501EEF3
:10F2B000105AB8EE411A31EE811AF7EE001A31EE0B
:10F2C000211A22EE010A3DE077E01DE001EE100A6E
:10F2D000B8EE411A9FED402AC2EE011A9FED3B1A8B
:10F2E00080EE812A374D10352D68C5F3080501EEF3
:10F2F000105AB8EE411A32EE011AB7EE002A31EE7A
:10F30000021A21EE810A1DE001EE100AB8EE411A40
:10F31000DFED301A81EE812A9FED2C1AC0EE811AA2
:10F32000284D10352D68C5F3080501EE105AB8EECA
:10F33000411A31EE811AF7EE001A31EE211A22EE4F
:10F34000010A00BF00BF1F4D10352D68C5F34625CB
:10F3500001EE105AB8EE411AF7EE001A31EE211AFA
:10F36000C0EE011ABCEEE11A81ED001A154D103500
:10F370002D68C5F3064501EE105AB8EE411AF7EEB6
:10F38000001A31EE211AC0EE011ABCEEE11A81ED2D
:10F39000011A0C4D10352D68C5F3066501EE105AA3
:10F3A000B8EE411AF7EE001A31EE211AC0EE011A3A
:10F3B000BCEEE11A81ED021A03E000250D604D60FC
:10F3C0008D6070BD284402580090D00300000046B4
:10F3D0000024744C0024744A20BCBE4B70B5014616
:10F3E000844D2D6805F00303824D2D68C5F305504B
:10F3F000804D2D1D2D68C5F300247E4D1C352D68D4
:10F40000C5F3CC0515FB04F501EE105AB8EE411A10
:10F41000F0EE410A00286FD023B1012B4ED0022B11
:10F420006BD16BE0734D283D2D68C5F340153DB39E
:10F43000704D283D2D68C5F3C1066F4D25FA06F2C3
:10F4400001EE102AF8EE411A01EE100AB8EE411A48
:10F4500081EE812A9FED691AC0EE811A654D18353B
:10F460002D68C5F3080501EE105AB8EE411A31EEC9
:10F47000811AF7EE001A31EE211A22EE010A1CE081
:10F4800001EE100AB8EE411ADFED5D1A81EE812A15
:10F490009FED5A1AC0EE811A564D18352D68C5F3E6
:10F4A000080501EE105AB8EE411A31EE811AF7EE56
:10F4B000001A31EE211A22EE010A5BE001EE100A79
:10F4C000B8EE411ADFED4F1A81EE812A9FED4B1AFB
:10F4D000C0EE811A474D18352D68C5F3080501EEB9
:10F4E000105AB8EE411A31EE811AF7EE001A31EED9
:10F4F000211A22EE010A3DE077E01DE001EE100A3C
:10F50000B8EE411A9FED402AC2EE011A9FED3B1A58
:10F5100080EE812A374D18352D68C5F3080501EEB8
:10F52000105AB8EE411A32EE011AB7EE002A31EE47
:10F53000021A21EE810A1DE001EE100AB8EE411A0E
:10F54000DFED301A81EE812A9FED2C1AC0EE811A70
:10F55000284D18352D68C5F3080501EE105AB8EE90
:10F56000411A31EE811AF7EE001A31EE211A22EE1D
:10F57000010A00BF00BF1F4D18352D68C5F3462591
:10F5800001EE105AB8EE411AF7EE001A31EE211AC8
:10F59000C0EE011ABCEEE11A81ED001A154D1835C6
:10F5A0002D68C5F3064501EE105AB8EE411AF7EE84
:10F5B000001A31EE211AC0EE011ABCEEE11A81EDFB
:10F5C000011A0C4D18352D68C5F3066501EE105A69
:10F5D000B8EE411AF7EE001A31EE211AC0EE011A08
:10F5E000BCEEE11A81ED021A03E000250D604D60CA
:10F5F0008D6070BD284402580090D0030000004682
:10F600000024744C0024744A20BCBE4B2DE9F04108
:10F6100004460025A8464FF00062D4E900101140CE
:10F620000020134659404040014331D1A06E48B1FB
:10F63000B0F5801F0DD0B0F5001F11D0B0F5401F00
:10F6400016D114E0F948006840F40030F74908602A
:10F6500010E0022104F1080002F020FE054609E056
:10F66000022104F1280002F0CBFE054602E001E091
:10F67000012500BF00BF55B9EC482430006820F4D4
:10F680004010A16E0843E9492431086000E0A84613
:10F690004FF48073D4E900101940002059404040D5
:10F6A00001432ED1A06D05281BD2DFE800F0030A2C
:10F6B00011181900DD48006840F40030DB4908608B
:10F6C00011E0002104F1080002F0E8FD05460AE01F
:10F6D000002104F1280002F093FE054603E002E059
:10F6E00001E0012500BF00BF55B9D04824300068B3
:10F6F00020F00700A16D0843CC492431086000E0E8
:10F70000A8464FF40073D4E9001019400020594076
:10F710004040014334D1E06D802818D003DC40B173
:10F7200040281DD10CE0C02818D0B0F5807F17D13B
:10F7300015E0BE48006840F40030BC49086011E0A4
:10F74000002104F1080002F0A9FD05460AE00021AD
:10F7500004F1280002F054FE054603E002E001E057
:10F76000012500BF00BF55B9B0482430006820F41F
:10F77000E070E16D0843AD492431086000E0A8461F
:10F780004FF48063D4E900101940002059404040F4
:10F79000014339D1D4F8A800B0F5800F1AD004DCA9
:10F7A00050B1B0F5001F1ED10DE0B0F5C00F18D05C
:10F7B000B0F5000F17D115E09C48006840F4003008
:10F7C0009A49086011E0002104F1080002F066FD8A
:10F7D00005460AE0002104F1280002F011FE05466A
:10F7E00003E002E001E0012500BF00BF5DB98F48E2
:10F7F0002C30006820F46000D4F8A81008438B492E
:10F800002C31086000E0A8464FF40062D4E90010F3
:10F8100011400020134659404040014339D1D4F8EB
:10F82000AC00B0F1007F1AD004DC50B1B0F1807FA1
:10F830001ED10DE0B0F1407F18D0B0F1806F17D12C
:10F8400015E07A48006840F400307849086011E01B
:10F85000002104F1080002F021FD05460AE0002124
:10F8600004F1280002F0CCFD054603E002E001E0CF
:10F87000012500BF00BF5DB96C482C30006820F046
:10F88000E060D4F8AC10084368492C31086000E00F
:10F89000A8464FF00073D4E90001184000215840F9
:10F8A0004940084328D1E06CA8B1102804D0202892
:10F8B00009D0302810D10DE05C48006840F40030D9
:10F8C0005A4908600AE0022104F1080002F0E6FC4F
:10F8D000054603E002E001E0012500BF00BF55B985
:10F8E00052482030006820F03000E16C08434F4956
:10F8F0002031086000E0A8464FF48053D4E900109E
:10F900001940002059404040014337D1206EB0F5E6
:10F91000005F1AD004DC50B1B0F5805F1ED10DE05D
:10F92000B0F5405F18D0B0F5804F17D115E03F48D3
:10F93000006840F400303D49086011E0002104F106
:10F94000080002F0ABFC05460AE0002104F12800A3
:10F9500002F056FD054603E002E001E0012500BF8C
:10F9600000BF55B931482430006820F4E040216ED2
:10F9700008432E492431086000E0A8464FF40053A4
:10F98000D4E900101940002059404040014335D1CE
:10F99000606EB0F5403F1ED007DC68B1B0F5803F27
:10F9A0000BD0B0F5003F19D10EE0B0F5802F13D089
:10F9B000B0F5A02F12D110E012E0012104F10800EF
:10F9C00002F06CFC05460BE0012104F1280002F076
:10F9D00017FD054604E003E002E001E0012500BF59
:10F9E00000BF55B911482430006820F4E020616E52
:10F9F00008430E492431086000E0A8464FF48043D4
:10FA0000D4E900011840002158404940084337D14B
:10FA1000D4F8B000B0F1405F20D009DC78B1B0F18B
:10FA2000805F0DD0B0F1005F1BD110E02C44025874
:10FA3000B0F1804F13D0B0F1A04F12D110E012E01E
:10FA4000012104F1080002F029FC05460BE0012128
:10FA500004F1280002F0D4FC054604E003E002E0D3
:10FA600001E0012500BF00BF4DB9FE48006820F04D
:10FA7000E040D4F8B0100843FA49086000E0A84616
:10FA80004FF40042D4E900101140002013465940C1
:10FA90004040014329D1206FB0B1B0F1805F03D065
:10FAA000B0F1005F11D108E0EE482C38006840F456
:10FAB0000030EC492C39086009E0012104F108000C
:10FAC00002F0ECFB054602E001E0012500BF00BFAB
:10FAD00055B9E4480838006820F04050216F0843C9
:10FAE000E0490839086000E0A8464FF08072D4E988
:10FAF00000101140002013465940404001432AD1D4
:10FB0000A06CB8B1012804D002280BD0032812D170
:10FB10000FE0D4482C38006840F40030D1492C392B
:10FB200008600AE0022104F1080002F0B7FB054674
:10FB300003E002E001E0012500BF00BF55B9C9485C
:10FB40000C38006820F00300A16C0843C5490C394B
:10FB5000086000E0A8464FF48002D4E9000110409C
:10FB6000002113465840494008437DD1BE480068F3
:10FB700040F48070BC490860FFF7A4F9064606E02F
:10FB8000FFF7A0F9801B642801D9032505E0B648DA
:10FB9000006800F480700028F2D000BF85BBB14837
:10FBA0001830006800F44070B4F8B41001F44071EB
:10FBB000884213D0AB481830006820F44077A94839
:10FBC0001830006840F48030A649183108600846B3
:10FBD000006820F48030086008460760D4F8B4005C
:10FBE000B0F5807F15D1FFF76DF9064609E0FFF704
:10FBF00069F9801B41F28831884202D9032507E068
:10FC000038E0984818300068C0F340000028EED073
:10FC100000BF55BB00BFB4F8B40000F44070B0F5AD
:10FC2000407F0ED18F484838006820F47C518F4ABD
:10FC3000D4F8B400104041EA10108A4948390860ED
:10FC400007E088484838006820F47C5085494839E6
:10FC50000860844818300068B4F8B410C1F30B0190
:10FC600008438049183101E005E001E0086002E046
:10FC7000A84600E0A8460122D4E900011040002176
:10FC8000134658404940084330D1E06F18281AD035
:10FC900005DC48B1082808D0102817D10CE020282E
:10FCA00012D0282812D110E012E0012104F108003E
:10FCB00002F0F4FA05460BE0012104F1280002F0FD
:10FCC0009FFB054604E003E002E001E0012500BFE0
:10FCD00000BF55B96348001F006820F03800E16F8D
:10FCE00008436049091F086000E0A8460222D4E9E1
:10FCF000000110400021134658404940084329D1D3
:10FD0000A06F062816D2DFE800F003040B121314CC
:10FD100012E0012104F1080002F0C0FA05460BE0F0
:10FD2000012104F1280002F06BFB054604E003E02A
:10FD300002E001E0012500BF00BF55B94948001F9E
:10FD4000006820F00700A16F08434649091F0860BA
:10FD500000E0A8460423D4E90010194000205940CF
:10FD60004040014329D1D4F89400062816D2DFE898
:10FD700000F003040B12131412E0012104F1080037
:10FD800002F08CFA05460BE0012104F1280002F094
:10FD900037FB054604E003E002E001E0012500BF77
:10FDA00000BF4DB92F48006820F00700D4F8941028
:10FDB00008432C49086000E0A8462023D4E900014C
:10FDC0001840002158404940084337D1D4F89000EA
:10FDD000B0F1405F1ED007DC68B1B0F1805F0BD09E
:10FDE000B0F1005F19D10EE0B0F1804F13D0B0F147
:10FDF000A04F12D110E012E0002104F1080002F03F
:10FE00004DFA05460BE0022104F1280002F0F8FA51
:10FE1000054604E003E002E001E0012500BF00BF69
:10FE20005DB91048001F006820F0E040D4F8901041
:10FE300008430C49091F086000E0A8464023D4E9A4
:10FE40000010194000205940404001433CD1D4F8F3
:10FE50009C00B0F5406F25D00EDCA0B1B0F5806FEE
:10FE600012D005E05844025800480258FFFCFF0F2A
:10FE7000B0F5006F19D10EE0B0F5805F13D0B0F58A
:10FE8000A05F12D110E012E0002104F1080002F09E
:10FE900005FA05460BE0022104F1280002F0B0FA51
:10FEA000054604E003E002E001E0012500BF00BFD9
:10FEB0004DB9FE48006820F4E050D4F89C10084387
:10FEC000FA49086000E0A8468023D4E900101940F0
:10FED000002059404040014335D1D4F8A000B0F58E
:10FEE000C04F1ED007DC68B1B0F5005F0BD0B0F595
:10FEF000804F19D10EE0B0F5004F13D0B0F5204F70
:10FF000012D110E012E0002104F1080002F0C6F95D
:10FF100005460BE0022104F1280002F071FA0546C3
:10FF200004E003E002E001E0012500BF00BF4DB99D
:10FF3000DE48006820F46040D4F8A0100843DB4994
:10FF4000086000E0A8460823D4E90010194000200A
:10FF500059404040014317D1D4F88400B0F5805F88
:10FF600007D1022104F1280002F04AFA08B14FF04B
:10FF70000108CE48001F006820F44050D4F88410D7
:10FF80000843CA49091F08601023D4E9001019402A
:10FF9000002059404040014315D1D4F89800B0F5F5
:10FFA000807F07D1022104F1280002F029FA08B16C
:10FFB0004FF00108BD48006820F44070D4F8981054
:10FFC0000843BA4908604FF40022D4E90001104008
:10FFD0000021134658404940084327D1D4F8A400D3
:10FFE00030B1B0F5803F0AD0B0F5003F0FD10DE041
:10FFF000002104F1080002F051F9054609E0022150
:020000040801F1
:1000000004F1280002F0FCF9054602E001E00125B8
:1000100000BF00BF4DB9A548006820F44030D4F8B7
:10002000A4100843A149086000E0A8464FF48023CB
:10003000D4E90001184000215840494008432DD11F
:10004000D4F88800B0F5801F06D0B0F5001F0CD0A2
:10005000B0F5401F11D10FE094482C38006840F4EF
:10006000003092492C39086009E0012104F1280090
:1000700002F0C6F9054602E001E0012500BF00BF1D
:100080005DB98A48001F006820F44010D4F8881039
:1000900008438649091F086000E0A8464FF48032F3
:1000A000D4E900011040002113465840494008435C
:1000B00025D1206D18B1B0F5803F10D108E07B4804
:1000C0002C38006840F4003078492C39086008E08A
:1000D000022104F1080002F0E1F8054601E00125E3
:1000E00000BF00BF55B971480C38006820F480305B
:1000F000216D08436D490C39086000E0A8464FF0B7
:100100000052D4E9001011400020134659404040ED
:10011000014307D1022104F1280002F071F908B16E
:100120004FF001084FF40033D4E9000118400021DA
:1001300058404940084329D1D4F88000A0B1B0F517
:10014000807F06D0B0F5007F0CD0B0F5407F0CD199
:1001500009E056482C38006840F4003053492C39E7
:10016000086004E003E002E001E0012500BF00BFF9
:100170005DB94E48001F006820F44070D4F880102C
:1001800008434A49091F086000E0A8464FF480125E
:10019000D4E900101140002013465940404001436B
:1001A00009D142480838006820F00040616F0843D8
:1001B0003E49083908604FF08052D4E900101140E0
:1001C000002013465940404001430AD1374848387F
:1001D000006820F48040D4F8B81008433349483907
:1001E00008604FF40012D4E90010114000201346BB
:1001F00059404040014309D12C480838006820F09C
:100200008070E16E08432949083908604FF0804248
:10021000D4E90010114000201346594040400143EA
:1002200011D100BF21484838006820F400401F4920
:100230004839086008460068D4F8BC1008431B49D8
:100240004839086000BF4FF00042D4E90010114067
:100250000020134659404040014309D113480C384F
:10026000006820F04050616D084310490C39086067
:100270004FF40002D4E90010114000201346594009
:10028000404001430AD10948001F006820F44000A3
:10029000D4F88C1008430549091F08600123002188
:1002A0006068184001224940504001E0584402581B
:1002B000014306D104F1080001F0F0FF054605B145
:1002C000A846022200216068104049405040014386
:1002D00007D1012104F1080001F0E0FF054605B156
:1002E000A846042300206168194004224040514080
:1002F000084307D1022104F1080001F0CFFF0546B1
:1003000005B1A8460823002160681840082249402A
:100310005040014306D104F1280002F071F805466F
:1003200005B1A846102200216068104049405040A5
:10033000014307D1012104F1280002F061F80546CC
:1003400005B1A8462022002061681140404051407C
:10035000084307D1022104F1280002F051F80546B4
:1003600005B1A846B8F1000F02D10020BDE8F08128
:100370000120FBE72DE9F04104460D4614B90120A8
:10038000BDE8F081BD48006800F00F00A8420ED221
:10039000BA48006820F00F002843B84908600846B2
:1003A000006800F00F00A84201D00120E8E72078A3
:1003B00000F0040004280ED1B1492069096801F059
:1003C0007001884207D9AE48006820F070002169AA
:1003D0000843AB490860207800F00800082811D1D4
:1003E000A749091D6069096801F07001884209D9AF
:1003F000A348001D006820F0700061690843A0490F
:10040000091D0860207800F01000102811D19C49C7
:10041000091DA069096801F4E061884209D998487A
:10042000001D006820F4E060A16908439449091D9B
:100430000860207800F02000202811D19049083170
:10044000E069096801F07001884209D98C480830D8
:10045000006820F07000E1690843894908310860AC
:10046000207800F0020002280ED18549E068096872
:1004700001F00F01884207D98148006820F00F0081
:10048000E16808437E490860207800F001000028F8
:1004900050D07B48006820F47060A1680843784918
:1004A00008606068022807D1754818380068C0F3F2
:1004B0004040F8B9012063E76068032807D170481D
:1004C00018380068C0F34060A0B9012058E76068A0
:1004D000012807D16A4818380068C0F3002048B9DD
:1004E00001204DE7664818380068C0F3800008B95D
:1004F000012045E762480838006820F0070061687D
:1005000008435F4908390860FEF7DCFC064608E04E
:10051000FEF7D8FC801B41F28831884201D90320C4
:100520002EE757480838006800F038006168B0EBE3
:10053000C10FEDD1207800F0020002280ED1504901
:10054000E068096801F00F01884207D24C48006852
:1005500020F00F00E16808434949086047480068F7
:1005600000F00F00A8420ED94448006820F00F00A8
:100570002843424908600846006800F00F00A8427E
:1005800001D00120FCE6207800F0040004280ED100
:100590003B492069096801F07001884207D2384858
:1005A000006820F070002169084335490860207810
:1005B00000F00800082811D13149091D6069096857
:1005C00001F07001884209D22D48001D006820F01A
:1005D0007000616908432A49091D0860207800F00D
:1005E0001000102811D12649091DA069096801F4DD
:1005F000E061884209D22248001D006820F4E060D2
:10060000A16908431E49091D0860207800F02000F8
:10061000202811D11A490831E069096801F07001F8
:10062000884209D216480830006820F07000E1695D
:10063000084313490831086000F0ACF81049096814
:10064000C1F303210F4A515C01F01F0120FA01F7A9
:100650000B48006800F00F001146085C00F01F0016
:1006600027FA00F008490860084807600848006851
:10067000FEF76AFC8046404682E6000000200052F9
:1006800018440258E0E80108340100243001002435
:10069000280100243F220260174A126802F0070274
:1006A0004260154A0832126802F470628260124A8F
:1006B0000832126802F00F02C2600F4A0832126854
:1006C00002F0700202610C4A0C32126802F07002F1
:1006D0004261094A0C32126802F4E0628261064A01
:1006E0001032126802F07002C261044A126802F00D
:1006F0000F020A60704700001044025800200052A8
:1007000010B500F047F80D490968C1F303210C4A00
:10071000515C01F01F0120FA01F40848006800F064
:100720000F001146085C00F01F0024FA00F0054994
:100730000860054804600846006810BD1844025867
:10074000E0E80108340100243001002400B5FFF77F
:10075000D7FF05490968C1F30211044A515C01F051
:100760001F01C84000BD00001C440258E0E8010819
:1007700000B5FFF7C5FF05490968C1F30221044A26
:10078000515C01F01F01C84000BD00001C4402582C
:10079000E0E80108F0B5824E366806F0380636B15A
:1007A000082E15D0102E15D0182E7DD114E07C4EB9
:1007B000103E3668C6F3401646B1794E103E366894
:1007C000C6F3C107774E26FA07F000E07548E5E06A
:1007D0007548E3E07548E1E0714E1836366806F07A
:1007E00003046F4E18363668C6F305116C4E1C367E
:1007F000366806F001056A4E24363668C6F3CC0624
:1008000016FB05F601EE106AB8EE410A002971D018
:1008100024B1012C50D0022C6DD16DE0604E103E01
:100820003668C6F340163EB35D4E103E3668C6F3DA
:10083000C1075C4E26FA07F301EE103AF8EE411AB2
:1008400001EE101AB8EE411A81EE812A9FED581A76
:10085000C0EE011A524E20363668C6F3080601EE85
:10086000106AB8EE411A31EE811AF7EE001A31EE35
:10087000211A62EE010A1EE001EE101AB8EE411ACA
:10088000DFED4C1A81EE812A9FED491AC0EE011A64
:10089000434E20363668C6F3080601EE106AB8EEFD
:1008A000411A31EE811A00E076E0F7EE001A31EEDF
:1008B000211A62EE010A5BE001EE101AB8EE411A4D
:1008C0009FED3D2AC2EE011A9FED391A80EE012AF2
:1008D000334E20363668C6F3080601EE106AB8EECD
:1008E000411A32EE011AB7EE002A31EE021A61EE19
:1008F000810A3DE04EE01DE001EE101AB8EE411A0B
:10090000DFED2E1A81EE812A9FED291AC0EE011A21
:10091000234E20363668C6F3080601EE106AB8EE9C
:10092000411A31EE811AF7EE001A31EE211A62EE09
:10093000010A1DE001EE101AB8EE411A9FED1E2AC1
:10094000C2EE011A9FED1A1A80EE012A144E2036CB
:100950003668C6F3080601EE106AB8EE411A32EEA8
:10096000011AB7EE002A31EE021A61EE810A00BFC9
:1009700000BF0B4E20363668C6F34626721C01EEC9
:10098000102AB8EE411AC0EE811ABCEEE11A11EE3F
:10099000100A00E0002001E0034800BF00BFF0BDE6
:1009A000104402580090D00300093D0040787D01BA
:1009B000000000460024744C0024744A20BCBE4B46
:1009C0002DE9F047044614B90120BDE8F0872078EE
:1009D00000F00100002870D0FA48006800F03808E4
:1009E000F8481830D0F80090B8F1100F06D0B8F1E0
:1009F000180F0FD109F0030002280BD1F14810386D
:100A00000068C0F3404000286AD06068002867D1C1
:100A10000120DAE700BF6068B0F5803F08D1E948FF
:100A20001038006840F48030E649103908602EE044
:100A3000606868B9E3481038006820F48030E14904
:100A4000103908600846006820F4802008601EE025
:100A50006068B0F5A02F0DD1DA481038006840F476
:100A60008020D849103908600846006840F480307A
:100A700008600CE0D3481038006820F48030D14979
:100A8000103908600846006820F48020086000BF24
:100A9000606898B1FEF716FA054606E0FEF712FA0E
:100AA000401B642801D903208FE7C648103800682E
:100AB000C0F340400028F1D012E012E0FEF702FA45
:100AC000054606E0FEF7FEF9401B642801D9032025
:100AD0007BE7BC4810380068C0F340400028F1D1E3
:100AE00000BF207800F00200022874D1B5480068E9
:100AF00000F03808B3481830D0F80090B8F1000F73
:100B000005D0B8F1180F56D109F00300D0BBAD489D
:100B100010380068C0F3800018B1E06808B90120FF
:100B200053E7A8481038006820F01900E16808432E
:100B3000A44910390860FEF7C5F9054606E0FEF73E
:100B4000C1F9401B022801D903203EE79D48103817
:100B50000068C0F380000028F1D000BFFEF7ACF9B8
:100B600041F2030188421AD8206940280BD19548E8
:100B70000C38006820F47C3040F4003091490C3986
:100B8000086017E017E08F480C38006820F47C30CC
:100B9000216940EA01308B490C3908600AE0894834
:100BA0000C38006820F0FE40217C40EA0160854955
:100BB0000C39086066E0E06888B382481038006845
:100BC00020F01900E16808437E4910390860FEF7FB
:100BD00079F9054607E056E0FEF774F9401B022854
:100BE00001D90320F1E6774810380068C0F380008F
:100BF0000028F1D000BFFEF75FF941F203018842FF
:100C00001AD8206940280BD16E480C38006820F4AF
:100C10007C3040F400306B490C39086017E017E075
:100C200068480C38006820F47C30216940EA0130C3
:100C300064490C3908600AE062480C38006820F00A
:100C4000FE40217C40EA01605E490C39086019E0F1
:100C50005C481038006820F001005A4910390860DB
:100C6000FEF730F9054606E0FEF72CF9401B022896
:100C700001D90320A9E6534810380068C0F380006A
:100C80000028F1D100BF207800F0100010287CD19E
:100C90004C48006800F038084A481830D0F80090F6
:100CA000B8F1080F06D0B8F1180F3DD109F00300D4
:100CB000012839D1434810380068C0F3002020B122
:100CC000E069802801D001207FE600BFFEF7F4F83C
:100CD00041F2030188421AD8206A20280AD13948F3
:100CE0000C38006820F0F84040F0804035490C395D
:100CF000086018E033480C38006820F0F84094F899
:100D0000201040EA81602F490C3908600BE02D4823
:100D1000001F006820F07C5094F8201040EA016029
:100D20002849091F086066E0E06978B32548103853
:100D3000006840F08000234910390860FEF7C2F8CF
:100D4000054606E0FEF7BEF8401B022801D9032045
:100D50003BE61C4810380068C0F300200028F1D0A2
:100D600000BFFEF7A9F841F2030188421CD8206AAF
:100D700020280CD113480C38006820F0F84040F0CF
:100D8000804010490C3908601AE035E01CE00D483D
:100D90000C38006820F0F84094F8201040EA816098
:100DA00008490C3908600BE00648001F006820F075
:100DB0007C5094F8201040EA01600249091F086045
:100DC00019E0000010440258FA48006820F0800042
:100DD000F8490860FEF776F8054606E0FEF772F877
:100DE000401B022801D90320EFE5F2480068C0F358
:100DF00000200028F2D100BF207800F00800082869
:100E000036D16069D0B1EB487430006840F0010021
:100E1000E84974310860FEF755F8054606E0FEF72C
:100E200051F8401B022801D90320CEE5E148743077
:100E30000068C0F340000028F1D019E0DD487430AC
:100E4000006820F00100DB4974310860FEF73AF8D1
:100E5000054606E0FEF736F8401B022801D90320BC
:100E6000B3E5D44874300068C0F340000028F1D1E5
:100E7000207800F02000202830D1A069B8B1CD48FA
:100E8000006840F48050CB490860FEF71BF8054627
:100E900006E0FEF717F8401B022801D9032094E56D
:100EA000C4480068C0F340300028F2D016E0C148C2
:100EB000006820F48050BF490860FEF703F805463B
:100EC00006E0FDF7FFFF401B022801D903207CE567
:100ED000B8480068C0F340300028F2D1207800F014
:100EE000040004287DD1B448006840F48070B24901
:100EF0000860FDF7E7FF054606E0FDF7E3FF401B4E
:100F0000642801D9032060E5AB48006800F48070D4
:100F10000028F2D000BFA068012808D1A548703091
:100F2000006840F00100A349703108602DE0A0681E
:100F300068B9A0487030006820F001009D49703108
:100F400008600846006820F0040008601DE0A06802
:100F500005280DD197487030006840F0040095498D
:100F6000703108600846006840F0010008600CE03D
:100F700090487030006820F001008E4970310860A0
:100F80000846006820F00400086000BFA068A0B117
:100F9000FDF798FF054608E0FDF794FF401B41F27E
:100FA0008831884201D903200FE5824870300068FB
:100FB000C0F340000028EFD013E0FDF783FF0546A3
:100FC00008E0FDF77FFF401B41F28831884201D9DC
:100FD0000320FAE4774870300068C0F3400000282E
:100FE000EFD1606A00287DD072481030006800F0B0
:100FF0003800182877D0606A022875D16D480068DB
:1010000020F080706B490860FDF75CFF054606E044
:10101000FDF758FF401B022801D90320D5E465489D
:101020000068C0F340600028F2D100BFD4E90A1084
:1010300041EA00105F492831096840F2F3329143D8
:1010400008435C4928310860208E401EC0F3080028
:10105000616B491E4FF47E4202EA41210843218F11
:10106000491ED20102EA014108433C21095D491EA3
:10107000120202EA016108434E493031086000BFA4
:10108000081F006820F00100091F0860494834303B
:1010900000684FF6F8718843A16C40EAC1004549E9
:1010A0003431086043482C30006820F00C00216C7B
:1010B000084340492C3108600846006820F00200CF
:1010C000616C08433B492C3108600846006840F4D5
:1010D000803008600846006840F400300860084628
:1010E000006802E093E038E01FE040F480200860F0
:1010F0000846006840F0010008602E48006840F093
:1011000080702C490860FDF7DDFE054606E0FDF71E
:10111000D9FE401B022801D9032056E42548006867
:10112000C0F340600028F2D071E02248006820F04F
:10113000807020490860FDF7C5FE054606E0FDF712
:10114000C1FE401B022801D903203EE41948006873
:10115000C0F340600028F2D159E0164828300768F3
:10116000144830300668606A012821D007F0030176
:10117000A06A81421CD1C7F30511E06A884217D1E9
:10118000C6F30801206B401E814211D1606B401EE6
:10119000C6F3462188420BD1A06B401EC6F3064120
:1011A000884205D1E06B401EC6F30661884205D037
:1011B00001200AE40044025800480258154800681B
:1011C000C0F3CC07A06CB84221D0124808380068A0
:1011D00020F001000F4908390860FDF773FE05464D
:1011E00000BFFDF76FFE401BFBD00A4800684FF6BA
:1011F000F8718843A16C40EAC100064908600548BF
:101200000838006840F001000249083908600020F1
:101210004AE40000344402580349096821F460019B
:101220000143014A11607047040400587047704739
:10123000704710B504460CB9012010BD94F83D006C
:1012400028B9002084F83C00204600F029F802204C
:1012500084F83D00211D206801F0A8FE012084F8DB
:10126000480000BF84F83E0001213F200155402086
:10127000015541200155422001554320015500BF31
:1012800000BF012084F84400452001554620015547
:101290004720015500BF012084F83D000020CCE725
:1012A00070470000014691F83D00012801D001205F
:1012B0007047022081F83D000868C06840F00100D6
:1012C0000B68D8601C4B086898421BD00868B0F1C6
:1012D000804F17D0194B0868984213D0184B0868F4
:1012E00098420FD0174B086898420BD0164B0868ED
:1012F000984207D0154B0868984203D0144B0868F1
:10130000984210D108688068124B00EA0302062A4E
:101310000FD0B2F5803F0CD00868006840F00100A3
:101320000B68186005E00868006840F001000B6871
:1013300018600020BCE700000000014000040040ED
:1013400000080040000C004000040140001800406C
:101350000040014007000100704770B50446206856
:10136000C6682068056905F00200022819D106F058
:101370000200022815D1401F216808610120207752
:101380002068806900F0030018B12046FFF7E4FFF1
:1013900005E0204600F0ADF8204600F0ABF8002054
:1013A000207705F00400042819D106F00400042871
:1013B00015D1C04321680861022020772068806928
:1013C00000F4407018B12046FFF7C6FF05E0204644
:1013D00000F08FF8204600F08DF80020207705F00F
:1013E0000800082819D106F00800082815D1C043C4
:1013F00021680861042020772068C06900F003009C
:1014000018B12046FFF7A8FF05E0204600F071F86C
:10141000204600F06FF80020207705F0100010281B
:1014200019D106F01000102815D1C04321680861B9
:10143000082020772068C06900F4407018B1204669
:10144000FFF78AFF05E0204600F053F8204600F041
:1014500051F80020207705F0010048B106F00100A6
:1014600030B16FF0010021680861204600F044F8B7
:1014700005F08000802804D005F40050B0F5005F2E
:101480000AD106F08000802806D16FF4025021684E
:1014900008612046FFF7CBFE05F48070B0F5807F31
:1014A0000AD106F08000802806D16FF48070216890
:1014B00008612046FFF7BAFE05F04000402809D138
:1014C00006F04000402805D1C0432168086120464D
:1014D00000F01EF805F02000202809D106F02000B9
:1014E000202805D1C043216808612046FFF7A0FEEF
:1014F00070BD70477047000010B50446034920686E
:10150000884201D1FDF7E4FC10BD0000001000404E
:101510007047014600BF91F88400012801D10220E4
:101520007047012081F8840000BF2420C1F88800A2
:10153000086802680868006820F001000B681860FD
:1015400022F0005200204866086802602020C1F89E
:10155000880000BF002081F8840000BF00BFDFE7E3
:101560007047704770B504460D4600BF94F884007C
:10157000012801D1022070BD012084F8840000BF41
:101580002420C4F88800206806682068006820F0DD
:101590000100216808602068806820F060602843AE
:1015A00021688860204601F077FD206806602020D1
:1015B000C4F8880000BF002084F8840000BF00BF8A
:1015C000D9E770B504460D4600BF94F884000128A1
:1015D00001D1022070BD012084F8840000BF2420C6
:1015E000C4F88800206806682068006820F00100C0
:1015F000216808602068806820F0604028432168E6
:101600008860204601F048FD206806602020C4F86C
:10161000880000BF002084F8840000BF00BFD9E725
:101620007047704710B5044600BF00BF216851E8FD
:10163000001F21F0C000226842E800010029F5D116
:1016400000BF00BF00BF2168083151E8001F21F42E
:1016500000002168083141E80002002AF3D100BFF0
:101660002068806800F08000802821D100BF00BF82
:101670002168083151E8001F21F0800021680831FD
:1016800041E80002002AF3D100BFE06F80B10020E2
:10169000E16F0865E06FFAF78BF948B1E06FFAF790
:1016A000C1FD202804D11020C4F89000032010BDF3
:1016B0000020A4F85600606EB0F1005F05D12068EC
:1016C000806940F01000216888612020C4F88800FB
:1016D0000020ECE710B504460248844201D1F1F73E
:1016E000E5FF10BDC80C00242DE9F0470446206832
:1016F000C569206806682068876840F60F0005EA1B
:101700000009B9F1000F0FD105F0200060B106F01B
:10171000200010B907F0805030B1606F10B1204642
:10172000616F8847BDE8F087B9F1000F7ED0FE48B1
:10173000384018B9FD4830400028F7D005F00100C6
:1017400058B106F4807040B1012021680862D4F8D5
:10175000900040F00100C4F8900005F0020058B17C
:1017600007F0010040B1022021680862D4F890001F
:1017700040F00400C4F8900005F0040058B107F0F0
:10178000010040B1042021680862D4F8900040F0C4
:101790000200C4F8900005F0080070B106F02000C7
:1017A00010B9E148384040B1082021680862D4F8F7
:1017B000900040F00800C4F8900005F4006060B1AB
:1017C00006F0806048B14FF4006021680862D4F8E8
:1017D000900040F02000C4F89000D4F89000002859
:1017E00052D005F0200050B106F0200010B907F0EB
:1017F000805020B1606F10B12046616F8847D4F8E7
:1018000090A02068806800F04000402802D00AF0D4
:10181000280070B3204601F0C9FD2068806800F000
:101820004000402826D100BF00BF00E02DE0216825
:10183000083151E8001F21F040002168083141E8DB
:101840000002002AF1D100BFD4F8800068B1B84886
:10185000D4F880100865D4F88000FAF717FB98B127
:10186000D4F88000016D88470EE02046FFF732FF74
:101870000AE003E02046FFF72DFF05E02046FFF7D2
:1018800029FF0020C4F890004CE7E06E01287DD1CC
:1018900005F01000002879D006F010000028FAD0DA
:1018A0001020216808622068806800F0400040280D
:1018B0006DD1D4F8800000689E4988426BD0D4F87E
:1018C000800000689B491831884264D0D4F88000B9
:1018D00000689849303188425DD0D4F880000068B3
:1018E00094494831884256D0D4F880000068914924
:1018F000603188424FD0D4F8800000688D4978313B
:10190000884248D0D4F8800000688A4990318842E3
:1019100041D0D4F8800000688649A83188423AD086
:10192000D4F8800000688449884234D0D4F880001C
:1019300000688149183188422DD0D4F880000068B1
:101940007D493031884226D0D4F8800000687A4939
:10195000483188421FD0D4F8800000687649603151
:10196000884218D0D4F880000068734978318842E2
:1019700011D0D4F8800000686F49903188420AD0B5
:10198000D4F8800000686C49A83102E0AEE069E05C
:1019900001E0884204D1D4F880000068406803E088
:1019A000D4F88000006840681FFA80F8B8F1000F92
:1019B00057D0B4F85C00404553DDA4F85E80D4F8FD
:1019C0008000C069B0F5807F40D000BF00BF2168B3
:1019D00051E8001F21F48070226842E800010029CC
:1019E000F5D100BF00BF00BF2168083151E8001FDA
:1019F00021F001002168083141E80002002AF3D1FA
:101A000000BF00BF00BF2168083151E8001F21F06E
:101A100040002168083141E80002002AF3D100BFEC
:101A20002020C4F88C000020E06600BF00BF2168C1
:101A300051E8001F21F01000226842E8000100294F
:101A4000F5D100BFD4F88000F9F7B2FF022020677B
:101A5000B4F85C00B4F85E20801A81B22046FFF72B
:101A60007FFD5FE634F85C0F6188401A1FFA80F84A
:101A700060885C3CC8B3B8F1000F36D000BF00BF2F
:101A8000216851E8001F21F49070226842E80001AB
:101A90000029F5D100BF00BF00BF2168083151E81F
:101AA000001F214AD24301EA02002168083141E8BF
:101AB0000002002AF1D100BF2020C4F88C000020D1
:101AC000E066606700BF00BF216851E8001F21F099
:101AD0001000226842E800010029F5D100BF022071
:101AE000206741462046FFF73BFD1BE605F48010CA
:101AF00050B107F4800038B14FF4801021680862BB
:101B00002046FFF78EFD0DE605F08000B0B106F02F
:101B1000800010B907F4000080B1A06F10B120461A
:101B2000A16F8847FEE500000100001020010004BD
:101B3000D3320108100002401004024005F04000BA
:101B400030B106F0400018B1204601F065FCE9E52F
:101B500005F4000030B106F0804018B12046FFF7D0
:101B60005FFDDFE505F0807030B106F0004018B190
:101B70002046FFF7F6FCD5E500BFD3E510B50446D7
:101B80000CB9012010BDA06900B100E000BFD4F87D
:101B9000880028B9002084F88400204600F02AF844
:101BA0002420C4F888002068006820F00100216823
:101BB0000860A06A10B1204601F09AFA204601F0B0
:101BC00063FC012800D1DDE72068406820F49040E4
:101BD000216848602068806820F02A0021688860B9
:101BE0002068006840F0010021680860204601F08C
:101BF000FBFAC7E710B5B8B00446142132A8EEF7D7
:101C0000E8FFC02102A8EEF7E4FF3C4920688842C3
:101C100072D102210020CDE90210209002A8FDF728
:101C2000F5FC08B1F9F741FD00BF3548006840F008
:101C30000040334908600846006800F00040019009
:101C400000BF00BF00BF2E480838006840F01000F9
:101C50002B49083908600846006800F01000019020
:101C600000BF00BF03203290022033900020349048
:101C700035900820369032A92248FDF711F800BFB0
:101C80001F481038006840F001001D4910390860F5
:101C90000846006800F00100019000BF00BF1A482C
:101CA0001A4908605220486040211848816000218C
:101CB000C1604FF480610161002141618161C161B6
:101CC00001624162FBF72EF808B1F9F7EEFC00BFA4
:101CD0000E48E067846300BF002207210B20FDF758
:101CE000D1F90B20FDF7BAF9002207215320FDF7A7
:101CF000C9F95320FDF7B2F938B010BD007C00409F
:101D0000E84402580010025810000240500C002411
:101D100070B504460E461546D4F8880020283FD1F9
:101D200006B10DB9012070BD44F8506FA580E58063
:101D3000002020642120A063E06A503CE0B11948F3
:101D4000E16FC8631848E16F08641848E16FC86420
:101D50000020E16F0865236803F128022B46216DFE
:101D6000E06FFBF76FFA38B11020C4F89000202024
:101D7000C4F888000120D6E740202168086200BF2F
:101D800000BF2168083151E8001F41F08000216840
:101D9000083141E80002002AF3D100BF0020C2E769
:101DA0000220C0E7493301089D330108EB320108E6
:101DB00010B504460248844201D1F1F75FFC10BD22
:101DC000C80C0024704700BFFEE7000008B50020E3
:101DD00000906B46012200210948FBF7FBFD08B18A
:101DE000002008BD6B46012200210548FBF7F2FDEB
:101DF00008B10020F5E70098C0F38000F1E700008B
:101E0000000B002438B504460020009004B938BD0A
:101E10006B46012200210548FBF7DCFD08B10020DC
:101E2000F5E7009820600120F1E70000000B002496
:101E30001CB500200190009001AB02220021174840
:101E4000FBF7C8FD18B10020154908701CBD6B4692
:101E5000032200211148FBF7BDFD18B100201049F5
:101E60000870F3E70F49019808600F49009808606F
:101E7000019808B9009838B14FF6FF71019888426F
:101E800006D10098884203D1002005490870DDE79B
:101E900001200349087000BFD8E70000000B0024B0
:101EA000E4000024DC000024E00000247CB50646A9
:101EB0000020019000906B46122200212A48FBF777
:101EC00089FD08B100207CBD284900980860009871
:101ED00000F01F0040F48040E02101EA461140EA92
:101EE0000104234804602346122200211E48FBF708
:101EF000FFFE08B10020E6E701AB002211461A48B8
:101F0000FBF768FD08B10020DDE7019840F40043CD
:101F1000002211461448FBF7EBFE08B10020D2E77F
:101F2000FCF7D0FF054600BF01AB002211460E486A
:101F3000FBF750FD08B10020C5E70E490198086085
:101F4000019800F4004038B90B4B122200210648DA
:101F5000FBF740FD0120B6E7FCF7B4FF401BB0F5EE
:101F6000FA7FE1D90020AEE7000B0024E80000244E
:101F7000EC000024F4000024F000002410B5164802
:101F80001649086000201649087080204870E1203A
:101F900088700020C8700871487108460F49486071
:101FA00001210E4801720F49C1600F49016140F2E1
:101FB000F4514161FBF736FB08B1F9F776FB3821A4
:101FC0000A48EEF706FE2120084908604FF4403029
:101FD00048610020086110BD00800240000B002411
:101FE000240000240002003000000030C80A002451
:101FF00010B51F481F4908604FF4407088600021E9
:102000001C48C160012101740021417481740121C7
:102010004161072181613421C161072101620121F0
:102020004162032181620B21C1620321016300210E
:102030004163012181630021C163082101641221F0
:102040004164002181640421C164002101650421EF
:10205000416500218165C165082101660021416655
:1020600012218166FCF726FB08B1F9F71EFB10BDB3
:1020700000A00040B00B002410B5144A0021144801
:1020800009F09CFD13490860134A0021134809F028
:1020900095FD13490860134A0021134809F08EFD8D
:1020A00012490860124A0021124809F087FD1249BE
:1020B0000860F1F749FA30B1104A0021104809F0E0
:1020C0007DFD10490860F2F707FD10BDB8E6010874
:1020D000DD2C01082000002428E60108732D0108EA
:1020E000000000244CE60108652D010804000024CE
:1020F00070E60108792C01080800002494E6010824
:10210000812D01080C00002400B587B0142102A81D
:10211000EEF75FFD00BF4048006840F480703E4924
:1021200008600846006800F48070019000BF00BF9E
:1021300000BF0846006840F00400086008460068D8
:1021400000F00400019000BF00BF00BF0846006817
:1021500040F0800008600846006800F080000190B0
:1021600000BF00BF00BF0846006840F001000860E3
:102170000846006800F00100019000BF00BF00BFEA
:102180000846006840F0400008600846006800F01B
:102190004000019000BF00BF00BF0846006840F04B
:1021A000020008600846006800F00200019000BFCD
:1021B00000BF00BF0846006840F0100008600846F5
:1021C000006800F01000019000BF00BF0122042150
:1021D0001248FCF76BFE4FF48070029000200390D1
:1021E000049002A90E48FCF75BFD4FF400500290EA
:1021F00000200390049002A90A48FCF751FD042036
:1022000002900120039000200490059002A9034849
:10221000FCF746FD07B000BDE0440258001C025820
:10222000002002580008025810B5184818490860E4
:102230004FF4E1304860002115488160C1600161C0
:102240000C21416100218161C16101624162002074
:102250000F4988620846FFF791FC08B1F9F725FAA3
:1022600000210B48FFF7ADF908B1F9F71EFA00217C
:102270000748FFF777F908B1F9F717FA0448FFF7AD
:1022800048F908B1F9F711FA10BD0000007C0040D0
:10229000C80C002400BFFEE700BFFEE72DE9F041B7
:1022A00004460E4600275548006800F00300032846
:1022B00002D10120BDE8F08150482838006820F0A4
:1022C00080604E4928390860FCF7FCFD054606E0B1
:1022D000FCF7F8FD401B022801D90320EAE7474834
:1022E00028380068C0F3C0600028F1D100BF43481F
:1022F000006820F47C30216840EA01303F490860E2
:10230000A088401EC0F30800A168491E4FF47E4219
:1023100002EA41210843A189491ED20102EA014192
:102320000843217C491E120202EA01610843334935
:102330001031086000BF3148001D006820F0C00067
:10234000616908432D49091D08600846006820F0AE
:102350002000A16908432949091D08600846006852
:1023600020F0100008602548143000684FF6F8711E
:102370008843E16940EAC1002049143108601F48E0
:10238000001D006840F010001C49091D08602EB9AE
:102390000846006840F40020086012E0012E08D1D1
:1023A0001648001D006840F480101449091D08609B
:1023B00007E01248001D006840F400100F49091D95
:1023C00008600E482838006840F080600B492839C2
:1023D0000860FCF777FD054606E0FCF773FD401B3F
:1023E000022801D9032065E7044828380068C0F3B3
:1023F000C0600028F1D038465CE70000284402584D
:102400002DE9F04104460E4600275548006800F0CB
:102410000300032802D10120BDE8F081504828388C
:10242000006820F080504E4928390860FCF74AFDCA
:10243000054606E0FCF746FD401B022801D90320B3
:10244000EAE7474828380068C0F340700028F1D117
:1024500000BF4348006820F07C70218840EA0150AA
:102460003F490860A088401EC0F30800A168491ECB
:102470004FF47E4202EA41210843A189491ED2015C
:1024800002EA01410843217C491E120202EA01616D
:10249000084333491831086000BF3148001D006807
:1024A00020F44060616908432D49091D0860084611
:1024B000006820F40070A16908432949091D0860DB
:1024C0000846006820F48070086025481C300068C9
:1024D0004FF6F8718843E16940EAC10020491C3198
:1024E00008601F48001D006840F480701C49091DE9
:1024F00008602EB90846006840F48000086012E0C9
:10250000012E08D11648001D006840F4000014494F
:10251000091D086007E01248001D006840F0807047
:102520000F49091D08600E482838006840F08050A7
:102530000B4928390860FCF7C5FC054606E0FCF7A6
:10254000C1FC401B022801D9032065E70448283854
:102550000068C0F340700028F1D038465CE7000006
:10256000284402580146062901D30020704702483A
:1025700000EBC100FAE70000C4E7010800200449AD
:1025800081F82D0281F82E02C1F830027047000058
:10259000E838032470B50446002501F0D0FA064659
:1025A00072B600BF00BF00BFBFF35F8F00BF00BFA8
:1025B00000BF194890F82D0208B31748D0F8300230
:1025C0001549D1F83812884217D113484078A0B97C
:1025D00011480078022810D101200F4981F82C02FF
:1025E000084690F82E0208710846C0F83C42D0F820
:1025F0004402401CC1F844020125FFF7BFFF00BFA1
:1026000000BF00BFBFF35F8F00BF00BF00BF3046F9
:1026100001F09BFA284670BDE838032430B58DB030
:10262000044634216846EEF7D4FA14B900200DB000
:1026300030BD01F084FA054672B600BF00BF00BF8E
:10264000BFF35F8F00BF00BF00BF3D4800788DF82B
:1026500000003B4840788DF80100394880788DF8BB
:1026600002003748C0788DF803003548C0798DF8EE
:102670000400334890F828028DF80500304890F89F
:1026800029028DF806002E4890F82A028DF80700DE
:102690002B4890F82B028DF80800294890F82C025E
:1026A0008DF80900264800798DF80A00244890F832
:1026B00034028DF80B00224890F835028DF80C009A
:1026C0001F4890F836028DF80D001D4890F837022B
:1026D0008DF80E001A48D0F8380204901848D0F847
:1026E0003C0205901648D0F8400206901448D0F8F5
:1026F000440207901248D0F8480208901048D0F8D9
:102700004C0209900E48D0F850020A900C48D0F8BC
:1027100054020B900A48D0F858020C9000BF00BF3A
:1027200000BFBFF35F8F00BF00BF00BF284601F0AE
:102730000CFA342269462046EEF7EFF9012076E7DD
:10274000E838032410B54FF417710448EEF741FA46
:102750000020024908700120487010BDE8380324A9
:1027600070B501F0ECF9054672B600BF00BF00BFBE
:10277000BFF35F8F00BF00BF00BF0648007803288B
:1027800001D1012000E000200446284601F0DDF9D7
:10279000204670BDE838032470B504460CB901200A
:1027A00070BD01F0CCF9064672B64D48407850B97C
:1027B0004B48807838B14A480078012805D048480D
:1027C0000078022801D002257DE020784449C978AC
:1027D000884217D0424890F8370218B9062040497D
:1027E00081F8370203203E4908700120487000201C
:1027F0008870C87048718871C8710872FFF7BEFE92
:10280000032560E03648C0790F281DD3344890F87E
:10281000370218B90520324981F837023048D0F81C
:102820005402401C2E49C1F85402032008700120B4
:10283000487000208870C87048718871C87108722B
:10284000FFF79CFE04253EE02548007802280ED1C3
:102850002348C07958B92248007A40B12048D0F8BE
:102860005002401C1E49C1F85002002008721C4949
:10287000897901EBC1021A490C3101EB8200242253
:102880002146EEF74AF916488079401C14498871B0
:10289000084680790F2801D3002088711048C0793C
:1028A000401C0F49C8712078401CC870012081F875
:1028B0002A02207881F82B020846D0F84002401CFA
:1028C000C1F84002002500BF00BF00BFBFF35F8F0B
:1028D00000BF00BF00BF304601F037F928465FE770
:1028E000E838032470B5044601F029F9054672B6AC
:1028F00000BF00BF00BFBFF35F8F00BF00BF00BFBE
:10290000094880F829420120074981F8280200BFC0
:1029100000BF00BFBFF35F8F00BF00BF00BF2846EE
:1029200001F013F970BD0000E83803242DE9F041EF
:1029300006460C46154601F002F9074672B600BF7E
:1029400000BF00BFBFF35F8F00BF00BF00BF0CB16F
:10295000012000E000200F4981F834020CB130461C
:1029600000E000200B4981F83502084680F8365215
:10297000D0F84802401CC1F8480200BF00BF00BFA9
:10298000BFF35F8F00BF00BF00BF384601F0DDF826
:10299000BDE8F081E838032470B5044601F0CFF8B3
:1029A000054672B6104890F8370218B914B10E48AF
:1029B00080F8374203200C4908700120487000203D
:1029C0008870C87048718871C8710872FFF7D6FDA9
:1029D00000BF00BF00BFBFF35F8F00BF00BF00BFDD
:1029E000284601F0B2F870BDE838032470B50446FB
:1029F0000CB9002070BD01F0A2F8054672B600BF08
:102A000000BF00BFBFF35F8F00BF00BF00BF00204B
:102A10002349487101208871C8710020087224225E
:102A200021461F480C30EEF778F82078401C1C49EE
:102A3000C87001208870002048700846D0F838021D
:102A4000401CC1F83802012081F82A02207881F860
:102A50002B020846D0F84002401CC1F8400200207A
:102A600081F8370281F8340281F8350281F83602A4
:102A700081F82C020871C1F83C02FFF77FFD0120AC
:102A80000749087000BF00BF00BFBFF35F8F00BFE2
:102A900000BF00BF284601F058F80120AAE7000057
:102AA000E83803242DE9F04105460C46002601F0E4
:102AB00046F8074672B600BF00BF00BFBFF35F8F86
:102AC00000BF00BF00BF144890F82D02A8B91248FB
:102AD000D0F83802A04210D10F48407868B90E48AB
:102AE0000078022809D10C4880F82E52C0F83042F4
:102AF0000120094981F82D02012600BF00BF00BF57
:102B0000BFF35F8F00BF00BF00BF384601F01DF864
:102B10003046BDE8F0810000E83803242DE9F04795
:102B200007468846164607B116B90420BDE8F08767
:102B300001F005F8814672B64E48407818B94D4804
:102B40000078032801D1032486E04A480078012850
:102B500008D14848C079082804D3022045490870A4
:102B60000020087243480078022801D0002473E056
:102B70004048C07938BB3F48007A032806D23D4818
:102B8000007A401C3B490872022465E0394890F8FD
:102B9000370218B90420374981F837023548D0F890
:102BA0004C02401C3349C1F84C020320087001203C
:102BB000487000208870C870487188710872FFF7EB
:102BC000DDFC032448E000202A49087208464079C9
:102BD00000EBC00127480C3000EB8105286AA8EB08
:102BE0000000A98B88421DD3224890F8370218B9FB
:102BF0000720204981F837021E48D0F85802401CAF
:102C00001C49C1F8580203200870012048700020B8
:102C10008870C87048718871C8710872FFF7AEFC7F
:102C2000032419E0242229463846EDF776FF11489F
:102C30004079401C0F494871084640790F2801D35C
:102C4000002048710B48C079401E0A49C8710846E7
:102C5000D0F838023060012400BF00BF00BFBFF3CE
:102C60005F8F00BF00BF00BF484600F06EFF2046E8
:102C70005CE70000E838032408B50BF007FA009081
:102C800000BFF0F7C9FDF0F763F8FCF71BF9064643
:102C90003046EFF7FDFA3046F0F776F80BF0F6F92C
:102CA0000546012168460AF05FF90BF0EFF904468A
:102CB000AC4205D107480068401C0649086004E0A2
:102CC00005480068401C0449086000988442D8D038
:102CD0000094D6E71C0000241800002408B500204A
:102CE00000900027804600BFF0F796FFF3F768FFDB
:102CF000F1F7ECFE0B282BD1B8F1000F04D1F4F75B
:102D000071FC08B14FF001081FB90BF0BFF900903A
:102D100001270BF0BBF90646022168460AF024F9A8
:102D20000BF0B4F90546B54205D10C480068401CCB
:102D30000A49086004E00A480068401C0849086025
:102D40000BF0A4F9044600988442CDD00094CBE760
:102D50000027B84601200AF0D9F8C5E7140000247E
:102D60001000002400BFF3F791FF01200AF0CEF815
:102D7000F9E700BFF4F73AF901200AF0C7F8F9E7DC
:102D800000BFF0F721FCFCE710B54FF0E020006930
:102D90000BF06CF9012801D00AF066FB10BD0000B1
:102DA00000B59DB04C210AA8EDF713FF202102A821
:102DB000EDF70FFF0220FCF7B7F900BF00200190EC
:102DC0002948006820F0010027490860084600688B
:102DD00000F0010001902548006820F4404040F4D4
:102DE0008040224908600846006800F44040019095
:102DF00000BF00BF00BF1D48006800F40050B0F5E0
:102E0000005FF8D11A48006820F00300801C1849C0
:102E1000086003200A904FF480300B9001200D9041
:102E200040200E90002013900AA8FDF7C9FD08B1BC
:102E3000F8F73BFC3F20029000200390049008200C
:102E4000059040200690002007904FF48060089085
:102E500040200990002102A8FDF78CFA08B1F8F78C
:102E600024FC1DB000BD00002C0400581848025876
:102E7000284402583448006840F470003249086021
:102E80003248006800F00F00072806D22F4800687B
:102E900020F00F00C01D2D4908602D48006840F04B
:102EA00001002B490860002029491031086028489A
:102EB000006828490840264908602448006800F056
:102EC0000F00072806D92148006820F00F00C01D18
:102ED0001E49086000201E4918310860091D08605D
:102EE000091D08601C481A49283108601B48091D43
:102EF00008601B48091D08600020091D086018486B
:102F0000091D08600020091D08601548091D08609A
:102F10000020091D08600E48006820F480200C493C
:102F2000086000200A49603108600E4800686FF3AD
:102F30000F00B0F1005F02D201200B49086043F29C
:102F4000D2000A490860704788ED00E00020005276
:102F5000004402587FEDF6EA000202020000FF0181
:102F6000800201010010005C088100510040005205
:102F70004FF08040006900F0010060B14FF08040E8
:102F8000006920F001004FF08041086102480068AC
:102F9000401C014908607047FC00002410B502483D
:102FA000FEF7DBF910BD00005C0D002410B50268CF
:102FB0002D4B98420ED0B0F1804F0BD02B4B984246
:102FC00008D02B4B984205D02A4B984202D02A4B6E
:102FD000984203D122F070024B681A43224B984268
:102FE00017D0B0F1804F14D0204B984211D0204B15
:102FF00098420ED01F4B98420BD01F4B984208D0DE
:103000001E4B984205D01E4B984202D01D4B984251
:1030100003D122F44072CB681A4322F080034C693A
:1030200043EA040202608B68C3620B6883620E4B42
:1030300098420BD0104B984208D0104B984205D0C4
:103040000F4B984202D00F4B984201D10B6903639A
:1030500001234361036903F001031BB1036923F0FA
:103060000103036110BD00000000014000040040A6
:1030700000080040000C00400004014000400140F6
:10308000004401400048014010B50248FEF72CFB07
:1030900010BD0000C80C002470B5456E2DB9012587
:1030A000A0F86A50A0F868501CE0102310240568AE
:1030B000AD68C5F342610568AD686A0F0A4DAD5C45
:1030C00015FB04F5094EB65C95FBF6F5A0F86A50C1
:1030D000054D6D5C15FB03F5044E765C95FBF6F52E
:1030E000A0F8685070BD0000D0E80108D8E80108D9
:1030F00090F8281001F00801082907D101684968F3
:1031000021F40041826B11430268516090F828104D
:1031100001F0010139B10168496821F40031C26A46
:1031200011430268516090F8281001F00201022951
:1031300007D10168496821F48031026B11430268AC
:10314000516090F8281001F00401042907D10168AA
:10315000496821F48021426B11430268516090F864
:10316000281001F01001102907D10168896821F4A5
:103170008051C26B11430268916090F8281001F0F1
:103180002001202907D10168896821F40051026CCF
:1031900011430268916090F8281001F04001402925
:1031A00013D10168496821F48011426C114302680F
:1031B0005160416CB1F5801F07D10168496821F465
:1031C000C001826C11430268516090F8281001F030
:1031D0008001802907D10168496821F40021C26C6F
:1031E000114302685160704738B504460020C4F8A6
:1031F0009000FBF767FE05462068006800F00800B5
:10320000082821D16FF07E402B4600224FF4001198
:103210000090204600F0FEFBB0B100BF00BF216867
:1032200051E8001F21F08000226842E800010029D7
:10323000F5D100BF2020C4F8880000BF002084F82A
:10324000840000BF032038BD2068006800F004003F
:10325000042830D16FF07E402B4600224FF48001CD
:103260000090204600F0D6FB28B300BF00BF2168C5
:1032700051E8001F21F49070226842E80001002903
:10328000F5D100BF00BF00BF2168083151E8001F21
:1032900021F001002168083141E80002002AF3D141
:1032A00000BF2020C4F88C0000BF002084F88400F8
:1032B00000BF0320C7E72020C4F88800C4F88C00B2
:1032C0000020E066206700BF84F8840000BF00BFD4
:1032D000B9E770B50546AC6B0020A4F85E00A4F811
:1032E00056002046FEF7F6F970BD2DE9F04105467F
:1032F000AC6BD4F88860D4F88C702068806800F0DB
:103300008000802807D1212E05D10020A4F8560086
:10331000204600F099F82068806800F040004028BE
:1033200007D1222F05D10020A4F85E00204600F02E
:103330003DF8D4F8900040F01000C4F8900020460A
:10334000FEF7C8F9BDE8F08170B50546AC6BE869D9
:10335000B0F5807F1ED00020A4F8560000BF00BF4B
:103360002168083151E8001F21F0800021680831F0
:1033700041E80002002AF3D100BF00BF00BF21686E
:1033800051E8001F41F04000226842E80001002996
:10339000F5D102E02046FEF70BFD70BD70B5044686
:1033A000A56B2846FEF70EFD70BD000000BF00BFF4
:1033B000026852E8002F22F49071036843E800127B
:1033C000002AF5D100BF00BF00BF0268083252E8F2
:1033D000002F104B02EA03010268083242E8001392
:1033E000002BF2D100BFC16E01290CD100BF00BF7C
:1033F000026852E8002F22F01001036843E800122F
:10340000002AF5D100BF2021C0F88C100021C16630
:1034100041677047FEFFFFEF10B5044600BF00BFD5
:10342000216851E8001F21F04000226842E80001B5
:103430000029F5D100BF2020C4F888000020A06733
:103440002046FEF7B5FC10BD00BF00BF026852E881
:10345000002F22F0C001036843E80012002AF5D1D2
:1034600000BF00BF00BF0268083252E8002F22F4FC
:1034700000010268083242E80013002BF3D100BFBC
:103480002021C0F8881070472DE9F04F89B005461B
:1034900000200890F8492868884200D100E000BF69
:1034A0002969A868084369690843E96940EA01088D
:1034B00028680068F149084040EA08002968086067
:1034C0002868406820F44050E9680843296848604B
:1034D000D5F81880E8492868884202D0286A40EA6E
:1034E000080828688068E649084040EA080029681A
:1034F00088602868C06A20F00F00696A084329685C
:10350000C86200BFDF492868884220D1DE480068D1
:1035100000F03800182811D005DC48B1082809D07F
:10352000102811D108E020280AD028280CD109E061
:1035300001240BE0042409E0082407E0102405E03E
:10354000202403E0402401E0802400BFF8E0CF49BC
:103550002868884219D1CC48006800F00700062886
:1035600010D2DFE800F0030507090B0D00240BE083
:10357000042409E0082407E0102405E0202403E0E7
:10358000402401E0802400BFDAE0C1492868884275
:1035900019D1BD48006800F00700062810D2DFE806
:1035A00000F0030507090B0D00240BE0042409E0DB
:1035B000082407E0102405E0202403E0402401E073
:1035C000802400BFBCE0B3492868884219D1AE48C6
:1035D000006800F00700062810D2DFE800F00305BD
:1035E00007090B0D00240BE0042409E0082407E080
:1035F000102405E0202403E0402401E0802400BFE3
:103600009EE0A5492868884219D19F48006800F0CB
:103610000700062810D2DFE800F0030507090B0DAC
:1036200000240BE0042409E0082407E0102405E04E
:10363000202403E0402401E0802400BF80E097497B
:103640002868884220D19048006800F03800182887
:1036500011D005DC48B1082809D0102811D108E0A4
:1036600020280AD028280CD109E001240BE00424EA
:1036700009E0082407E0102405E0202403E04024AA
:1036800001E0802400BF5BE085492868884219D1A9
:103690007D48006800F00700062810D2DFE800F03F
:1036A000030507090B0D00240BE0042409E008249E
:1036B00007E0102405E0202403E0402401E08024FA
:1036C00000BF3DE077492868884219D16E480068FC
:1036D00000F00700062810D2DFE800F00305070914
:1036E0000B0D00240BE0042409E0082407E010245B
:1036F00005E0202403E0402401E0802400BF1FE017
:103700005D49286888421AD15F48001D006800F0B2
:103710000700062810D2DFE800F0030507090B0DAB
:1037200002240BE0042409E0082407E0102405E04B
:10373000202403E0402401E0802400BF00E0802436
:1037400000BF4D49286888427DD1102C1AD006DC74
:10375000022C09D0042C0BD0082C29D10DE0202CF0
:1037600021D0402C24D120E0FBF70EFD064623E0BB
:1037700005A8FBF71BFD069E1EE002A8FBF72EFE28
:10378000039E19E0404854380068C0F3401040B12F
:103790003D4854380068C0F3C101434820FA01F69F
:1037A00000E0414E08E0414E06E04FF4004603E0E1
:1037B00000260120089000BF00BF002E10D03C4919
:1037C000686A31F81000B6FBF0F9686800EB400059
:1037D000484503D868680003484502D20120089094
:1037E00003E13349686A31F810C06246002330466D
:1037F0001946ECF797FE4FF4807300228446ACFB29
:10380000030B01FB03B10CFB021C6968490803466A
:1038100059184CEB0200CDE90010D5F804C06246FF
:10382000002308460199ECF77DFE0746B7F5407F77
:1038300006D3B7F5801F03D22868C760D5E002E041
:1038400001200890D1E0E869B0F5004F7BD1082C49
:1038500039D005DC5CB1012C2CD0042C4CD12DE0EE
:10386000102C35D0202C42D0402C45D141E0FCF723
:103870006DFF064644E00000000C0058F369FFCFDE
:10388000FFF4FF110010014054440258004400406E
:1038900000480040004C004000500040001401402F
:1038A00000780040007C00400090D00300093D00FB
:1038B000B8E80108FCF75CFF064621E005A8FBF725
:1038C00075FC069E1CE002A8FBF788FD039E17E02E
:1038D0004C480068C0F3401038B14A480068C0F353
:1038E000C101494820FA01F600E0474E08E0474E82
:1038F00006E04FF4004603E000260120089000BFD8
:1039000000BFFEB14249686A31F81000B6FBF0F022
:103910004000696800EB5100B0FBF1F7102F0FD3A6
:10392000B7F5803F0CD24FF6F07007EA000AC7F3F4
:1039300042004AEA000A2868C0F80CA055E002E0FC
:103940000120089051E0082C1AD005DC5CB1012C54
:103950000DD0042C2DD10EE0102C16D0202C23D00D
:10396000402C26D122E0FCF7F1FE064625E0FCF7CC
:10397000FFFE064621E005A8FBF718FC069E1CE0AA
:1039800002A8FBF72BFD039E17E01E480068C0F35A
:10399000401038B11B480068C0F3C1011A4820FA32
:1039A00001F600E0184E08E0184E06E04FF400461D
:1039B00003E000260120089000BF00BFAEB114490B
:1039C000686A31F81000B6FBF0F0696800EB51004E
:1039D000B0FBF1F7102F06D3B7F5803F03D2B8B292
:1039E0002968C86001E0012008900120A5F86A005C
:1039F000A5F8680000206867A867089809B0BDE8C6
:103A0000F08F0000004402580090D00300093D00F0
:103A1000B8E801082DE9F04104460D4617469846DE
:103A2000069E41E0701C00283ED0FBF74BFAA0EB4D
:103A30000800B04200D816B90320BDE8F081206824
:103A4000006800F0040070B3802D2DD0402D2BD0E5
:103A50002068C069C0F3C00078B1082021680862FE
:103A60002046FFF7A3FC0820C4F8900000BF002008
:103A700084F8840000BF0120DFE72068C069C0F33C
:103A8000C02080B14FF40060216808622046FFF733
:103A90008DFC2020C4F8900000BF002084F8840032
:103AA00000BF0320C9E7FFE72068C0692840A8429B
:103AB00001D1012000E00020B842B3D00020BCE7D3
:103AC00000BFFEE703B401984100009850EAC1200E
:103AD00018BF04204A0D18BF40F0010040F2FF72E9
:103AE000B2EB515F08BF40F00200012808BF05207B
:103AF00002B0704702480068C0F30220704700001F
:103B00000CED00E010B5002804DB0A07130E054A8F
:103B1000135406E00A07140E034A00F00F031B1F9C
:103B2000D45410BD00E400E018ED00E0EFF3058090
:103B30007047EFF310807047EFF310807047EFF39A
:103B400010807047EFF31080704780F31088704743
:103B500080F31088704730380A2801D2012070475E
:103B60000020704710B5044624B140F2CE512046E3
:103B7000EDF70DF810BD411CC8B2072800DD01208B
:103B800070472DE9FF5F05460F4690461E46DDE96A
:103B90000E9B284603F06CF9044640F2F72014FB14
:103BA00000F005EB4001234601222846CDE90269D9
:103BB000CDE9007806F068FF5A462146284607F00E
:103BC000C9FB8246BAF1000F0DDD40F2F7206043D9
:103BD00045F620722A4402EB400000F10C01324607
:103BE0004846ECF713FF00222146284606F034FF32
:103BF000504604B0BDE8F09FFEB505460E46174698
:103C00001C460020029002A802233A463146CDE924
:103C100000042846FFF7B5FFBDF80800FEBD2DE9FA
:103C2000FF5F05460E4617469846DDE90E9A284680
:103C300003F01EF9044640F2F72014FB00F005EBF8
:103C400040012346022228468DE8C00306F01CFFEF
:103C500052462146284607F07DFB83460022214636
:103C6000284606F0F9FE584604B0BDE8F09FFFB5BF
:103C700083B004460D4616460C9F06A80223324622
:103C80002946CDE900072046FFF7C9FF07B0F0BD80
:103C90002DE9FF5F05460F4690461E46DDE90E9B67
:103CA000284603F0E5F8044640F2F72014FB00F044
:103CB00005EB4001234607222846CDE90269CDE9FC
:103CC000007806F0E1FE5A462146284607F042FBFE
:103CD0008246BAF1000F0DDD40F2F720604345F651
:103CE00020722A4402EB400000F10C0132464846A3
:103CF000ECF78CFE00222146284606F0ADFE504629
:103D000004B0BDE8F09F2DE9FF5F05460E4617465B
:103D10009846DDE90E9A284603F0AAF8044640F2D8
:103D2000F72014FB00F005EB40012346082228464B
:103D30008DE8C00306F0A8FE52462146284607F04B
:103D400009FB834600222146284606F085FE584698
:103D500004B0BDE8F09F2DE9FF5F05460F46904691
:103D60001E46DDE90E9B284603F082F8044640F229
:103D7000F72014FB00F005EB4001234604222846FF
:103D8000CDE90269CDE9007806F07EFE5A4621466B
:103D9000284607F0DFFA8246BAF1000F0DDD40F247
:103DA000F720604345F620722A4402EB400000F100
:103DB0000C0132464846ECF729FE002221462846EF
:103DC00006F04AFE504604B0BDE8F09F2DE9F04FE2
:103DD000A5B08246884691461E465746384603F0AF
:103DE00047F80546002404EB440006EB4000062299
:103DF0004FF4987339F81410CDE901320091039013
:103E000040F2F72015FB00F007EB40012B4604229F
:103E1000384606F039FE0C2005A921F814001BE0F5
:103E200004EB440006EB400006224FF4987339F887
:103E30001410CDE90232019104900120009040F26B
:103E4000F720684307EB40012B460422384600F078
:103E50000DFD05A921F81400601C0446A8F101011C
:103E60008842DDDB44451BDA04EB440006EB4000EE
:103E700006224FF4987339F81410CDE902320191FB
:103E800004900020009040F2F720684307EB4001C7
:103E90002B460422384600F0E9FC05A921F814005D
:103EA000294638462E9A07F055FA8346BBF1000F93
:103EB00018DB002414E040F2F720684345F6207137
:103EC000394401EB400005A931F81410084404EB13
:103ED000440106EB410102680A6080888880641C06
:103EE0004445E8DB00222946384606F0B5FD584631
:103EF00025B0BDE8F08FFEB505460E4617461C46B8
:103F00000020029002A802233A463146CDE900047F
:103F10002846FFF720FFBDF80800FEBD2DE9FF5F32
:103F200005460E4617469846DDE90E9A284602F0E9
:103F30009FFF044640F2F72014FB00F005EB400120
:103F40002346052228468DE8C00306F09DFD524613
:103F50002146284607F0FEF98346002221462846DE
:103F600006F07AFD584604B0BDE8F09FFFB583B077
:103F700004460D4616460C9F06A8022332462946E3
:103F8000CDE900072046FFF7C9FF07B0F0BD0000EC
:103F90002DE9F0418CB004460D4617461E46DDF86B
:103FA0004880202104A8ECF714FE684607F062FE62
:103FB0009DE80F00CDE90623CDE90401ADF82250BC
:103FC000ADF824708DF826600121074801550020C6
:103FD0008DF82700CDF8288004A9204605F0E6FAE0
:103FE0000CB0BDE8F0810000F80C02002DE9FF4F95
:103FF0008FB08346DDF874900027FA480068401CB3
:10400000F84908600120F84908600020F749086075
:10401000F7490860F7490860F7490860F749086000
:10402000F7490860F7490860F74908600A900026D8
:1040300000230AAA5846109904F028FF0746EB48C7
:104040000760584602F038FF064646B90220E649A6
:104050000860ED480760384613B0BDE8F08F0120D6
:10406000E34908603046FFF77DFD35460A20288089
:10407000002068802871109901EB011101EB4101CA
:104080004CF20C425A4402EBC10191F8D400FFF704
:1040900072FD8246109901EB011101EB41014CF2D6
:1040A0000C425A4402EBC10181F8D4A0032101EB78
:1040B0000A1068714FF40050E8801C9810B150202D
:1040C000287201E0402028721198A5F809001C9878
:1040D00020B11298012801DD012012901298E87297
:1040E0000020E8600320C0490860684607F0C2FD70
:1040F0009DE80F00CDE90623CDE9040144F62063D5
:1041000032465846109905F0F5F8074604A80FC83E
:1041100006F0FEF8B7490860B74807600420B249C6
:1041200008600026002F5FDD0A9818B158460A99EA
:1041300002F084FD00200A900520AB490860684623
:1041400007F098FD9DE80F0004AC0FC400BF0AAA59
:1041500058461F9B109904F099FE0746002F02DD78
:104160000A980028F3D004A80FC806F0D1F8A34994
:104170000860A34807600A9808B1012000E0002009
:10418000A04908600620984908600A9C002FCADDF3
:104190000A98002828D0607900F00F0003287DD10C
:1041A000E0880321B1EB203FF9D1B4F80900B5F85C
:1041B00009108842F3D1207A00F0020000281DDDAA
:1041C000207AC0F38100C0F104000E90D9F80010ED
:1041D0000E98814209DB04F10C010E9A1E98ECF74F
:1041E00015FC0E98C9F8000018E100270320009084
:1041F000584610A90EC905F093F90FE1E0680D903B
:10420000D9F800100D9881427EDB1E980C901E9804
:104210000B9020880A381FFA80F80D98804574DAD0
:10422000424604F110010B98ECF7F0FB0B98404468
:104230000B90C9F800800120089000200990ADE0A3
:10424000584602F039FE064616B900200890A9E04B
:1042500035460A202880002068802871109901EBDB
:10426000011101EB41014CF20C425A4402EBC10135
:1042700091F8D400FFF77FFC8246109800EB001005
:1042800000EB40004CF20C41594401EBC00080F8B7
:10429000D4A0032000EB0A10687100E096E04FF410
:1042A0000050E8800998603028721198A5F809003C
:1042B0001298E8720020E86044F6206332465846BF
:1042C000109905F017F807460026002F62DD0A98BE
:1042D00018B158460A9902F0B1FC00200A900AAAC7
:1042E00058461F9B109904F0D1FD07460A9C002FE9
:1042F00050DD607900F00F00032836D1E0880321FB
:10430000B1EB203F31D101E057E04CE0207A00F0E2
:10431000E00050BB2088C01E1FFA80F8207A00F011
:104320000100002812DD00200890B8F1070F06D127
:10433000207AC0F34200A8EB00001FFA80F8424642
:1043400004F109010B98ECF761FB08E0424604F127
:1043500009010B98ECF75AFB0B9840440B90D9F8E5
:1043600000004044C9F8000014E000200890207AC2
:10437000802807D1E0680090584610A90EC9FFF7C1
:1043800007FE06E001200090584610A90EC905F06E
:10439000C7F80027099880F01000099008980028B5
:1043A0007FF44EAF3AE004F11001DDE90C02ECF7C6
:1043B0002DFB0D98C9F8000030E000270320009085
:1043C000584610A90EC905F0ABF827E0207A8028DE
:1043D0001CD1E0680090584610A90EC9FFF7D8FD1F
:1043E0001BE00000B8010024BC010024C00100242F
:1043F000C4010024C8010024CC010024D001002401
:10440000D4010024D8010024DC0100240120009004
:10441000584610A90EC905F083F800270A9818B16C
:1044200058460A9902F00AFC1EB13146584602F07D
:1044300005FC0348076007200249086038460BE680
:10444000DC010024BC0100242DE9FF4F87B0834626
:10445000159F002005908246002305AA584608991A
:1044600004F014FD8146584602F026FD8246BAF15A
:10447000000F03D148460BB0BDE8F08F5046FFF760
:1044800071FB5446089800EB001000EB40004CF222
:104490000C41594401EBC000B0F8CA001038069036
:1044A000042F7DDC149800287AD10A202080002077
:1044B00060802071089901EB011101EB41014CF280
:1044C0000C425A4402EBC10191F8D400FFF753FBB0
:1044D0008046089800EB001000EB40004CF20C41C5
:1044E000594401EBC00080F8D480032000EB081091
:1044F00060714FF40050E080C7F104000C2101EA24
:10450000800040F0230020720998A4F809000A985E
:10451000E072169802903A4604F10C000299ECF70A
:1045200075FA44F6206352465846089904F0E2FEB4
:1045300081464FF0000AB9F1000F3BDD059818B134
:104540005846059902F07AFB0020059005AA5846C6
:10455000179B089904F09AFC8146B9F1000FECDD35
:10456000059D687900F00F0003280ED1E88803212B
:10457000B1EB203F09D1B5F80900B4F80910884221
:1045800003D1E87AE17A884214D0287A802808D1C9
:10459000E8680090584608A90EC9FFF7F9FC07E043
:1045A00009E001200090584608A90EC904F0B8FFA0
:1045B0004FF000094BE13E460020039006988642EA
:1045C00002DD069E0120039006F10A0020800020F3
:1045D00060802071089901EB011101EB41014CF25F
:1045E0000C425A4402EBC10191F8D400FFF7C3FA20
:1045F0008046089901EB011101EB41014CF20C429C
:104600005A4402EBC10181F8D480032101EB081068
:1046100060714FF40050E080149810B13120207286
:1046200001E0212020720998A4F809000A98E0729C
:10463000149820B10A98012801DD0120E072E7609A
:1046400016980290324604F110000299ECF7DEF958
:10465000029830440290BF1B44F6206352465846ED
:10466000089904F047FE81464FF0000AB9F1000FA7
:10467000A0DD059818B15846059902F0DFFA002030
:10468000059005AA5846179B089904F0FFFB814640
:10469000B9F1000F8EDD059D687900F00F00032849
:1046A0007ED1E8880321B1EB203FF9D1B5F80900AC
:1046B000B4F809108842F3D1E87AE17A8842EFD160
:1046C0000698C01D069000200490A7E0584602F00E
:1046D000F3FB8246BAF1000F02D100200390A1E063
:1046E0005046FFF73FFA54463E4600200390012013
:1046F00020720698864204DD069E01200390002069
:104700002072039850B9072E08DA0A202080C6F1DB
:104710000700012101EB4000207201E0F01C208025
:10472000002060802071089901EB011101EB41012B
:104730004CF20C425A4402EBC10191F8D400FFF74D
:104740001AFA8046089800EB001000EB40004CF28B
:104750000C41594401EBC00080F8D480032000EBE9
:10476000081060714FF40050E080217A04980844EA
:104770002072324604F109000299ECF747F90298D9
:1047800030440290BF1B44F62063524658460899B5
:1047900004F0B0FD81464FF0000AB9F1000F00E0CF
:1047A00041E037DD059818B15846059902F046FA00
:1047B0000020059005AA5846179B089904F066FB4F
:1047C0008146B9F1000F25DD059D687900F00F00E5
:1047D000032809D1E8880321B1EB203F04D1287ACE
:1047E00000F0E000202815D0287A802807D1E8685A
:1047F0000090584608A90EC9FFF7CAFB06E0012041
:104800000090584608A90EC904F08AFE4FF000092E
:1048100000200390049880F0100004900398002872
:104820007FF454AF13E0287A802807D1E86800901D
:10483000584608A90EC9FFF7ABFB06E0012000901F
:10484000584608A90EC904F06BFE4FF00009059800
:1048500018B15846059902F0F1F9BAF1000F03D0EA
:104860005146584602F0EAF9484604E62DE9F05F61
:1048700082468846934699460D9D474645F6E06038
:10488000504430F8290086B207F10E0420880C301D
:1048900028442080208940F400402081B01EC419A3
:1048A00084F802B084F803900B98A0800C98E08004
:1048B0000A9818B145F40040208100E0258106F1F6
:1048C0000A01C8192A4659460E9B06F0FDFE002132
:1048D00006F10A002844395406F10A002844401C15
:1048E000395406F10C00284445F6E061514441F882
:1048F0002900301F80B2BDE8F09F000010B53821BC
:104900000148ECF766F910BD1C8A03240022034914
:104910000A540021014A02445170704738270200AE
:1049200070B504460D4605EB851000EB8000164976
:10493000214401EB8000D0F8280110B305EB85106D
:1049400000EB80001049214401EB8000D0F82C01DD
:10495000B8B105EB851202EB82020B4B234403EB4B
:104960008202D2F82C1105EB851202EB8202064B73
:10497000234403EB8202D2F82801ECF708F9012066
:1049800070BD0020FCE70000D002020070B50446B4
:10499000002514E005EB851000EB8000134921444D
:1049A00001EB800000F53176D6F84C0230B1D6F834
:1049B0004C0207F094F90020C6F84C026D1C022D41
:1049C000E8DB0B482044D0F88C0050B10849214462
:1049D000D1F88C0007F083F9002005492144C1F883
:1049E0008C00204600F006F870BD0000D0020200E6
:1049F000002E020000B9704700210AE0002245F6AF
:104A0000E063034443F82120002300F53E42535461
:104A1000491C1029F2DB00234BF6106213544CF2B0
:104A20000842135000BFE6E72DE9FF4F87B0044668
:104A30001D46DDE91497002006900590049000BF04
:104A4000804605EB051000EB40004CF20C41214480
:104A500001EBC0008088029005EB051000EB4000E0
:104A60004CF20C41214401EBC00090F80E6105EBC3
:104A7000051000EB40004CF20C41214401EBC0005A
:104A8000808B88B101E0701CC6B205EB051000EB0D
:104A900040004CF20C41214401EBC000853000EB9A
:104AA000061000680028EED15EE203E008F1010084
:104AB00000F0FF08B8F1070F0DDA05EB051000EB69
:104AC00040004CF20C41214401EBC0007D3010F855
:104AD00008000428EAD105EB051000EB40004CF279
:104AE0000C41214401EBC0003D3000EBC8000188BF
:104AF00005EB051000EB40004CF20C42224402EBA7
:104B0000C000853000EB0610018105EB051000EBBD
:104B100040004CF20C41214401EBC0003D3000EB61
:104B2000C800B0F802A00498504480B204900698DF
:104B300000EBCA00069005EB051000EB40004CF2BC
:104B40000C41214401EBC0003D3000EBC80000885F
:104B5000504480B2039050E008F1010000F0FF08DB
:104B600003E008F1010000F0FF08B8F1070F0DDACB
:104B700005EB051000EB40004CF20C41214401EB29
:104B8000C0007D3010F808000428EAD105EB0510BC
:104B900000EB40004CF20C41214401EBC0003D30E1
:104BA00000EBC80001880398814200DD35E005EB89
:104BB000051000EB40004CF20C41214401EBC00019
:104BC0003D3000EBC800B0F802A00498504480B219
:104BD0000490069800EBCA00069005EB051000EB68
:104BE00040004CF20C41214401EBC0003D3000EB91
:104BF000C8000088504480B2039005EB051000EB1C
:104C000040004CF20C41214401EBC000C18D0698DC
:104C1000814202DDB8F1070F9EDB00BF05EB0510F6
:104C200000EB40004CF20C41214401EBC000006B52
:104C3000002875D105EB051000EB40004CF20C424A
:104C4000224402EBC000853000EB0610D9F80010BA
:104C50000160397805EB051000EB40004CF20C4286
:104C6000224402EBC000853000EB061081713978D8
:104C700005EB051000EB40004CF20C42224402EB25
:104C8000C00090F82E00401E08443870387807287D
:104C900007DDD9F80000401CC9F800003878083852
:104CA000387005EB051000EB40004CF20C4121443C
:104CB00001EBC000853000EB06100088B9F8001049
:104CC000081A401C1FFA80FB05EB051000EB4000A2
:104CD0004CF20C41214401EBC000853000EB061082
:104CE000A0F804B0397805EB051000EB40004CF259
:104CF0000C42224402EBC000853000EB0610C1716B
:104D00003878401C38703878072872DDD9F80000F0
:104D1000401CC9F8000038780838387069E0FFE7AF
:104D2000387830B1D9F80000401CC9F800000020E4
:104D3000387005EB051000EB40004CF20C422244A9
:104D400002EBC000853000EB0610D9F800100160BE
:104D5000397805EB051000EB40004CF20C42224480
:104D600002EBC000853000EB06108171072038701F
:104D7000DDF810B00598584405EB051101EB410131
:104D80004CF20C42224402EBC101096B88420DDD5A
:104D900005EB051000EB40004CF20C41214401EB07
:104DA000C000018E0598081A1FFA80FBD9F8000090
:104DB0005844C9F8000005EB051000EB40004CF228
:104DC0000C41214401EBC000853000EB0610A0F837
:104DD00004B0397805EB051000EB40004CF20C42B2
:104DE000224402EBC000853000EB0610C1710020A8
:104DF000387005985844059005EB051000EB40000D
:104E00004CF20C41214401EBC000853000EB061050
:104E10008088E8B3002105EB051000EB40004CF260
:104E20000C42224402EBC000853000EB0610817278
:104E3000012105EB051000EB40004CF20C4222442E
:104E400002EBC000853000EB0610C17205EB0510C7
:104E500000EB40004CF20C42224402EBC0008530D3
:104E600000EB0610017341F2707105EB051000EBC9
:104E700040004CF20C42224402EBC000853000EBB3
:104E80000610CDE90001300100F5C062102300E0FA
:104E900003E020460299FFF741F805EB051000EB0F
:104EA00040004CF20C41214401EBC000406BE0BBE0
:104EB000099818B305EB051000EB40004CF20C41CB
:104EC000214401EBC000853000EB06100168089812
:104ED0000144099800EB801000EB8000344A224422
:104EE00052F82000091A05EB051000EB40004CF2C7
:104EF0000C42224402EBC00041631AE005EB0510AE
:104F000000EB40004CF20C41214401EBC000853025
:104F100000EB061001680898084405EB051101EB49
:104F200041014CF20C42224400E01BE002EBC101C3
:104F3000486305EB051000EB40004CF20C412144A6
:104F400001EBC000853000EB0610807905EB051100
:104F500001EB41014CF20C42224402EBC10181F809
:104F60003C0000BF701CC6B2B8F1080F12DA05EBA6
:104F7000051101EB41014CF20C42224402EBC1014C
:104F8000C98DC81DC11700EB5171CA1005998A421D
:104F90003FF78BAD05EB051000EB40004CF20C41E8
:104FA000214401EBC00080F80E610BB0BDE8F08F2A
:104FB000D00202002DE9FE4F0446894617461D46E1
:104FC000DDF830804FF0010A05EB051000EB4000E2
:104FD0004CF20C41214401EBC0008088029005EBAB
:104FE000051000EB40004CF20C41214401EBC000E5
:104FF00090F80E6105EB051000EB40004CF20C41FF
:10500000214401EBC000B0F8CA0000287ED0042E75
:105010007CDA05EB051000EB40004CF20C42224418
:1050200002EBC000853000EB0610D8F800100160DC
:10503000002105EB051000EB40004CF20C4222442D
:1050400002EBC000853000EB06108171D8F800003B
:105050005044C8F8000005EB051000EB40004CF28E
:105060000C41214401EBC000853000EB0610A0F894
:1050700004A0072105EB051000EB40004CF20C42A8
:10508000224402EBC000853000EB0610C17140F6EF
:105090000D0105EB051000EB40004CF20C422244E0
:1050A00002EBC000853000EB06100181002105EB0A
:1050B000051000EB40004CF20C42224402EBC00011
:1050C000853000EB06108172012105EB051000EB25
:1050D00040004CF20C42224402EBC000853000EB51
:1050E0000610C17205EB051000EB40004CF20C42BB
:1050F000224402EBC000853000EB0610017341F240
:10510000707105EB051000EB400000E077E04CF219
:105110000C42224402EBC000853000EB0610CDE9C2
:105120000001300100F5C062102320460299FEF70D
:10513000F5FE05EB051000EB40004CF20C4121445C
:1051400001EBC000853000EB0610D0F800B009EB91
:105150000B0005EB051101EB41014CF20C4222441E
:1051600002EBC101C1F8680107EB871000EB80007A
:10517000294A224402EB800000F5987007EB871261
:1051800002EB8202244B234403EB8202D2F82C214F
:1051900020F8125007EB871000EB80001E492144D5
:1051A00001EB8000D0F82C01401C07EB871101EBCC
:1051B0008101194A224402EB8101C1F82C01701CC3
:1051C000C6B205EB051000EB40004CF20C41214447
:1051D00001EBC000006B90B907EB871000EB80007B
:1051E0000D49214401EB8000808C401C07EB8711A6
:1051F00001EB8101084A224402EB8101888405EB1E
:10520000051000EB40004CF20C41214401EBC000C2
:1052100080F80E61BDE8FE8FD00202002DE9FF4F3D
:1052200087B004461D46DDE91497002006900590DE
:10523000049000BF804605EB051000EB40004CF2E7
:105240000C41214401EBC00090F80E6105EB051004
:1052500000EB40004CF20C41214401EBC00080887F
:1052600002905FE203E008F1010000F0FF08B8F1EE
:10527000070F0DDA05EB051000EB40004CF20C4176
:10528000214401EBC0007D3010F808000328EAD16A
:1052900005EB051000EB40004CF20C41214401EB02
:1052A000C0003D3000EBC800018805EB051000EBA5
:1052B00040004CF20C42224402EBC000853000EB6F
:1052C0000610018105EB051000EB40004CF20C418B
:1052D000214401EBC0003D3000EBC800B0F802A053
:1052E0000498504480B20490069800EBCA000690DF
:1052F00005EB051000EB40004CF20C41214401EBA2
:10530000C0003D3000EBC8000088504480B20390DC
:1053100050E008F1010000F0FF0803E008F101008F
:1053200000F0FF08B8F1070F0DDA05EB051000EBF0
:1053300040004CF20C41214401EBC0007D3010F8DC
:1053400008000328EAD105EB051000EB40004CF201
:105350000C41214401EBC0003D3000EBC800018846
:105360000398814200DD35E005EB051000EB4000BD
:105370004CF20C41214401EBC0003D3000EBC80071
:10538000B0F802A00498504480B20490069800EB54
:10539000CA00069005EB051000EB40004CF20C41F2
:1053A000214401EBC0003D3000EBC80000885044B0
:1053B00080B2039005EB051000EB40004CF20C416D
:1053C000214401EBC000818B0698814202DDB8F1D7
:1053D000070F9EDB00BF05EB051000EB40004CF211
:1053E0000C41214401EBC000006A002874D105EB98
:1053F000051000EB40004CF20C42224402EBC000CE
:10540000853000EB0610D9F800100160397805EB03
:10541000051000EB40004CF20C42224402EBC000AD
:10542000853000EB06108171397805EB051000EB33
:1054300040004CF20C42224402EBC000007F401EB0
:10544000084438703878072807DDD9F80000401C78
:10545000C9F8000038780838387005EB051000EB03
:1054600040004CF20C41214401EBC000853000EBC0
:1054700006100088B9F80010081A401C1FFA80FBBB
:1054800005EB051000EB40004CF20C41214401EB10
:10549000C000853000EB0610A0F804B0397805EBA9
:1054A000051000EB40004CF20C42224402EBC0001D
:1054B000853000EB0610C1713878401C38703878A0
:1054C000072873DDD9F80000401CC9F800003878BF
:1054D000083838706AE0FFE7387830B1D9F8000052
:1054E000401CC9F800000020387005EB051000EBE7
:1054F00040004CF20C42224402EBC000853000EB2D
:105500000610D9F800100160397805EB051000EBA2
:1055100040004CF20C42224402EBC000853000EB0C
:105520000610817107203870DDF810B005980BEB7C
:10553000000105EB051000EB40004CF20C42224448
:1055400002EBC000006A81420DDD05EB051000EBA7
:1055500040004CF20C41214401EBC000018C059845
:10556000081A1FFA80FBD9F800005844C9F8000057
:1055700005EB051000EB40004CF20C41214401EB1F
:10558000C000853000EB0610A0F804B0397805EBB8
:10559000051000EB40004CF20C42224402EBC0002C
:1055A000853000EB0610C171002038700598584412
:1055B000059005EB051000EB40004CF20C41214436
:1055C00001EBC000853000EB06108088F0B30021AD
:1055D00005EB051000EB40004CF20C42224402EBBC
:1055E000C000853000EB06108172022105EB05102A
:1055F00000EB40004CF20C42224402EBC00085302C
:1056000000EB0610C172012105EB051000EB400014
:105610004CF20C42224402EBC000853000EB061035
:10562000017341F2707105EB051000EB40004CF284
:105630000C42224402EBC000853000EB0610CDE99D
:105640000001300100F5C062102300E003E02046B5
:105650000299FEF763FC05EB051000EB40004CF2ED
:105660000C41214401EBC000406AE0BB099818B32B
:1056700005EB051000EB40004CF20C41214401EB1E
:10568000C000853000EB06100168089801440998B5
:1056900000EB801000EB8000344A224452F82000D6
:1056A000091A05EB051000EB40004CF20C422244B5
:1056B00002EBC00041621AE005EB051000EB400070
:1056C0004CF20C41214401EBC000853000EB061088
:1056D00001680898084405EB051101EB41014CF203
:1056E0000C42224400E01BE002EBC101486205EBE2
:1056F000051000EB40004CF20C41214401EBC000CE
:10570000853000EB0610807905EB051101EB4101B6
:105710004CF20C42224402EBC10181F82C0000BF84
:10572000701CC6B2B8F1080F12DA05EB051101EBD7
:1057300041014CF20C42224402EBC101898BC81D8D
:10574000C11700EB5171CA1005998A423FF78AAD23
:1057500005EB051000EB40004CF20C41214401EB3D
:10576000C00080F80E610BB0BDE8F08FD0020200DF
:105770002DE9F04105460E464FF0000806E00020F6
:10578000274901EB0811486008F10108B8F1010F41
:10579000F5DB012414E066B104EB041000EB4000DB
:1057A0004CF20C41294401EBC00090F80D01B042CD
:1057B00004D100222146284602F010FB601C84B26E
:1057C00018484059A042E6DA00BF01F043FB074603
:1057D0001FB14FF47A7006F0D3FB002FF5D10124EE
:1057E00017E066B104EB041000EB40004CF20C41F2
:1057F000294401EBC00090F80D01B04207D12146C9
:10580000284602F09BFB2146284602F056FC601C0D
:1058100084B204484059A042E3DABDE8F0810000B8
:105820000C8A0324CC0202002DE9F04F8BB0044611
:10583000204601F08BFB20B16FF002000BB0BDE8F9
:10584000F08F204601F0B4F90390039800287DDD25
:10585000204605F04BF8012587E0C5F1010080B234
:105860000A9041F270734FF4A07220460A99FEF735
:10587000C3F9824605EB051000EB40004CF20C41E9
:10588000214401EBC000A0F818A041F27070009014
:1058900005F5805083B2102220460A99FEF7E7F9F9
:1058A000012D01D1AB4601E04FF0000B41F27070C9
:1058B0005B464FF48072009020460A99FEF7D7F9B4
:1058C00041F27073102220460A99FEF795F909906B
:1058D0000998099005EB051101EB41014CF20C42CE
:1058E000224402EBC1010998888041F2707005A939
:1058F00002231222CDE9001020460999FEF72BFA67
:10590000BDF8140005EB051101EB41014CF20C420E
:10591000224402EBC101C88041F2707008A9022341
:1059200040F20252CDE9001020460999FEF713FA21
:10593000BDF820000890BDF8200000F0400068B1DC
:10594000012005EB051101EB410100E0FDE34CF204
:105950000C42224402EBC10181F8040108222946CD
:10596000204604F053F9681C85B2FE480059A8424D
:10597000BFF673AF012517E044F6206229462046A2
:1059800004F098F9064605EB051000EB40004CF2D8
:105990000C41214401EBC00086600A2229462046C2
:1059A00004F034F9681C85B2EE480059A842E3DAE5
:1059B000012517E044F620622946204604F07AF9D2
:1059C000064605EB051000EB40004CF20C4121446B
:1059D00001EBC000C6600C222946204604F016F9EF
:1059E000681C85B2DF480059A842E3DA012517E0B8
:1059F00044F620622946204604F05CF9064605EB91
:105A0000051000EB40004CF20C41214401EBC000BA
:105A100006610E222946204604F0F8F8681C85B27B
:105A2000D0480059A842E3DA012517E044F6206285
:105A30002946204604F03EF9064605EB051000EB2A
:105A400040004CF20C41214401EBC0004661182299
:105A50002946204604F0DAF8681C85B2C14800598E
:105A6000A842E3DA012531E044F6206229462046C7
:105A700004F020F9064605EB051101EB41014CF25B
:105A80000C42224402EBC101A1F8CC60300C05EBC2
:105A9000051101EB41014CF20C42224402EBC10121
:105AA000A1F8CA0005EB051000EB40004CF20C41D8
:105AB000214401EBC000B0F8CA00002804DD1A221E
:105AC0002946204604F0A2F8681C85B2A548005972
:105AD000A842C9DA0125FDE305EB051000EB400003
:105AE0004CF20C41214401EBC000B0F8CA00002880
:105AF00044DD44F620622946204604F0DBF80646E1
:105B000005EB051101EB41014CF20C42224402EB82
:105B1000C101A1F8D060300C05EB051101EB41018A
:105B20004CF20C42224402EBC101A1F8CE0005EB7D
:105B3000051000EB40004CF20C41214401EBC00089
:105B4000B0F8CE00A8B905EB051000EB40004CF210
:105B50000C41214401EBC000B0F8CA0005EB05116F
:105B600001EB41014CF20C42224402EBC101A1F8CD
:105B7000CE001C222946204604F048F805EB05100B
:105B800000EB40004CF20C41214401EBC000808846
:105B9000099041F27073082220460999FEF7ABF98B
:105BA00082460AF0040000280CDD012105EB0510F7
:105BB00000EB40004CF20C42224402EBC00080F8A3
:105BC000D5100BE0002005EB051101EB41014CF273
:105BD0000C42224402EBC10181F8D50041F27073FE
:105BE0004FF4887220460999FEF785F9074600BFF1
:105BF00000200490834607F44070B0F5007F05D183
:105C00000498401CC0B204904BF0010B07F44060B4
:105C1000B0F5006F05D10498401CC0B204904BF061
:105C2000020B07F44050B0F5005F05D10498401C0A
:105C3000C0B204904BF0040B07F44040B0F5004FA5
:105C400005D10498401CC0B204904BF0080B41F2FF
:105C50007073072220460999FEF74DF9824605EB3D
:105C6000051101EB41014CF20C42224402EBC1014F
:105C700081F8D6A005EB051101EB41014CF20C4275
:105C8000224402EBC101049881F8D70005EB05100E
:105C900000EB40004CF20C41214401EBC00080F8C5
:105CA000D8B0002005EB051101EB41014CF20C428C
:105CB000224402EBC101A1F8DA00012D40DD07907A
:105CC000681E00B2069000BF069800EB001000EBC3
:105CD00040004CF20C41214401EBC00090F8D77019
:105CE000012F03D10798401E00B20790032F03D164
:105CF0000798401C00B20790042F03D10798801C1E
:105D000000B207900798002801DB012F02DC0698FB
:105D100001280ED1069881B205EB051000EB40007A
:105D20004CF20C42224402EBC000A0F8DA10012031
:105D300006900698401E00B2069006980028C3DC24
:105D4000094B01222946204605F032FB05EB0510E0
:105D500000EB40004CF20C41214401EBC000B0F8D4
:105D6000CA0003E0CC02020080841E0000287CDD13
:105D7000012005EB051101EB41014CF20C422244DC
:105D800002EBC10181F87D00022105EB051000EB5B
:105D900040004CF20C42224402EBC00080F87E101E
:105DA000032105EB051000EB40004CF20C422244AD
:105DB00002EBC00080F87F10042105EB051000EB1A
:105DC00040004CF20C42224402EBC00080F88010EC
:105DD00005EB051000EB40004CF20C41214401EBB7
:105DE000C000B0F8CC0005EB051101EB41014CF20D
:105DF0000C42224402EBC101A1F83D0005EB051065
:105E000000EB40004CF20C41214401EBC000B0F823
:105E1000CA1005EB051000EB40004CF20C42224486
:105E200002EBC000A0F83F10FE4905EB051000EBA7
:105E300040004CF20C42224402EBC000C0F841107A
:105E400005EB051000EB40004CF20C41214401EB46
:105E5000C000B0F8D01005EB051000EB40004CF28C
:105E60000C42224402EBC00000E036E0A0F84510EE
:105E700005EB051000EB40004CF20C41214401EB16
:105E8000C000B0F8CE1005EB051000EB40004CF25E
:105E90000C42224402EBC000A0F84710E149091F60
:105EA00005EB051000EB40004CF20C42224402EBE3
:105EB000C000C0F8491044F620622946204603F08D
:105EC000F9FE064605EB051000EB40004CF20C42D3
:105ED000224402EBC000A0F8D2602946204601F01F
:105EE000A3F900287DD11E222946204605F0A6F8F8
:105EF0001FFA80F8B8F1000F74D008F1070082B2E1
:105F00002946204605F0FAF805EB051101EB4101A1
:105F10004CF20C42224402EBC10181F8060108F167
:105F2000080082B22946204605F0E8F805EB051185
:105F300001EB41014CF20C42224402EBC10181F819
:105F4000070108F1090082B22946204605F0D6F87B
:105F500005EB051101EB41014CF20C42224402EB2E
:105F6000C10181F8080108F10A0082B229462046E1
:105F700005F0C4F805EB051101EB41014CF20C42B0
:105F8000224402EBC10181F8090108F10D0082B23F
:105F90002946204605F0B2F800F00200002816DD80
:105FA000012005EB051101EB41014CF20C422244AA
:105FB00002EBC10181F80C014CF20C40204490F836
:105FC0000C01401C4CF20C41214481F80C0108F1F9
:105FD0000E0082B22946204605F090F805EB051127
:105FE00001E045E13FE001EB41014CF20C4222446B
:105FF00002EBC101A1F80A0108F10F0082B22946A3
:10600000204605F07BF805EB051101EB41014CF250
:106010000C42224402EBC101B1F80A1101EB00204D
:1060200000B205EB051101EB41014CF20C42224498
:1060300002EBC101A1F80A014CF20C402044B0F877
:106040000A1105EB051000EB40004CF20C42224413
:1060500002EBC000B0F80A01084400B24CF20C4157
:106060002144A1F80A010A222946204604F0E6FF4D
:10607000002810DD05EB051000EB40004CF20C424F
:10608000224402EBC00000F5B67101232A462046E7
:1060900005F0CCF823E005EB051000EB40004CF2D6
:1060A0000C41214401EBC000C06805EB051101EB78
:1060B00041014CF20C42224402EBC10100908B687A
:1060C00005EB051101EB41014CF20C42224402EBBD
:1060D000C10101F5B67054A22821EAF7B5FA574874
:1060E00022182946204604F0B7FE029002980028A4
:1060F00078DD52482044808805EB051101EB410111
:106100004CF20C42224402EBC101A1F83D004B4885
:106110002044C18805EB051000EB40004CF20C4216
:10612000224402EBC000A0F83F1044482044007A0B
:1061300042492144897A00EB014105EB051000EB4F
:1061400040004CF20C42224400E06AE102EBC00045
:10615000C0F841104FF0010938E0384820448188E8
:1061600005EB051000EB40004CF20C42224402EB20
:10617000C0003D3000EBC900018030482044C18898
:1061800005EB051000EB40004CF20C42224402EB00
:10619000C0003D3000EBC900418028482044007A0F
:1061A00026492144897A00EB014105EB051000EBFB
:1061B00040004CF20C42224402EBC0003D3000EBA8
:1061C000C900416009F1010000F0FF09B9F1080FB1
:1061D00008DA4B46194822182946204604F0C1FE29
:1061E0000028BAD115480C3022182946204604F060
:1061F000DBFCE8B311480C302044C078FF280ED0F7
:106200000E480C302044C07805EB051101EB41012C
:106210004CF20C42224402EBC10181F8C500074850
:106220000C300DE0260001003F204D3A25382E3875
:106230007820493A25382E3878000000EA2D0200EF
:1062400020440079FF280DD077482044017905EBE0
:10625000051000EB40004CF20C42224402EBC0005F
:1062600080F8C610704820444079FF280FD000E025
:1062700020E06D482044417905EB051000EB40001B
:106280004CF20C42224402EBC00080F8C710664872
:1062900020448079FF280DD063482044817905EBA4
:1062A000051000EB40004CF20C42224402EBC0000F
:1062B00080F8C81005EB051000EB40004CF20C41D3
:1062C000214401EBC000B0F8CA0000287DDD05EBD9
:1062D000051000E0A0E000EB40004CF20C4121442E
:1062E00001EBC000B0F83D0080BB4FF4805105EBDE
:1062F000051000EB40004CF20C42224402EBC000BF
:10630000A0F83D10802105EB051000EB40004CF299
:106310000C42224402EBC000A0F83F10434905EBB9
:10632000051000EB40004CF20C42224402EBC0008E
:10633000C0F84110012105EB051000EB40004CF2C4
:106340000C42224402EBC00080F87D1005EB0510E2
:1063500000EB40004CF20C41214401EBC000B0F8CE
:10636000450088BB4FF4845105EB051000EB40005D
:106370004CF20C42224402EBC000A0F845108021F0
:1063800005EB051000EB40004CF20C42224402EBFE
:10639000C000A0F847102549091F05EB051000EBC8
:1063A00040004CF20C42224402EBC000C0F84910FD
:1063B000022105EB051000EB40004CF20C42224498
:1063C00002EBC00080F87E1000E013E041F2707133
:1063D00005EB051000EB40004CF20C42224402EBAE
:1063E000C0003D301023DA01CDE9000120460999B3
:1063F000FDF794FD2946204600F0ACFC0C480059FE
:1064000040B941F2707012231A0100902046099998
:10641000FDF7ACFD681C85B206480059A842BFF6DE
:106420005BAB0398FFF70ABAF62D020026000100C5
:106430007CE80200CC02020070B504460D46164608
:106440000748005D28B132462946204600F00AF888
:1064500070BD32462946204601F0B0F8F8E700004A
:1064600084E802002DE9F74F8AB0044615464FF044
:1064700000090020079006900027804640F2BA5B92
:10648000F748005900287DDD022D7BDA05EB8510E9
:1064900000EB8000F249091D214451F82090CDF80D
:1064A0001C90CDF818900020089005EB851101EBA9
:1064B0008101EB4A121D224402EB8101888305EB26
:1064C000851101EB8101E64A121D224402EB810194
:1064D000488405EB851101EB8101E14A121D22443C
:1064E00002EB8101888429462046FFF741F9012605
:1064F00016E100BFCDF81890CDF81C9065B106EB01
:10650000061000EB40004CF20C41214401EBC000AE
:1065100090F80D01A8427DD106EB061000EB40007B
:106520004CF20C41214401EBC000808B88B108A8DB
:1065300006A933B22A46CDE9001020460B99FEF792
:106540006DFE9DF8200020B10698401C06900020AA
:10655000089006EB061000EB40004CF20C41214481
:1065600001EBC000C08D98B108A807A933B22A4634
:10657000CDE9001020460B99FEF756FA9DF8200051
:1065800030B100E00DE30798401C07900020089010
:10659000DDE90610884201D9079800E006980590C9
:1065A0000598A0EB090A0698A0EB0900049007984B
:1065B000A0EB09000390DDF8149008EB0A005845A1
:1065C00016D9DA4514D8402F12DA05EB851000EB06
:1065D0008000A349091D214401EB80002830394681
:1065E0007A1C97B240F821804FF0000840F2CE5B51
:1065F000D04452E005EB851000EB80009849091D5E
:10660000214401EB8000283039467A1C97B240F8CB
:1066100021B000E082E0A8EB0B0805EB851000EB51
:1066200080008F49091D214401EB8000818C039873
:10663000002801DD012000E00020084405EB851161
:1066400001EB8101864A121D224402EB81018884FC
:1066500005EB851000EB80008149091D214401EB09
:106660008000418C0498002801DD012000E000201A
:10667000084405EB851101EB8101794A121D224482
:1066800002EB810148840398A0EB0B00039004986F
:10669000A0EB0B00049040F2CE5BD84501D9402F0F
:1066A000A8DBB8F1000F38D0BAF1000F35D005EBF8
:1066B000851000EB80006A49091D214401EB800030
:1066C000818C0398002801DD012000E000200844AF
:1066D00005EB851101EB8101614A121D224402EB99
:1066E0008101888405EB851000EB80005C49091D61
:1066F000214401EB8000418C0498002801DD012039
:1067000000E00020084405EB851101EB8101544AAB
:10671000121D224402EB8101488400BF701C86B226
:106720004F480059B042BFF6E4AE05EB851000EBD0
:1067300080004B49091D214401EB8000283040F8BE
:106740002780781C05EB851101EB8101444A121D5D
:10675000224402EB81018883002005EB851101EBC7
:1067600081013F4A121D224402EB8101C88305EBDF
:10677000851101EB81013A4A121D224402EB81018D
:10678000088405EB851000EB80003549091D214484
:1067900051F820000699081A05EB851101EB8101DB
:1067A0002F4A121D224402EB8101486005EB85103F
:1067B00000EB80002A49091D214451F82000079967
:1067C000081A05EB851101EB8101254A121D2244AF
:1067D00002EB8101C86005EB851101EB8101204AC4
:1067E000121D224402EB81010B98886005EB851095
:1067F00000EB80001A49091D214401EB800041682B
:106800000B98084405EB851101EB8101144A121D18
:10681000224402EB8101086105EB851000EB80004A
:106820000F49091D214401EB800041680B98084481
:1068300005EB851101EB8101094A121D224402EB8F
:106840008101C968084405EB851101EB8101044A07
:10685000121D224402EB8101C1F8280101263BE010
:10686000CC02020065B106EB061000EB40004CF2D2
:106870000C41214401EBC00090F80D01A84229D140
:1068800006EB061000EB40004CF20C41214401EBFA
:10689000C000C08D00281DDD06EB061000EB400097
:1068A0004CF20C41214401EBC000406B05EB85111B
:1068B00001EB8101BC4A224402EB81014968084492
:1068C00006EB061101EB41014CF20C42224402EBB3
:1068D000C1014863701C86B2B348001F0059B04222
:1068E000C0DA012675E000BF65B106EB061000EBCB
:1068F00040004CF20C41214401EBC00090F80D0126
:10690000A84264D105A833B22A46009020460B99CC
:10691000FEF750FB0598A0EB090ADDF8149008EB90
:106920000A0040F2BA51884210D905EB851000EBFD
:1069300080009D49214401EB8000283040F82780E9
:106940003F2F04DA781C87B2D04600E0D04406EB33
:10695000061000EB40004CF20C41214401EBC0005A
:10696000D0F8680105EB851101EB81018E4A2244C4
:1069700002EB81014968084406EB061101EB410175
:106980004CF20C42224402EBC101C1F8680106EB53
:10699000061000EB40004CF20C41214401EBC0001A
:1069A000D0F8680105EB851101EB81017E4A224494
:1069B00002EB8101C968084406EB061101EB4101B5
:1069C0004CF20C42224402EBC101C1F86801701C78
:1069D00086B27548001F0059B04284DA05EB851075
:1069E00000EB80007049214401EB8000283040F822
:1069F0002780781C05EB851101EB81016A4A22444E
:106A000002EB81018883D5BB4CF20C4121440B98E9
:106A1000486205EB851000EB80006349214451F882
:106A200020000699081A4CF20C41214408624CF2ED
:106A30000C402044016A0B9808444CF20C4121445C
:106A4000486305EB851000EB80005749214451F85D
:106A500020000799081A4CF20C41214408634CF2BB
:106A60000C402044016A0B9808444CF20C4121442C
:106A7000096B08444CF20C412144C1F8680101261D
:106A800069E006EB061000EB40004CF20C4121449B
:106A900001EBC0008088099065B106EB061000EBA1
:106AA00040004CF20C41214401EBC00090F80D0174
:106AB000A8424ED13146204600F04CF93B480059DF
:106AC00048B941F2707004234FF490720090204650
:106AD0000999FDF74BFA06EB061000EB40004CF26B
:106AE0000C41214401EBC00090F80C0190B105EB82
:106AF000851000EB80002C49214401EB8000807E52
:106B0000401C05EB851101EB8101274A224402EB71
:106B10008101887605EB851000EB80002249214435
:106B200001EB8000008B06EB061101EB41014CF2FA
:106B30000C42224402EBC101B1F80A11084400B230
:106B400005EB851101EB8101174A224402EB81011B
:106B50000883701C86B21448001F0059B04290DAB6
:106B600005EB851000EB80000F49214401EB80000C
:106B7000406805EB851101EB81010B4A224402EBD1
:106B80008101C968084405EB851101EB8101064AC2
:106B9000224402EB8101D1F82C1108440DB0BDE86C
:106BA000F08F0020FAE70000D00202007CE802002B
:106BB0007FB505460020039041F2707003A90123C0
:106BC00040F20312CDE9001000212846FDF79BF8A2
:106BD0001120029041F2707002A902234FF49072CA
:106BE000CDE9001000212846FDF78DF841F27070C4
:106BF00002A902234FF49072CDE90010002128462B
:106C0000FDF781F844F6206002A902230022CDE9B5
:106C1000001011462846FDF73BF80446002C08DD1D
:106C2000C82C02DA0448445103E06FF0030004B0BA
:106C300070BD2046FBE70000CC0202002DE9F041C8
:106C400006460F461448341804F19000381A40F2F2
:106C5000CF5190FBF1F5002D1BDB202D19DAD4F874
:106C60008C0005F065F82168481C206004F10C00D8
:106C700040F821502068202801DB00202060A06817
:106C8000401CA060D4F88C0005F0AAF80120BDE8F3
:106C9000F0810020FBE70000002E02002DE9FE43FA
:106CA00004460D4601264FF0000805EB051000EBE9
:106CB00040004CF20C41214401EBC00090F805016A
:106CC000002844D005EB051000EB40004CF20C41CD
:106CD000214401EBC00087880220029000BF4FF4DE
:106CE000FA6002A901234FF4A062CDE900103946F1
:106CF0002046FDF713F90646002E04DC404608F155
:106D000001080328EBDB00200290804600BF4FF40F
:106D1000FA6002A901234FF4A062CDE900103946C0
:106D20002046FDF7FBF80646002E04DC404608F13D
:106D300001080328EBDB002005EB051101EB410105
:106D40004CF20C42224402EBC10181F805013046AD
:106D5000BDE8FE832DE9FE4304460D4601264FF0B3
:106D6000000805EB051000EB40004CF20C412144FB
:106D700001EBC00090F8050160BB05EB051000EBCE
:106D800040004CF20C41214401EBC00087880120F7
:106D9000029000BF4FF4FA6002A901234FF4A062F1
:106DA000CDE9001039462046FDF7B8F80646002E1A
:106DB00004DC404608F101080328EBDB012005EB69
:106DC000051101EB41014CF20C42224402EBC101DE
:106DD00081F805013046BDE8FE832DE9F04786B015
:106DE0000746884614461E464FF0000AD1463146F3
:106DF00002A805F0ABF800BFBAF100000AF1010AE1
:106E000002D0C82005F0BCF8002020804FF4FA60C2
:106E1000022340F202524146CDE900403846FCF7D9
:106E20009AFF054620882080002D04DD208800F48C
:106E30000040002804DD02A805F060F80028DBD03F
:106E4000208800F4004008B94FF00109484606B018
:106E5000BDE8F0870020002105E0044A02EB0112A2
:106E600052681044491C0129F7DB70470C8A03243F
:106E700010B5014609B9002010BD4BF61060425C08
:106E8000002313E0501CC2B2102A00DB002201F5DF
:106E90003E40805C40B9012401F53E4084544BF6ED
:106EA000106042541046E7E7581CC3B2102BE9DBD0
:106EB0004BF61060405CDFE770B5054600261248CF
:106EC0002C18D4F88C0004F033FFA068002815DDDE
:106ED00004F10C00616850F8210040F2CF514843A2
:106EE00004F1900146186068401C606060682028CA
:106EF00001DB00206060A068401EA060D4F88C0018
:106F000004F06EFF304670BD002E020070B50446DE
:106F10000E46204600F080F808B1002070BD002227
:106F20003146204603F0E0FD0546002D0ADC064907
:106F30002144D1F88C0004F0D2FE00200249214403
:106F4000C1F88C002846E9E7002E02002DE9F04147
:106F50000546002414E004EB841000EB80002C496B
:106F6000294401EB800000F53177D7F84C0230B1AD
:106F7000D7F84C0204F0B3FE0020C7F84C02641CA2
:106F8000022CE8DB00212248001F415121494CF22C
:106F90000C402844E9F71DFE40F628211C482844EF
:106FA000E9F717FE4FF480520021284604F0A6F8B6
:106FB000002428E0200404EB841101EB8101144A31
:106FC0002A4442F82100E1B2284600F045F8C8B151
:106FD000002611E006EB861000EB80000C492944E6
:106FE00001EB800000F53177D7F84C0204F077FE12
:106FF0000020C7F84C02761CA642EBDB6FF00200C3
:10700000BDE8F081641C022CD4DB0020F8E700000E
:10701000D0020200C03E010070B505460D482C1894
:1070200004F048FEC4F88C00D4F88C0010B96FF05E
:10703000020070BD002004E004F10C0141F82000C2
:10704000401C2028F8DB0020206060602020A06029
:107050000020EEE7002E02002DE9F04106460F4623
:1070600007EB871000EB80001049314401EB8000F2
:1070700000F5317404F01EFEC4F84C02D4F84C0242
:1070800018B96FF00200BDE8F08100202060606058
:10709000A060002506E04FF0FF3104F5C67040F80F
:1070A00025106D1C202DF6DB0020ECE7D00202003D
:1070B000F0B5044615461E4601297DDD59480059A4
:1070C0000028FADD012200E0521C02EB021000EB66
:1070D00040004CF20C47274407EBC000806801EBEE
:1070E000011707EB47074CF20C4CA4440CEBC70705
:1070F000BF68B8422BD102EB021000EB40004CF20B
:107100000C47274407EBC000C06801EB011707EBF1
:1071100047074CF20C4CA4440CEBC707FF68B8427D
:1071200015D102EB021000EB40004CF20C47274453
:1071300007EBC000006901EB011707EB47074CF2B2
:107140000C4CA4440CEBC7073F69B84201D08A42FB
:10715000BADB8A4264DA002332E002EB021000EB71
:1071600040004CF20C47274407EBC0003D3000EBD9
:10717000C300478801EB011000EB40004CF20C4CBF
:10718000A4440CEBC0003D3000EBC300478002EB91
:10719000021000EB40004CF20C47274407EBC00004
:1071A0007D30C75C01EB011000EB40004CF20C4C51
:1071B000A4440CEBC00000E032E07D30C7545B1CFF
:1071C000082BCADB02EB021000EB40004CF20C472C
:1071D000274407EBC000808B286002EB021000EB15
:1071E00040004CF20C47274407EBC000C08D3060D4
:1071F000288801EB011707EB47074CF20C4CA4441D
:107200000CEBC707B883308801EB011707EB470782
:107210004CF20C4CA4440CEBC707F8850120F0BDE0
:107220000020FCE7CC0202002DE9F04104460D46A7
:10723000012D7DDDE04800590028FADD012600E03F
:10724000761C06EB061000EB40004CF20C4121448A
:1072500001EBC000806805EB051101EB41014CF228
:107260000C42224402EBC101896888422BD106EB13
:10727000061000EB40004CF20C41214401EBC00031
:10728000C06805EB051101EB41014CF20C422244B0
:1072900002EBC101C968884215D106EB061000EB6C
:1072A00040004CF20C41214401EBC000006905EBA9
:1072B000051101EB41014CF20C42224402EBC101E9
:1072C0000969884201D0AE42BADBAE4230DA06EB41
:1072D000061000EB40004CF20C41214401EBC000D1
:1072E00090F8060105EB051101EB41014CF20C424F
:1072F000224402EBC10181F8060106EB061000EB07
:1073000040004CF20C41214401EBC00090F8070111
:1073100005EB051101EB41014CF20C42224402EB5A
:10732000C10181F8070106EB061000EB400000E008
:107330003FE14CF20C41214401EBC00090F8080100
:1073400005EB051101EB41014CF20C42224402EB2A
:10735000C10181F8080106EB061000EB40004CF279
:107360000C41214401EBC00090F8091105EB051018
:1073700000EB40004CF20C42224402EBC00080F8CB
:10738000091106EB061000EB40004CF20C412144C1
:1073900001EBC00090F80C01002816DD012005EB80
:1073A000051101EB41014CF20C42224402EBC101F8
:1073B00081F80C014CF20C40204490F80C01401C68
:1073C0004CF20C41214481F80C0106EB061000EB55
:1073D00040004CF20C41214401EBC000B0F80A011E
:1073E00005EB051101EB41014CF20C42224402EB8A
:1073F000C101A1F80A014CF20C402044B0F80A0186
:1074000005EB051101EB41014CF20C42224402EB69
:10741000C101B1F80A11084400B24CF20C412144F8
:10742000A1F80A0106EB061202EB42024CF20C43F1
:10743000234403EBC20202F5B67105EB051202EB21
:1074400042024CF20C43234403EBC20202F5B67035
:107450002922E9F762FB00274EE006EB061000EB5D
:1074600040004CF20C41214401EBC0003D3000EBE8
:10747000C700018805EB051000EB40004CF20C4200
:10748000224402EBC0003D3000EBC700018006EB58
:10749000061000EB40004CF20C41214401EBC0000F
:1074A0003D3000EBC700418805EB051000EB4000C4
:1074B0004CF20C42224402EBC0003D3000EBC7000E
:1074C000418006EB061000EB40004CF20C412144D9
:1074D00001EBC0003D3000EBC700416805EB051033
:1074E00000EB40004CF20C42224402EBC0003D3065
:1074F00000EBC70041607F1C082FAEDB06EB0610D7
:1075000000EB40004CF20C41214401EBC00090F82C
:10751000C50005EB051101EB41014CF20C42224480
:1075200002EBC10181F8C50006EB061000EB40003C
:107530004CF20C41214401EBC00090F8C60005EB71
:10754000051101EB41014CF20C42224402EBC10156
:1075500081F8C60006EB061000EB40004CF20C412F
:10756000214401EBC00090F8C70005EB051101EBC9
:1075700041014CF20C42224402EBC10181F8C700E8
:1075800006EB061000EB40004CF20C41214401EBED
:10759000C00090F8C80005EB051101EB41014CF269
:1075A0000C42224402EBC10181F8C8000120BDE871
:1075B000F0810020FBE70000CC0202002DE9F04F33
:1075C00087B004468B461546002004900390804601
:1075D000002640F2BA59FD48005900287EDD022DF0
:1075E0007CDA05EB851000EB8000F849091D214489
:1075F00051F820000490049803900020059005EBBA
:10760000851101EB8101F14A121D224402EB810137
:10761000888305EB851101EB8101EC4A121D2244A0
:1076200002EB8101488405EB851101EB8101E74AFA
:10763000121D224402EB8101888429462046FEF770
:1076400097F80127A0E000BF65B107EB071000EB3A
:1076500040004CF20C41214401EBC00090F80D01B8
:10766000A8427DD107EB071000EB40004CF20C4123
:10767000214401EBC000808B002871D005A804A92B
:107680003BB22A46CDE9001059462046FDF7C6FD1B
:10769000CF48005D38B99DF8140020B10498401C13
:1076A000049000200590DDE90301A1EB000A049895
:1076B000039006EB0A00484519D9CA4517D8B8F116
:1076C000400F14DA05EB851000EB8000BF49091D5F
:1076D000214401EB80002830414600E07CE34A1C55
:1076E0001FFA82F840F82160002640F2CE59564435
:1076F00028E005EB851000EB8000B449091D21440A
:1077000001EB8000283041464A1C1FFA82F840F8FD
:107710002190A6EB090605EB851000EB8000AB4934
:10772000091D214401EB8000408C401C05EB8511B4
:1077300001EB8101A54A121D224402EB810148841C
:1077400040F2CE594E4502D9B8F1400FD1DB3EB1DF
:10775000BAF1000F16D005EB851000EB800000E0B9
:1077600010E09A49091D214401EB8000408C401C27
:1077700005EB851101EB8101944A121D224402EBB5
:1077800081014884781C87B290480059B842BFF6FE
:107790005AAF9DF81400A8B30498401C04900498B4
:1077A000039000200590701C48452AD9B8F1400F7D
:1077B00027DA05EB851000EB80008449091D214480
:1077C00001EB8000283041464A1C1FFA82F840F83D
:1077D0002160002605EB851000EB80007B49091D28
:1077E000214401EB8000408C401C05EB851101EB2E
:1077F0008101764A121D224402EB8101488440F245
:10780000CE59761C05EB851000EB80006F49091DF1
:10781000214401EB8000C0F808B005EB851000EBB7
:1078200080006A49091D214451F820000499091A71
:1078300005EB851000EB8000644A121D224402EB28
:107840008000416008F1010081B205EB851000EB7A
:1078500080005E4A121D224402EB8000818305EB0A
:10786000851000EB80005949091D214401EB80007F
:10787000A0F81E8005EB851000EB8000534A121D16
:10788000224402EB800006849DB94CF20C40204457
:10789000C0F824B005EB851000EB80004B49091DB2
:1078A000214451F820000499081A4CF20C4121445B
:1078B00008620127A2E000BF65B107EB071000EBEB
:1078C00040004CF20C41214401EBC00090F80D0146
:1078D000A8427FD107EB071000EB40004CF20C41AF
:1078E000214401EBC000C08D002873D005A804A975
:1078F0003BB22A46CDE9001059462046FDF794F8E0
:107900003348005D38B99DF8140020B10498401C3C
:10791000049000200590DDE90301A1EB000A049822
:10792000039006EB0A00484517D9CA4515D8B8F1A7
:10793000400F12DA05EB851000EB80002349091D8A
:10794000214401EB8000283041464A1C1FFA82F88E
:1079500040F82160002640F2CE59564428E005EB5D
:10796000851000EB80001949091D214401EB8000BE
:10797000283041464A1C1FFA82F840F82190A6EBB5
:10798000090605EB851000EB80001049091D214414
:1079900001EB8000808C401C05EB851101EB81011F
:1079A0000A4A121D224402EB8101888440F2CE591A
:1079B0004E4502D9B8F1400FD1DB5EB1BAF1000FEC
:1079C0001AD005EB851000EB800004E0CC02020029
:1079D00085E8020010E0FE49091D214401EB80000A
:1079E000808C401C05EB851101EB8101F84A121DCA
:1079F000224402EB81018884781C87B2F448005944
:107A0000B842BFF658AF9DF8140098B30498401CD4
:107A100004900498039000200590701C484528D9D4
:107A2000B8F1400F25DA05EB851000EB8000E8493E
:107A3000091D214401EB8000283041464A1C1FFAF1
:107A400082F840F82160002605EB851000EB8000ED
:107A5000DF49091D214401EB8000808C401C05EBAF
:107A6000851101EB8101DA4A121D224402EB8101EA
:107A70008884761C05EB851000EB8000D449091D35
:107A8000214401EB8000283040F8286008F1010013
:107A900005EB851101EB8101CD4A121D224402EB59
:107AA0008101888305EB851000EB8000C849091D22
:107AB000214401EB80004068584405EB851101EB3F
:107AC0008101C34A121D224402EB8101086105EBCA
:107AD000851000EB8000BE49091D214451F82000AB
:107AE0000499081A05EB851101EB8101B84A121DB2
:107AF000224402EB81014968401A05EB851101EB34
:107B00008101B34A121D224402EB8101C8600127A2
:107B10003AE000BF65B107EB071000EB40004CF204
:107B20000C41214401EBC00090F80D01A84229D17D
:107B300004A83BB22A46594600902046FDF73AFA7F
:107B4000DDE90301A1EB000A0498039006EB0A00AB
:107B500040F2BA51884214D905EB851000EB800041
:107B60009B49091D214401EB8000283040F8286022
:107B7000B8F13F0F06DA08F101001FFA80F8564607
:107B800000E05644781C87B291480059B842C0DAE8
:107B900005EB851000EB80008D49091D214401EBA8
:107BA0008000283040F8286008F1010005EB8511BD
:107BB00001EB8101864A121D224402EB8101888378
:107BC00005EB851000EB80008149091D214401EB84
:107BD00080004068584405EB851101EB81017C4A27
:107BE000121D224402EB8101C968084405EB85118E
:107BF00001EB8101764A121D224402EB8101C1F89A
:107C0000280105EB851000EB80007149091D214416
:107C100001EB800040680499081A05EB851101EB1F
:107C200081016B4A121D224402EB8101C968401A8E
:107C300005EB851101EB8101654A121D224402EB1F
:107C40008101C1F82C015DBB4CF20C402044006A5C
:107C500058444CF20C412144486305EB851000EB7D
:107C600080005B49091D214451F820000499081A3D
:107C70004CF20C412144096A401A4CF20C41214457
:107C800008634CF20C402044006A58444CF20C410A
:107C90002144096B08444CF20C412144C1F86801AD
:107CA00001276DE007EB071000EB40004CF20C41A0
:107CB000214401EBC0008088069065B107EB0710F6
:107CC00000EB40004CF20C41214401EBC00090F865
:107CD0000D01A84252D139462046FFF73BF83D48F6
:107CE000005948B941F2707004234FF4907200902B
:107CF00020460699FCF73AF907EB071000EB400025
:107D00004CF20C41214401EBC00090F80C01A0B1F1
:107D100005EB851000EB80002D49091D214401EB86
:107D20008000807E401C05EB851101EB8101284A13
:107D3000121D224402EB8101887605EB851000EBD1
:107D400080002349091D214401EB8000008B07EBD3
:107D5000071101EB41014CF20C42224402EBC1013C
:107D6000B1F80A11084400B205EB851101EB81015D
:107D7000174A121D224402EB81010883781C87B246
:107D800013480059B8428DDA05EB851000EB8000EE
:107D90000F49091D214401EB8000406805EB851166
:107DA00001EB81010A4A121D224402EB8101C968DC
:107DB000084405EB851101EB8101054A121D22449F
:107DC00002EB8101D1F82C11084407B0BDE8F08F17
:107DD000CC0202007CE802000020F6E7FEB5044673
:107DE0000D461746534B02222946204603F0E0FA7F
:107DF0005148005920B102222946204600F08AFA53
:107E000005EB051000EB40004CF20C41214401EB66
:107E1000C000D0F8100168B105EB051000EB400080
:107E20004CF20C41214401EBC0002946D0F810214E
:107E30002046904700200290019005EB051000EBD2
:107E400040004CF20C41214401EBC00090F8D200FC
:107E500000F00400F8B1002605EB051000EB40002F
:107E60004CF20C41214401EBC00090F8060100F0F7
:107E7000200040B102A801AB3A46294600902046B6
:107E800001F0F6FD06462EB902AB01AA29462046AE
:107E900001F014FD00BF0298A0BB019890BB05EB58
:107EA000051000EB40004CF20C41214401EBC000F6
:107EB00090F8D20000F0100020B302AB01AA2946CE
:107EC000204601F0DDFB0198C01DC0F3CF0105EB9A
:107ED000051000EB40004CF20C42224402EBC000C3
:107EE000A0F84F100298C01DC0F3CF0105EB05109C
:107EF00000EB40004CF20C42224402EBC000A0F820
:107F0000571000BF05EB051101EB41014CF20C428B
:107F1000224402EBC1010198888305EB051101EBB6
:107F200041014CF20C42224402EBC1010298C88587
:107F30000120FEBD80841E0070E8020070B5ADF522
:107F4000426D05460E4606EB061000EB40004CF273
:107F50000C41294401EBC000808BCDF8180C06EBD6
:107F6000061000EB40004CF20C41294401EBC0002C
:107F7000C08DCDF81C0CDDF81C0C48B9DDF8180CD0
:107F800030B90DF61C431A1F31462846FFF790F80A
:107F9000DDF81C0C002874D1DDF8180C002870D115
:107FA00040F618416846E8F714FE00236A46314659
:107FB000284602F05DFECDF81C0C002429E00DF6E9
:107FC000064030F81400002822DD0DF6064131F895
:107FD0001410C81DC11700EB5171C91006EB061231
:107FE00002EB42024CF20C432B4403EBC2023D3243
:107FF00002EBC4025180042106EB061000EB4000A6
:108000004CF20C422A4402EBC0007D30015500BF07
:10801000641C082CD3DB01236A463146284602F053
:1080200027FECDF8180C002429E00DF6064030F8A4
:108030001400002822DD0DF6064131F81410C81D89
:10804000C11700EB5171C91006EB061202EB420298
:108050004CF20C432B4403EBC2023D3202EBC40250
:108060005180032106EB061000EB40004CF20C425D
:108070002A4402EBC0007D30015500BF641C082C6F
:10808000D3DB06EB061101EB41014CF20C422A4412
:1080900002EBC101DDF8180C888306EB061101EB39
:1080A00041014CF20C422A4402EBC101DDF81C0CE8
:1080B000C88501200DF5426D70BD2DE9FC410446D7
:1080C0000D4605EB051000EB40004CF20C4121443D
:1080D00001EBC000878805EB051000EB40004CF277
:1080E0000C41214401EBC000B0F8CA0000BB05EB15
:1080F000051000EB40004CF20C41214401EBC000A4
:10810000B0F83D00A0B141F2707105EB051000EB35
:1081100040004CF20C42224402EBC0003D300823E8
:108120001A02CDE9000139462046FBF7F7FE00BFF1
:1081300005EB051000EB40004CF20C41214401EB33
:10814000C000B0F8CA0008BB05EB051000EB40000A
:108150004CF20C41214401EBC000B0F84500A8B13D
:1081600041F2707105EB051000EB40004CF20C423F
:10817000224402EBC0004530082340F60802CDE956
:10818000000139462046FBF7C9FE00BF022672E017
:1081900005EB051000EB40004CF20C41214401EBD3
:1081A000C0003D3000EBC6000088F0B305EB0510C1
:1081B00000EB40004CF20C41214401EBC0003D308B
:1081C00000EBC6004088E0B905EB051000EB40006D
:1081D0004CF20C41214401EBC0003D3000EBC600E5
:1081E000406820F4803105EB051000EB40004CF2B4
:1081F0000C42224402EBC0003D3000EBC60041605F
:108200001DE005EB051000EB40004CF20C41214451
:1082100001EBC0003D3000EBC600406840F4803107
:1082200005EB051000EB400000E023E04CF20C42AF
:10823000224402EBC0003D3000EBC600416041F239
:10824000707105EB051000EB40004CF20C4222442B
:1082500002EBC0003D3000EBC600CDE900014FF459
:10826000006000EBC60082B2082339462046FBF7C7
:1082700055FE00BF761C082E8ADB05EB051000EBCF
:1082800040004CF20C41214401EBC000C08D072896
:1082900018DD05EB051101EB41014CF20C422244C3
:1082A00002EBC101C98DC81DC11700EB5171C91086
:1082B00005EB051202EB42024CF20C43234403EBA4
:1082C000C202116305EB051000EB40004CF20C41BB
:1082D000214401EBC000808B072818DD05EB051158
:1082E00001EB41014CF20C42224402EBC101898BAB
:1082F000C81DC11700EB5171C91005EB051202EB47
:1083000042024CF20C43234403EBC20211620120EF
:10831000BDE8FC812DE9F04F85B005460F4691463A
:108320005048405918B14F484059406800E000207B
:108330008246BAF1000F7DDD4A48405906684FF089
:10834000000806E03088B84200DB06E008F10108CA
:108350001836AAF101004045F4DC00BF3088B8426D
:108360007CD107EB071000EB40004CF20C422A4492
:1083700002EBC0007168806881426FD107EB071182
:1083800001EB41014CF20C422A4402EBC101B068FE
:10839000C968884262D107EB071101EB41014CF239
:1083A0000C422A4402EBC101F0680969884255D1A8
:1083B00007EB071000EB40004CF20C41294401EBA5
:1083C000C00090F8D20000F00400002845D03469C5
:1083D0004FF000083DE0208800EA090058B3E0783B
:1083E000022815D1A378D4E90321A068CDE9003291
:1083F000CDE90210A379A28839462846FCF724F873
:108400008346BBF1010F21DA002005B0BDE8F08FF3
:10841000E07801281AD1E068049004ABA278A16842
:108420002069CDE90023CDE90201A379A28839466C
:10843000284602E013E009E010E0FBF7D7FD834691
:10844000BBF1010F01DA0020DFE700BF08F10108EE
:10845000143470694045BEDC00BF00BF00BF01207E
:10846000D3E7000070E802002DE9F0470746884690
:1084700091464FF0FF3608EB081000EB40004CF23D
:108480000C41394401EBC00090F80DA10AEB8A10B1
:1084900000EB80002149394401EB800000F5317484
:1084A000D4F84C0203F044FCA06820282FDA256899
:1084B00000BF701C0646202805DA04F5C67050F887
:1084C00026000028F5DA202E1FDA04F5C67040F8E1
:1084D0002650803020F8158004F10C0040F82590DB
:1084E0002068401C20602068202801DB00202060DC
:1084F000002104F5867040F825100121803840F8ED
:108500002510A068401CA06001E04FF0FF36D4F8B1
:108510004C0203F065FC3046BDE8F087D002020053
:108520002DE9F0470746884615464FF00009002D13
:1085300038DB202D36DA08EB081000EB40004CF257
:108540000C41394401EBC00090F80DA10AEB8A10F0
:1085500000EB80001549394401EB800000F53174CF
:10856000D4F84C0203F0E4FB04F5C67050F8256023
:10857000002E12DB202E10DA04F18C0050F82600B9
:1085800003280AD1012104F5867040F82610891EBF
:10859000803040F825104FF00109D4F84C0203F068
:1085A0001FFC00BF4846BDE8F0870000D002020073
:1085B0002DE9F04106460F46154607EB871000EB04
:1085C00080001749314401EB800000F53174D4F884
:1085D0004C0203F0ADFB002104F18C0040F82510A3
:1085E000803040F8251004F5037020F8151004F1D0
:1085F0000C0050F8258040F825106068401C606031
:108600006068202801DB00206060A068401EA06038
:10861000D4F84C0203F0E4FB4046BDE8F0810000D2
:10862000D00202002DE9F0478CB007460C461546F3
:108630001E46DDE914A8DDF85890202104A8E8F7CB
:10864000C8FA684603F016FB9DE80F00CDE9062343
:10865000CDE90401ADF822400020ADF824008DF8EA
:10866000260001208DF82700ADF8285004A8867652
:108670008DF82BA0ADF82C80ADF82E9004A93846CB
:1086800000F094FF0CB0BDE8F0872DE9F04188B010
:1086900006460F461546294602A803F057FC07EB8D
:1086A000071000EB40004CF20C41314401EBC000DC
:1086B000B0F8048000BF002006904FF4FA6006A9CD
:1086C000012340F60502CDE9001041463046FBF794
:1086D00042FB04469DF8180006909DF8180000F033
:1086E000080020B1C82D02DDC82003F049FC002C91
:1086F00004DD9DF8180000F0080020B102A803F086
:10870000FDFB0028D7D0002C08DD9DF8180000F0F4
:10871000080018B9012008B0BDE8F0810020FAE790
:1087200070B58CB006460C461546202104A8E8F723
:1087300050FA684603F09EFA9DE80F00CDE9062343
:10874000CDE90401ADF822400020ADF824008DF8F9
:10875000260009208DF82700ADF8285004A93046DE
:1087600000F024FF0CB070BD2DE9F05F074688468D
:1087700016464FF0000A002E5EDB202E5CDA08EB76
:10878000081000EB40004CF20C41394401EBC000F2
:1087900090F80DB10BEB8B1000EB800028493944A9
:1087A00001EB800000F53175D5F84C0203F0C0FAFA
:1087B00005F5C67050F8264022480068804518D15B
:1087C00021480068864214D1204804602049A868E6
:1087D0000860002C0DDB202C0BDA05F18C0050F822
:1087E00024001C49086005F5867050F824001A49D9
:1087F0000860002C1BDB202C19DA05F18C0050F8E6
:108800002400002813DD05F18C0010F824900121CC
:10881000803040F82410891E803040F82610B9F1CD
:10882000030F02D14FF0020A01E04FF0010AD5F820
:108830004C0203F0D5FA00BF5046BDE8F09F00009F
:10884000D0020200E4010024EC010024F401002421
:1088500000020024F8010024FC0100242DE9F0416D
:10886000074688461446002C02DC0020BDE8F08153
:1088700022464146384600F009F80546621B41464B
:10888000384600F005FA0646A819EFE72DE9F04F43
:1088900091B006460F46934607EB871000EB800029
:1088A000F949314401EB8000D0F82C010C90BBF168
:1088B000000F03DC002011B0BDE8F08F00200D9008
:1088C00007EB871000EB8000EF49314401EB80009B
:1088D000B0F8C002401C08900C980790002010903F
:1088E000CAE11099089800EB010A0798824502DB5B
:1088F0000798AAEB000A07EB871101EB8101E24A16
:10890000324402EB8101A1F8C0A207EB871000EB13
:108910008000DD49314401EB800000F5987030F8AB
:108920001A000690069800EB001000EB40004CF295
:108930000C41314401EBC004A0880590D4F8140127
:10894000012809D1D4F81801002865D094F80F0146
:1089500018B10020C4F818018BE1D4F818010128DF
:1089600004D0022816D003284DD12BE004F58E72D6
:108970003046069901F0B2FA00280ADDB4F81C016D
:1089800080F40070A4F81C01D4F81801401CC4F84D
:10899000180138E0B4F81C0109904FF4FA6104F5AD
:1089A0008E70022340F60D02CDE900013046059994
:1089B000FBF7B4FA002804DDD4F81801401CC4F811
:1089C000180120E0B4F81C0109904FF4FA600AA9DC
:1089D000012340F60F02CDE9001030460599FBF760
:1089E000BAF90E900E9800280CDD9DF8280000F0D2
:1089F00002010222099802EA2020814202D10020CD
:108A0000C4F8180100BF00BF0D98401C0D905845D8
:108A1000A2DB00200C902CE107EB871000EB80001C
:108A20009949314401EB8000D0F8280110F80A0080
:108A300000F0080000288FDDB4F8CE000490B4F8F0
:108A4000D00003900498002873DD3046FEF734FA16
:108A5000051E6ED00D98401C0D90584501DB00207E
:108A60000C904FF4FA60CDE900503046DDE9032365
:108A70000599FBF770F90F900F98002873DDA84651
:108A8000454698F8050000F00F0038B90B950B9D8E
:108A90002A8930460699FFF743FEE4E098F805007E
:108AA00000F00F00032845D1A9464D46B9F806004D
:108AB0000121B1EB203F11D1B9F80E00B9F80C102B
:108AC00099F80B20CDE90021029099F80A30B9F805
:108AD000082030460699FFF7A5FDC4E007EB871193
:108AE00001EB8101684A324402EB8101D1F81005A3
:108AF00003F01EF9D4F8200148B194F8240130B9EC
:108B0000C4F820510025012084F8240104E0D4F8A1
:108B10002801401CC4F8280107EB871101EB8101F3
:108B2000594A324402EB8101D1F8100503F058F99B
:108B300099E09DE098F8050000F00F00052813D19A
:108B4000D4F82C0148B194F8300130B9C4F82C5154
:108B50000025012084F8300185E0D4F83401401C60
:108B6000C4F834017FE07BE098F8050000F00F00C6
:108B700002282AD10295029DE8880190019800F010
:108B80000F0060B94148805948B140488359304688
:108B9000029A06999847002801DD00200F900F984F
:108BA00000280CDDD4F8440148B194F8480130B9EC
:108BB000C4F844510025012084F8480104E0D4F8A9
:108BC0004C01401CC4F84C014DE098F8050000F041
:108BD0000F00042812D1D4F8380148B194F83C01B0
:108BE00030B9C4F838510025012084F83C013AE03E
:108BF000D4F84001401CC4F8400134E098F8050066
:108C000000F00F000F2812D1D4F8500148B194F8A9
:108C1000540130B9C4F850510025012084F85401A2
:108C200021E0D4F85801401CC4F858011BE098F822
:108C3000050000F00F00012815D1D4F85C0148B1FF
:108C400094F8600130B9C4F85C510025012084F823
:108C5000600108E0D4F86401401CC4F8640102E03B
:108C60000120C4F818011DB129463046FDF7E6FF82
:108C700000BF1098401C10900C9910988842FFF685
:108C800030AE0D9817E60000D002020078E802002E
:108C90002DE9F74F8AB006469146002009900B98BF
:108CA00000EB801000EB80007749314401EB80003D
:108CB00000F53174B9F1000F03DC00200DB0BDE800
:108CC000F08FD4F84C0203F033F8D4F808B0D4F89D
:108CD0004C0203F085F8CEE0ABF1010BD4F84C0266
:108CE00003F026F8656804F18C0050F82500089020
:108CF00004F5037030F8158004F10C0050F825706D
:108D000004F5867050F825000790D4F84C0203F063
:108D100067F8079858B12A4630460B99FFF748FC88
:108D200007461FB139463046FDF788FFA3E0089893
:108D3000012804D0022803D003287CD177E000BFAB
:108D400008EB081000EB40004CF20C41314401EB01
:108D5000C000B0F8CA00059008EB081000EB400016
:108D60004CF20C41314401EBC0008088039008EBC9
:108D7000081000EB40004CF20C41314401EBC00004
:108D8000B0F8CC0004900998401C099008EB08103A
:108D900000EB40004CF20C41314431F83000022825
:108DA00044DB4FF4FA60CDE90070304603A90EC9E8
:108DB000FBF7B4F88246BAF1000F21DD00200690DF
:108DC000D4F84C0202F0B4FF04F10C0050F8250076
:108DD000B8420AD1032104F18C0040F8251000218B
:108DE000803840F8251001200690D4F84C0202F09B
:108DF000F7FF0698D0B139463046FDF71FFF15E062
:108E00000898022812D0D4F84C0202F091FF04F125
:108E10000C0050F82500B84204D1022104F18C0066
:108E200040F82510D4F84C0202F0DAFF00BF2A46C1
:108E300030460B9900E002E000F0F8F900BF00BFF7
:108E4000D4F84C0202F074FF04F5867050F8250047
:108E50000790D4F84C0202F0C3FF079850B12A469D
:108E600030460B99FFF7A4FB07461FB13946304641
:108E7000FDF7E4FE00BF0998484503DABBF1000F97
:108E80007FF42AAF099819E7D00202002DE9FF4FBD
:108E900091B0824617469B460025129800EB0010C1
:108EA00000EB40004CF20C41514401EBC004A0889F
:108EB0000D90B4F8CE000E90D4F8140101287BD1A7
:108EC00094F80D0100EB801000EB8000D54951446F
:108ED00001EB8000D0F810050390594604A803F078
:108EE00035F800BF00BF039802F022FF94F8240178
:108EF000012809D1D4F8200138600120C4F82001EC
:108F0000002084F824010125039802F069FF75B957
:108F100094F8300101280AD1D4F82C0138600120DE
:108F2000C4F82C01002084F8300101251EE075B939
:108F300094F83C0101280AD1D4F8380138600120A6
:108F4000C4F83801002084F83C0101250EE06DB919
:108F500094F84801012809D1D4F84401386001206F
:108F6000C4F84401002084F8480101252DB9BBF163
:108F7000C80F02DDC82003F003F8002D04DC04A8AC
:108F800002F0BCFF0028AED0002D13DC039802F0E5
:108F9000CFFE94F82401012809D1D4F820013860CB
:108FA0000120C4F82001002084F824010125039841
:108FB00002F016FF31E1FFE70E980028FADD40F2DB
:108FC000CE510E988842F5DC594604A802F0BEFF47
:108FD000002500BF00200B900BAA5046129900F00C
:108FE00040FF05469DF82C0000F0080028B9BBF1B1
:108FF000C80F02DDC82002F0C3FF002D04DD9DF87C
:109000002C0000F0080020B904A802F077FF002827
:10901000E0D0002D7EDD9DF82C0000F00800002837
:10902000F8DDB4F8D0000F905046FDF745FF064636
:10903000B14600BF4FF4FA60CDE900605046DDE96B
:109040000E320D99FAF787FE0546002D12DD99F8CC
:10905000050000F00F0068B90896089E3289504656
:109060001299FFF75DFB31465046FDF7E7FD0026FC
:109070000025C0E0002D28DD99F8050000F00F0064
:10908000032822D1B0464646B8F806000121B1EBCC
:10909000203F17D1B8F80E00B8F80C1098F80B2044
:1090A000CDE90021029098F80A30B8F8082050461F
:1090B0001299FFF7B7FA31465046FDF7BFFD00267B
:1090C000002598E03E60002695E0002D27DD99F808
:1090D000050000F00F00022821D10396039EF088BE
:1090E0000290029800F00F0090B94F4850F80A0023
:1090F00070B14D4850F80A305046039A129998477B
:10910000002805DD31465046FDF798FD0026002574
:10911000002D00E07DE001DD3E6000266BE0002DCB
:1091200002DD3E60002666E000BF0AAA50461299A2
:1091300000F0D4FE0C900C98002804DC04A802F087
:10914000DDFE0028F1D0BDF8280080F400700A9000
:10915000BDF828000A904FF4FA600AA9022340F6ED
:109160000D02CDE9001050460D99FAF7D7FE0C908C
:10917000BDF828000A9000BF4FF4FA6009A9012346
:1091800040F60F02CDE9001050460D99FAF7E3FDC5
:109190000C900C9800280ADD9DF8240000F00200D5
:1091A000BDF82810022202EA2121884204D004A836
:1091B00002F0A4FE0028DFD000BF0AAA5046129990
:1091C00000F08CFE0C90BDF8280000F0080028B9D3
:1091D000BBF1C80F02DDC82002F0D2FE0C980028B7
:1091E00004DDBDF8280000F0080020B904A802F052
:1091F00085FE0028E1D0002D05DC04A802F07EFEEB
:1092000000283FF417AF46B131465046FDF716FD32
:1092100003E0002D01DD6FF00405284615B0BDE820
:10922000F08F0000D002020078E802002DE9F84F2C
:1092300081468A4693460020009000260AEB8A1059
:1092400000EB80002A49494401EB800000F53174AD
:10925000D4F84C0202F06CFD25686768BD423DD031
:1092600000E0761C202E05DA04F5C67050F82600C2
:109270005845F6D1B046B8F1000631DBB8F1200F01
:109280002EDA04F5C67040F82850803850F82710C0
:1092900040F82510803850F8271040F8251004F5C4
:1092A000037030F8171020F8151004F10C0050F876
:1092B000271040F825102068401C206020682028D6
:1092C00001DB002020606068401C6060606820282E
:1092D00001DB002060600120009001E0012000908F
:1092E000D4F84C0202F07CFD0098BDE8F88F000035
:1092F000D00202002DE9FF4F89B0894615461E466F
:1093000009EB091000EB40014CF20C4209981044A3
:1093100000EBC10B5F480068401C5E4908605E4876
:10932000C0F8009000205D490860801E5C4908601C
:1093300000205C490860401E5B4908605B4908608A
:109340005B4908605B4908605B49086000205B4935
:1093500008600024BBF804000690BBF8CAA0DBF844
:109360001401012852D1314602A802F0EFFD00BFDE
:10937000BAF1000F49DD00BF48480068401C47496A
:1093800008602A4649460998FFF76EF8074644499F
:109390000F60002F2DDB002500BF42480068401CF5
:1093A000404908603A4649460998FFF7B9F804462B
:1093B00024B9C82E02DDC82002F0E2FD002C04DC36
:1093C00002A802F09BFD0028E7D0002C16DC3A46EC
:1093D00049460998FFF7C8F980463749C1F8008027
:1093E000B8F1020F01D1012408E0B8F1000F05D156
:1093F00004E0C82E02DDC82002F0C2FD002C3EDCD5
:1094000002A802F07BFD0028B6D038E0BAF1000FC8
:1094100035DD40F2CE50824531DCBBF80000022839
:109420002DDB09EB091000EB40014CF20C420998CE
:10943000104400EBC100B0F8CC00079041F270700E
:109440005346CDE90050DDE906120998FAF766FDAA
:109450000446002C10DC324649460998FFF715F9FE
:1094600050B141F270705346CDE90050DDE906126B
:109470000998FAF753FD0446002C00DA00241DB1C8
:1094800029460998FDF7DAFB0C48046020460DB028
:10949000BDE8F08FE0010024E4010024E80100248D
:1094A000EC010024F0010024F4010024F801002460
:1094B000FC0100240002002404020024080200240D
:1094C00070B504460D460CB9002070BD102D01DBAF
:1094D0000020FAE745F6E060204450F82560002EB1
:1094E00003DD40F2EE50864201DD0020EDE740F260
:1094F000F721694304EB41003146F1F705FF08B954
:109500000020E2E7022104F53E4041553046DCE709
:1095100070B504460D4629462046FFF7D1FF70BDC1
:109520002DE9F0418CB004460D4617461E46DDF885
:109530004880202104A8E7F74CFB684602F09AFB1C
:109540009DE80F00CDE90623CDE90401ADF82250D6
:10955000ADF824708DF826600121074801550320DD
:109560008DF82700ADF8288004A9204600F01EF8E9
:109570000CB0BDE8F0810000F80C020001464FF08D
:10958000FF30094A0A445378074A525C934209DA89
:10959000054A0A445078044A0A445278521C024B45
:1095A0000B445A70704700003827020070B504461B
:1095B0000D461E490A5F2144083101EB421020226A
:1095C0002946E7F7AAFA01211848025F204408302B
:1095D00000EB421001741548005B401C01B21348B7
:1095E0000153005F402802DD0021104801530F485D
:1095F000005F0E492144B1F90210884207D10B489F
:1096000020444088401C00B2084921444880074853
:109610002044B0F90200402803DD00200349214422
:10962000488001210248015570BD0000101F020052
:10963000F80C020070B5049C104D2D5C102D1CDA46
:109640000E4D2E5C0544AD1CA9550C4D2E5C0544F9
:10965000143545F82620094D2E5C0544543525F86F
:109660001630064D2E5C0544743525F81640034D22
:109670002D5C6D1CEEB2014D2E5470BD38270200DA
:1096800010B504460AB1002010600BB1002018602C
:10969000002010BD2DE9F74F88B082460027022038
:1096A0000590002007903D4807A905AA0023CDE9B1
:1096B0000032CDE902105046DDE90912FAF796FCB6
:1096C0008346BDF81C000790BBF1000F61DDBDF8BB
:1096D0001C0000285DDDBDF81C8000BF012456E0A1
:1096E00002200590002007902C4807A905AA002316
:1096F000CDE90032CDE90210E3B25046DDE90912AE
:10970000FAF774FC8346BDF81C60002E3DDD012095
:10971000059000200690214806A905AA0023CDE95E
:109720000032CDE90210324650460999FAF75EFC44
:1097300083469DF81890012525E00420059000201F
:109740000490164804A905AA0023CDE90032CDE90A
:109750000210EBB2324650460999FAF747FC8346AD
:10976000049804900498C0B2FF2803DA0498C0B2A9
:10977000074406E002200590FF200790BDF81C007A
:109780000744681C85B24D45D7DD601C84B2444552
:10979000A6DD38460BB0BDE8F08F000060AE0A00D1
:1097A0002DE9FF4F87B004461546994600200490E6
:1097B00040F202200590002005EB05213C4A22449E
:1097C00002F811003B4905EB0520394A224402EB1F
:1097D000400005AA0123CDE90032CDE902010023B2
:1097E0004A4620460899FAF701FC06900698002898
:1097F00059DD05EB05202E49214411F81000002801
:1098000051DD05EB05202A49214411F810A0002064
:109810000490012645E005EB05202549214401EB94
:109820004000801C711E30F81180B8F1000F36DD49
:1098300040F202400590002005EB45211E4A2244DB
:1098400002F811001B4905EB45201B4A224402EB9C
:10985000400005AA0123CDE90032CDE90201002331
:10986000424620460899FAF7C1FB069005EB4520D1
:109870001149214411F810B001270EE005EB4520F5
:109880000D49214401EB4000801C791E10F8211085
:10989000049808440490781C87B25F45EEDD701C84
:1098A00086B25645B7DD04980BB0BDE8F08F0000D6
:1098B000E627020060AE0A00E82902002DE9F04F19
:1098C00089B006460F469046994600200790C9F891
:1098D0000000C8F800008346012008900020069090
:1098E000624806A908AA0023CDE90032CDE902109A
:1098F0004FF4E05239463046FAF778FB8246BAF127
:10990000000F7DDD9DF818000228FADD9DF8180093
:10991000082801DD08200690022495E00120089027
:1099200000200590514805A908AA0023CDE900327E
:10993000CDE90210601CC3B24FF4E0523946304604
:10994000FAF754FB8246BAF1000F7BDD022C05D1F9
:109950009DF81400022801D14FF0010B9DF814006E
:1099600020B19DF814005844C0B20590022C04D1D7
:109970009DF8140008B903200590032C04D19DF82C
:10998000140008B9042005909DF8141007EB071087
:1099900000EB40004CF20C42324402EBC0007D3040
:1099A00001559DF81400D8B907EB071000EB4000F3
:1099B0004CF20C41314401EBC0003D3000EBC400DF
:1099C000406820F4803107EB071000EB40004CF2B8
:1099D0000C42324402EBC0003D3000EBC400416059
:1099E0009DF81400032803D09DF81400042829D101
:1099F00041F61040221839463046FFF74BFE00E092
:109A000027E00546C5B1E81DC0F3CF0107EB0710FD
:109A100000EB40004CF20C42324402EBC0003D30FF
:109A200000EBC40041809DF81400032805D1D8F84C
:109A300000002844C8F8000004E0D9F800002844D9
:109A4000C9F80000601CC4B29DF818008442FFF6FB
:109A500065AFD9F8000010B9D8F8000008B10120AE
:109A60000790079809B0BDE8F08F000060AE0A00CB
:109A70002DE9F04F89B00446894617469A46DDF82D
:109A800048B000200690CBF80000CAF8000004900F
:109A90000A200790002007EB87015A4A224402F867
:109AA0001100594907EB8700564A224402EB400057
:109AB00007AA0123CDE90032CDE9020100234FF4CA
:109AC000E05249462046FAF791FA08900898002893
:109AD0007EDD07EB87004B49214411F81000022876
:109AE00076DD07EB87004749214411F81000059007
:109AF0000598082809DD082005900A2000231A4649
:109B0000494600902046FFF70BFD02256BE007EB6E
:109B100087003C49214401EB4000801C465D022D3A
:109B200003D1022E01D10120049016B104983044D3
:109B3000C6B209EB091000EB40004CF20C41214485
:109B400001EBC0007D304655DEB909EB091000EB92
:109B500040004CF20C41214401EBC0003D3000EBD1
:109B6000C500406820F4803109EB091000EB40008B
:109B70004CF20C42224402EBC0003D3000EBC50029
:109B80004160032E01D0042E2BD141F610402B183A
:109B90003A4649462046FFF703FE8046B8F1000FDB
:109BA0001FD008F10700C0F3CF0109EB091000EB4B
:109BB00040004CF20C42224402EBC0003D3000EB6E
:109BC000C5004180032E07D1DAF80000404400E0D0
:109BD0000CE0CAF8000004E0DBF800004044CBF8D9
:109BE0000000681CC5B20598854290DBDBF80000D8
:109BF00010B9DAF8000008B101200690069809B003
:109C0000BDE8F08FDC27020060AE0A002DE9F043CA
:109C100085B005460E4617464FF0000931462846E6
:109C2000FDF73CF806EB061000EB40004CF20C414F
:109C3000294401EBC000B0F8048044F6206304AA74
:109C400041462846FDF7C9F888B3BDF8100000F476
:109C5000F04070B10020049041F2707004A902231A
:109C600040F20252CDE9001041462846FAF756F973
:109C700004464FF48070ADF80800ADF80A7000207B
:109C8000ADF80C0000BF4FF4FA6002A9062340F2C1
:109C90000252CDE9001041462846FAF73FF9044642
:109CA000002C04DC484609F101090328EBDB05B070
:109CB000BDE8F0832DE9FF4705460E4617464FF0F5
:109CC000000906EB061000EB40004CF20C41294461
:109CD00001EBC000B0F804800020029003903B46E6
:109CE00003AA41462846FDF778F8A0B100BF4FF41B
:109CF000FA6002A904234FF4A162CDE900104146A5
:109D00002846FAF728F80446002C04DC484609F1F6
:109D100001090328EBDB029804B0BDE8F0872DE9C8
:109D2000F04788B08046894617469A4600260021AB
:109D30000491059100200690534607AA49464046E3
:109D4000FDF74BF800287ED0BDF81C0000F4F04071
:109D500070B10020079041F2707007A9022340F211
:109D60000252CDE9001049464046FAF7D7F80446BA
:109D700000BF4FF48070ADF80800ADF80A70002005
:109D8000ADF80C00002500BF4FF4FA6002A90623CD
:109D900040F20252CDE9001049464046FAF7BEF8BB
:109DA0000446002C03DC28466D1C0328ECDB002C49
:109DB0004ED0C82002F0E4F800200790534607AACE
:109DC00049464046FDF709F8002841D0BDF81C007F
:109DD00000F4005028B1761C4FF47A7002F0D0F8ED
:109DE00036E00026BDF81C0000F04000A8B10025B8
:109DF00000BF4FF4FA6004A908234FF4A162CDE933
:109E0000001049464046F9F7A6FF0446002C1FDC27
:109E100028466D1C0328ECDB1AE0002500BF4FF438
:109E2000FA6006A904234FF4A162CDE90010494667
:109E30004046F9F790FF0446002C03DC28466D1CD1
:109E40000328ECDB00E007E000210698CDE90401DF
:109E5000002E01DD032E8CDBDDE9040108B0BDE836
:109E6000F0872DE9FC4104460D46164600BF05EB80
:109E7000051000EB40004CF20C41214401EBC00006
:109E8000D0F8140101280ED105EB051000EB4000BD
:109E90004CF20C41214401EBC000D0F8680100787D
:109EA0003070012717E005EB051000EB40004CF285
:109EB0000C41214401EBC000B0F804804FF4FA607B
:109EC000012340F60D024146CDE900602046F9F736
:109ED00042FF074600BF3846BDE8FC812DE9FE433E
:109EE00004460D46164605EB051000EB40004CF20B
:109EF0000C41214401EBC00087884FF4FA6002A9AD
:109F0000022340F60D02CDE9001039462046F9F74C
:109F100022FF8046BDF8080030804046BDE8FE8341
:109F20002DE9F04FADF5077D0446002004908690A2
:109F30004FF4FA6086A902234FF49872CDE900101D
:109F400000212046F9F7A4FE03907E4801590398AA
:109F5000814201DC01200490BDF818028690BDF812
:109F6000180200F00F09BDF8180200F0100038B90F
:109F70004FF0010B00204CF20C412144488001E0DD
:109F80004FF0000BB9F1010F09D0B9F1020F07D062
:109F9000B9F1040F05D0B9F1080F0AD102E000BFF2
:109FA00000BF00BF012005904CF20C4020F8049047
:109FB00002E00020059000BF00BFBBF1000F21D0E0
:109FC0000598F8B10498E8B1012515E0002005EBEB
:109FD000051101EB41014CF20C42224402EBC1019C
:109FE000488005EB051000EB40004CF20C41214489
:109FF00021F83090681C85B252480059A842E5DA31
:10A00000C84699E000204CF20C41214448804FF0B2
:10A01000FF08012600BF4B48005B87B2B81B4028F1
:10A0200002DB06F13F0087B235461EE000200190BA
:10A03000029005EB051000EB40004CF20C4121446E
:10A0400001EBC000B0F804A0A81B06A921F810A0DD
:10A05000A81B00EB400026A901EB4000019901601C
:10A06000BDF808108180681C85B2BD42DEDD41F27A
:10A0700070700090B81B411C26AB06AA2046F9F769
:10A08000A5FE35464BE005EB051000EB40004CF219
:10A090000C41214401EBC000B0F804A0A81B00EB68
:10A0A000400026A931F810008690A81B00EB400064
:10A0B00001EB4000808805EB051101EB41014CF2FA
:10A0C0000C42224402EBC1014880BDF8180200F0A6
:10A0D0000F00404503DABDF8180200F00F08BDF884
:10A0E000180205EB051101EB41014CF20C42224430
:10A0F00022F831004CF20C402044408805EB051159
:10A1000001EB41014CF20C42224402EBC1014988AF
:10A1100008434CF20C4121444880681C85B2BD4282
:10A12000B1DD781C86B207480059B8423FF773AFDB
:10A130004CF20C4020F8048040460DF5077DBDE848
:10A14000F08F0000CC02020070B505460C46224696
:10A150000021284600F002F870BD00002DE9F74FFD
:10A1600084B080468B464FF0000900200390029097
:10A17000DA46654808EB000645F6207008EB000754
:10A180004046FFF7FBF90446AFE0B01C055D2946E9
:10A190004046069A01F080F98246BAF1000F60DB72
:10A1A00040F2F720684307EB400080780A2807D088
:10A1B00040F2F720684307EB400080780C2851D12B
:10A1C00006F1740030F81400002836DD06F154035F
:10A1D00033F8142040F2F7236B4307EB430303F1FA
:10A1E0000C0106F1140353F82400E6F70FFC40F2CB
:10A1F000F720684307EB400106F1540030F81400E3
:10A200000C30084400880390BDF80C9040F2F72011
:10A21000684307EB400106F1740030F8140008446D
:10A220000168009140680190384ADDE9000142F878
:10A230000800101D40F8081011E006F1540333F82F
:10A24000142040F2F7236B4307EB430303F10C01A7
:10A2500006F1140353F82400E6F7D8FBD14401209B
:10A26000029039E040F2F720684307EB4000807825
:10A270000B2831D106F1740030F81400002827DDD6
:10A2800040F2F720684307EB400106F1540030F834
:10A2900014000C30084400880390BDF80C004FEA0D
:10A2A000400940F2F720684307EB400106F17400D3
:10A2B00030F8140008440168009140680190134A86
:10A2C000DDE9001042F80810111D41F8080001E016
:10A2D00009EB4A090120029000222946404600F07D
:10A2E000BBFB4046FFF74AF90446002CBFF64DAFD2
:10A2F0004046FAF70BFB029820B94FF0FF3007B049
:10A30000BDE8F08F4846FAE738270200000D02004A
:10A310002DE9FF4188B0684601F0ACFC9DE80F00D4
:10A3200004AC0FC40A990698401A4FF47A7190FB56
:10A33000F1F0DDE90471DDE90836FB1A61EB060195
:10A34000DFF82CC00027A3FB0C6801FB0C8103FB8A
:10A350000713841943EBE07539460846091BA841E9
:10A3600003DA20460CB0BDE8F0810020FAE70000D7
:10A3700040420F0010B504460021204600F002F8CC
:10A3800010BD00002DE9F04F8BB004460D460020B3
:10A3900007908346089005EB851000EB8000FE498E
:10A3A000214401EB8000007D08B10120079029467F
:10A3B0002046FAF7B5FAF948005D01283DD105EBD2
:10A3C000851000EB8000F449214401EB80004068D7
:10A3D00005EB851101EB8101EF4A224402EB81017B
:10A3E000C968884209D905EB851000EB8000EA496D
:10A3F000214401EB8000406808E005EB851000EB8C
:10A400008000E549214401EB8000C068074605EB68
:10A41000851000EB8000E049214401EB8000D0F87A
:10A420002C01074405EB851000EB8000DA4921443C
:10A4300001EB8000406806901FE005EB851000EB03
:10A440008000D549214401EB8000406805EB85116F
:10A4500001EB8101D04A224402EB8101C968014429
:10A4600005EB851000EB8000CB4A224402EB800014
:10A47000D0F82C010F180020069005EB851000EB9A
:10A480008000C549214451F82080002F7DD0012053
:10A49000089005EB851000EB8000BF49214401EBDB
:10A4A0008000807E002871D005EB851000EB8000D5
:10A4B000B949214401EB8000C068002867D005EB52
:10A4C000851000EB8000B449214401EB8000B0F816
:10A4D0001EB005EB851000EB8000AF49214401EB75
:10A4E0008000D0F8109005EB851000EB8000AA49A1
:10A4F000214401EB8000C76805EB851000EB80006C
:10A50000A549214401EB80004068804400BF05EB71
:10A51000851000EB8000A049214401EB8000C08B36
:10A5200058451AD105EB851000EB80009A4921446B
:10A5300001EB8000283059464A1C1FFA82FB30F894
:10A54000211005EB851000EB8000934A224402EBBA
:10A550008000008C081A86B20FE005EB851000EB36
:10A5600080008D49214401EB8000283059464A1C67
:10A570001FFA82FB30F8210086B22046FCF778FCF7
:10A5800082461FFA88F10A9102E0E9E00AE15EE002
:10A590004FEA1840099000200590DDE909108DE888
:10A5A000430240F2F7201AFB00F004EB400153464F
:10A5B0000A22204600F068FA079860B378482044E1
:10A5C00008224FF4116305EB851101EB8101DFF8DF
:10A5D000C8C1A4440CEB8101C98A01EB011101EB54
:10A5E00041014CF20C4CA4440CEBC1018988CDE92B
:10A5F0000232019104900020009040F2F7200AFB03
:10A6000000F004EB400153460E222046FAF72EF9E3
:10A6100005900020079051462046FEF779FF0598E7
:10A6200033464A46514600902046FFF703F8BF1BC9
:10A63000B044B1445FB105EB851000EB8000564992
:10A64000214401EB8000808B58453FF760AF05EB5C
:10A65000851000EB80005049214401EB80004068E8
:10A6600000287DD005EB851000EB80004A4921448D
:10A6700001EB8000D0F8089005EB851000EB80001E
:10A680004549214401EB8000476805EB851000EB4C
:10A6900080004149214451F820804FF0000B00BF59
:10A6A00005EB851000EB80003B49214401EB800065
:10A6B000283059464A1C1FFA82FB30F8210086B226
:10A6C000B81B00D5BEB22046FCF7D2FB82461FFA6B
:10A6D00088F10A914FEA1840099000200590DDE9C1
:10A6E00009108DE8430240F2F7201AFB00F004EB5A
:10A6F000400153460B22204600F0C6F9079860B38C
:10A700002748204408224FF4116305EB851101EB23
:10A710008101DFF884C0A4440CEB8101C98A01EBFC
:10A72000011101EB41014CF20C4CA4440CEBC101B2
:10A730008988CDE90232019104900020009040F216
:10A74000F7200AFB00F004EB400153460E2220469E
:10A75000FAF78CF80590002007905146204600E05B
:10A7600019E0FEF7D5FE059833464A46514600905B
:10A770002046FEF75FFFBF1BB044B144002F0AD054
:10A7800005EB851000EB80000349214401EB8000BC
:10A79000808B584584DCA0E0D002020084E80200EF
:10A7A000000D020005EB851000EB80004D492144AF
:10A7B00001EB8000406850B105EB851000EB800094
:10A7C0004849214401EB8000D0F808900BE005EBEC
:10A7D000851000EB80004349214401EB8000D0F854
:10A7E00010900020069000BF05EB851000EB800064
:10A7F0003C49214401EB8000283059464A1C1FFA8D
:10A8000082FB30F8210086B22046FCF731FB8246FD
:10A810001FFA88F00A904FEA18410991002005902C
:10A82000DDE90901CDE90269CDE9001040F2F72028
:10A830001AFB00F004EB400153460C22204600F0C6
:10A8400023F9079860B32848211808224FF41163B0
:10A8500005EB851000EB8000DFF888C0A4440CEB0A
:10A860008000C08A00EB001000EB40004CF20C4C62
:10A87000A4440CEBC0008088CDE902320491019021
:10A880000020009040F2F7200AFB00F004EB4001AA
:10A8900053460E222046F9F7E9FF05900020079065
:10A8A00051462046FEF734FE05980090069809EBC5
:10A8B0000002334651462046FEF7BCFEBF1BB044A3
:10A8C000B14457B105EB851000EB800005492144E8
:10A8D00001EB8000808B584586DC08980BB0BDE802
:10A8E000F08F0000D0020200000D020010B594B0FD
:10A8F0000446402102A8E6F76CF90020139041F2CB
:10A90000707013A9012340F20112CDE9001000215B
:10A910002046F9F7F8F90420129041F2707012A95C
:10A9200002231A02CDE9001000212046F9F7EBF9C5
:10A9300041F2707002A908234FF44072CDE9001073
:10A9400000212046F9F7DFF941F2707002A93023A7
:10A950005A01CDE9001000212046F9F7D4F941F25F
:10A96000707002A920239A01CDE900100021204631
:10A97000F9F7C9F90020139041F2707013A901236F
:10A9800040F68112CDE9001000212046F9F7BBF90D
:10A9900041F2707002A904234FF41162CDE9001056
:10A9A00000212046F9F7AFF94FF48050129041F2A0
:10A9B000707012A902234FF41362CDE90010002138
:10A9C0002046F9F7A0F94FF44060129041F2707000
:10A9D00012A9022340F63412CDE9001000212046CE
:10A9E000F9F791F90020139041F2707013A9012337
:10A9F00040F20312CDE9001000212046F9F783F957
:10AA00001120129041F2707012A902234FF490723B
:10AA1000CDE9001000212046F9F775F902201390C6
:10AA200041F2707013A901234FF4A062CDE9001028
:10AA300000212046F9F767F90020139041F2707069
:10AA400013A901234FF4A062CDE900100021204694
:10AA5000F9F759F914B010BD10B500B910BD0029AF
:10AA600001DB102900DBF9E700F53E435A544BF6B1
:10AA700014631B5833B14BF614631B5845F60C7422
:10AA800023445A5400BFE9E72DE9F05F82460C46A3
:10AA900090469946DDF828B00C9D274607F10E0632
:10AAA00041F20C002844308086F8028086F803903A
:10AAB000A6F804B00B98F08035812A46414607F18C
:10AAC0001A000D9B00F000FE002105F11A00395418
:10AAD000401C3954401C45F6E061514441F82900BE
:10AAE0000020BDE8F09F00002DE9F04704468946AC
:10AAF000174614B90020BDE8F0870FB10020FAE72F
:10AB0000F0F7D8FB06460EB90020F4E74BF61460C8
:10AB100050F804804CF20C412046E6F75AF84BF608
:10AB2000146040F8048000252CE040F2F7206843D0
:10AB300004EB40001B490A6802608988818040F26A
:10AB4000F720684304EB40003168C0F80610B18874
:10AB50004181882140F2F720684304EB40000173F3
:10AB6000A42140F2F720684304EB40004173002029
:10AB700045F6E061214441F82500002104F53E40FE
:10AB800041556D1C102DD0DB00214BF61060015596
:10AB90004CF208400151F0F7E9FB08B10120AAE7A7
:10ABA0000020A8E7F0E801082DE9F04106460F462D
:10ABB000144607EB071000EB40004CF20C41314407
:10ABC00001EBC00090F805810020A070E0702071BA
:10ABD0006071A07128223946304600F02FFA20809B
:10ABE000208800283ADD25882A46691C8DB239461E
:10ABF000304600F083FAA0702A46691C8DB23946AF
:10AC0000304600F07BFAA17801EB0020A070A0781C
:10AC10004006000EA0702A46691C8DB239463046A7
:10AC200000F06CFAE0702A46691C8DB23946304655
:10AC300000F064FA2071A07802280FDD2A46691C12
:10AC40008DB23946304600F059FA60712A46691CC7
:10AC50008DB23946304600F051FAA071B8F1000FBC
:10AC600003D039463046FCF775F8A078BDE8F0818E
:10AC70002DE9FE4F81468A46144698460AEB0A1093
:10AC800000EB40004CF20C41494401EBC00090F84D
:10AC90000501009000200190A080608000212181AA
:10ACA000002606E0002104F6064020F81610701C6D
:10ACB00086B2082EF6DBB8F1010F01DD4FF0010876
:10ACC00008F132025146484600F0B8F92080208849
:10ACD00000287DDD25882A46691C8DB251464846EC
:10ACE00000F00CFA83462A46691C8DB2514648464C
:10ACF00000F004FA0BEB00201FFA80FBA4F802B06E
:10AD0000012600BFA088401CA0802A46691C8DB285
:10AD10005146484600F0F2F9A288A11D21F8120020
:10AD20002A46691C8DB25146484600F0E7F9A288D0
:10AD3000A11D31F8121001EB002081B2A01D20F8F6
:10AD400012100021A28804F6060020F81210701CD0
:10AD500086B22A46691C8DB25146484600F0CEF9AB
:10AD600007462A46691C8DB25146484600F0C6F98E
:10AD7000A28804F2064121F81200281D85B2B01CF9
:10AD800086B2A18804F2064030F81100082847DA9C
:10AD9000012002901BE0301D86B2681D85B22A4654
:10ADA000691C8DB25146484600F0A8F9A28804F605
:10ADB000060131F81210084481B204F6060020F8AA
:10ADC0001210A81C85B20298401C80B2029000E0CC
:10ADD00039E00298B842DEDDA18804F2064030F87E
:10ADE000111004F6064030F81110A28804F606008F
:10ADF00030F81200084481B204F2064030F8122004
:10AE000004F6064020F81210A18804F6060030F877
:10AE100011100198084480B20190701C86B209E0BC
:10AE2000042000FB076086B2082000FB075085B2B3
:10AE3000701C86B2A088B0F5FF7F00DD6688608850
:10AE4000B0423FF75FAF009818B151464846FBF754
:10AE500081FF0198BDE8FE8F2DE9F047074688463F
:10AE6000144608EB081000EB40004CF20C4139444A
:10AE700001EBC00090F805910020A0702922414606
:10AE8000384600F0DBF82080208800285FDD258828
:10AE90002A46691C8DB24146384600F02FF9064615
:10AEA0002A46691C8DB24146384600F027F906EB68
:10AEB000002086B23046F11706EB9171C1F387018D
:10AEC000A1702A46691C8DB24146384600F016F939
:10AED000A0802A46691C8DB24146384600F00EF922
:10AEE000A18801EB0020A0802A46691C8DB2414652
:10AEF000384600F003F9E0802A46691C8DB24146CD
:10AF0000384600F0FBF8E18801EB0020E0802A469B
:10AF1000691C8DB24146384600F0F0F820722A468E
:10AF2000691C8DB24146384600F0E8F860722A4646
:10AF3000691C8DB24146384600F0E0F8A0722A46FE
:10AF4000691C8DB24146384600F0D8F8E072B9F17C
:10AF5000000F03D041463846FBF7FCFEA078BDE861
:10AF6000F0872DE9F0470746884614461E464FF005
:10AF7000000908EB081000EB40004CF20C4139448A
:10AF800001EBC00090F805A1A078B0424CDD20880C
:10AF9000801C00EBC60085B22A46691C8DB2414672
:10AFA000384600F0ABF8A0802A46691C8DB24146B5
:10AFB000384600F0A3F8A18801EB0020A0802A46C3
:10AFC000691C8DB24146384600F098F8E0802A4668
:10AFD000691C8DB24146384600F090F8E18801EBDB
:10AFE0000020E0802A46691C8DB24146384600F0B8
:10AFF00085F820722A46691C8DB24146384600F019
:10B000007DF860722A46691C8DB24146384600F0D0
:10B0100075F8A0722A46691C8DB24146384600F088
:10B020006DF8E0724FF00109BAF1000F03D041460C
:10B030003846FBF78FFE4846BDE8F0872DE9F0471C
:10B0400007468846164608EB081000EB40004CF215
:10B050000C41394401EBC00090F805918024224650
:10B06000641C4146384600F049F805462246641CF7
:10B070004146384600F042F805EB002085B22AE050
:10B080002046611C0CB282B24146384600F036F8C8
:10B0900005462046611C0CB282B24146384600F09B
:10B0A0002DF805EB002085B204EB450004B22046E4
:10B0B000611C0CB282B24146384600F01FF80546CA
:10B0C0002046611C0CB282B24146384600F016F8A8
:10B0D00005EB002085B2B54203D04FF6FF708542E4
:10B0E000CED1B54200D00024B9F1000F03D04146C3
:10B0F0003846FBF72FFE2046BDE8F0872DE9F04FDC
:10B1000085B0044688461546FF2000904448005B01
:10B11000404508D04FF4007142482044E5F759FDFE
:10B120003F4820F80480B5F5805F75DA6E11A5EB15
:10B1300046101FFA80F93B48204450F826000121B0
:10B1400001FA09F1084020B137482044405D0090E1
:10B1500062E008EB081000EB40004CF20C41214487
:10B1600001EBC0008088049041462046FBF796FD25
:10B170006F1044F620633A4620460499FEF7CFFD4F
:10B18000CDE9020108EB081000EB40004CF20C4145
:10B19000214401EBC00090F8040150B12248204442
:10B1A00000EB47000299016003994160082001907B
:10B1B00009E0DDF808A01C48204400EB4700C0F877
:10B1C00000A0042001903E117800A0EB46101FFA69
:10B1D00080F94FF0000B18E01248204450F8260088
:10B1E000012101FA09F108430E49214441F82600E2
:10B1F00009F101001FFA80F9B9F11F0F03DD4FF0CB
:10B200000009701C86B20BF1010B01988345E3DB4A
:10B2100005482044405D0090009805B0BDE8F08FDF
:10B22000081F0200081D0200080D02002DE9FF4F53
:10B2300083B00C4692461E460AEB0A1000EB400112
:10B240004CF20C420398104400EBC10090F8050149
:10B250000090A1460A2251460398FFF7EFFE80B204
:10B2600002900298002844DD0298801C85B22A468C
:10B27000691C8DB251460398FFF740FF0190019879
:10B28000864232DC01272AE02A46691C8DB25146EB
:10B290000398FFF733FF8046B74203DA05EB080057
:10B2A00085B21AE0A1464FF0010B14E0BBF1280F64
:10B2B0000BDC2A46691C8DB251460398FFF71EFF2E
:10B2C00089F8000009F1010901E0681C85B20BF161
:10B2D00001001FFA80FBC345E8DD781C87B2B74246
:10B2E000D2DD002089F8000003E0A146002089F8A3
:10B2F0000000009818B151460398FBF72BFD07B0EA
:10B30000BDE8F08F10B5024601EB011000EB4000E4
:10B310004CF20C43134403EBC000D0F86801B8B101
:10B32000012001EB011303EB43034CF20C441444E2
:10B3300004EBC303C3F8200101EB011303EB430348
:10B340004CF20C44144404EBC303C3F8140110BDC5
:10B350000020FCE72DE9FF4106460F4614464FF05A
:10B36000FF35B4F5FA6F01DA204601E04FF4FA60D8
:10B370008046002C01DD204600E0002001466846A2
:10B3800000F0E4FD00BF39463046FEF799F842462A
:10B390003946304600F080F80546002D04DA68464C
:10B3A00000F0ACFD0028EED0284604B0BDE8F081E6
:10B3B0002DE9F04389B005460C46174698463548B6
:10B3C0004059A04203DA002009B0BDE8F0834146AD
:10B3D00002A800F0BBFD04EB041000EB40004CF2AF
:10B3E0000C41294401EBC000B0F8049000BF012CCF
:10B3F00011DA002008904FF4FA6008A902234FF4F4
:10B400009872CDE9001000212846F8F741FCBDF8FC
:10B41000200008901FE00020ADF81800ADF81C00D7
:10B420004FF4FA6006A906234FF49872CDE9001094
:10B4300049462846F8F78FFCBDF818000890BDF87B
:10B440001C0004EB041101EB41014CF20C422A44B4
:10B4500002EBC1014880BDF8200000F00F06BE429B
:10B4600003D04FF47A7000F08BFDBE4204D002A8E6
:10B4700000F044FD0028BAD0BDF8200004EB041110
:10B4800001EB41014CF20C422A4422F831003046D3
:10B490009AE70000CC0202002DE9F04F87B0054684
:10B4A0000C46934625B94FF0FF3007B0BDE8F08F4A
:10B4B000102C02DB4FF0FF30F7E7BBF1000F01DD8E
:10B4C000584600E000200190F9F718FA02A8019907
:10B4D00000F03CFD00BF7B480068401C79490860D3
:10B4E00040F2F721614345F620722A4402EB410005
:10B4F00040F2EE51EFF7E4FE06462EB9714840687F
:10B50000401C70494860D3E06E488068401C6D491B
:10B510008860084606841C2E03D2C068401CC860A0
:10B52000C6E040F2F720604345F62071294401EB64
:10B53000400164480A68C2628988018640F2F720A7
:10B54000604345F62071294401EB40005D49D0F885
:10B550000620C1F832204089C88640F2F7206043B7
:10B5600045F62071294401EB4000417B40F2F72071
:10B57000604345F620722A4402EB4000007B41EA1A
:10B5800000205049488440F2F720604345F620717E
:10B59000294401EB4000007B88280AD140F2F720C3
:10B5A000604345F62071294401EB4000407BA4280C
:10B5B00005D044480069401C4249086178E040F2E7
:10B5C000F720604345F62071294401EB400090F8D4
:10B5D00011903C4880F82690A14504D04069401C59
:10B5E0003849486164E0A6F10E0080B2009040F254
:10B5F000F720604345F62071294401EB4000817B30
:10B6000040F2F720604345F620722A4402EB4000E6
:10B61000C07B41EA0027C7F30B072A488784B81E7E
:10B620001FFA80F80C2F03D3B81C0099884205D963
:10B6300024488069401C2349886139E040F2F720A2
:10B64000604345F62071294401EB400108F11000E8
:10B65000095C40F2F720604345F620722A4402EB71
:10B66000400208F11100105C41EA002A1548C0F8B8
:10B6700028A0C069401C1349C861BA1C40F2F723D6
:10B68000634345F6207CAC440CEB430303F10E010D
:10B6900040F2F723634345F6207CAC440CEB4300B7
:10B6A000E5F7F9F9042105F53E4001555046FCE661
:10B6B00002A800F023FC00283FF40DAF4FF0FF304C
:10B6C000F3E600001C8A03242DE9F04107460D46ED
:10B6D00014461E46002C1BDD042D0BD003DC3DB1AF
:10B6E000012D0ED105E0072D05D00A2D09D103E06B
:10B6F00000BF00BF00BF00BF21463846E5F747FA4C
:10B7000005E0224631463846E5F780F900BF00BF24
:10B71000BDE8F081FEB505460C46BCB904EB04104B
:10B7200000EB40004CF20C41294431F8300002900B
:10B7300041F2707002A902234FF49072CDE900101B
:10B7400000212846F8F7DFFA06461CE004EB041057
:10B7500000EB40004CF20C41294401EBC00087880B
:10B7600041F27070009004EB041000EB40004CF2CA
:10B770000C41294431F830304FF490723946284654
:10B78000F8F7F4FB06463046FEBDF3F7ADFBF7F7DE
:10B7900007FBE8F7BDFAF6F7B7FCF6F7EFFBF6F7AD
:10B7A00043FDF6F725FCE8F715FA0720F6F77EFBD0
:10B7B00008B1F6F73DFBE6F74BFE08B1EFF775FF72
:10B7C00000F006F8F6F758FC00F018F800BFFEE7A6
:10B7D00010B5F8F7ABF910B16FF0050409E00648B1
:10B7E000006820B9012004490860002401E04FF0FE
:10B7F000FF34204610BD00008801002470B5F8F722
:10B8000095F910B16FF005041FE011480068012898
:10B8100019D100BF801F0021002804DB0A07130E86
:10B820000C4A135406E00A07150E0B4A00F00F03EA
:10B830001B1FD55400BF00BF02200549086001F05E
:10B84000B3FC002401E04FF0FF34204670BD00003F
:10B850008801002400E400E018ED00E070B5054622
:10B860002E46F8F763F910B16FF005040AE016B937
:10B870006FF0030406E0304601F00AFB0024304676
:10B8800001F0ECFA204670BD2DE9F84307460D465D
:10B8900091461C463E464FF00008F8F747F9E0B1E4
:10B8A0000EB105B114B16FF0030828E0002000903C
:10B8B0006A462946304602F0C1F9012802D06FF0ED
:10B8C00002081CE00098D0B14FF080500D4908608C
:10B8D000BFF34F8FBFF36F8F11E006B115B96FF053
:10B8E00003080CE022462946304602F0F3F801280E
:10B8F00005D014B16FF0010801E06FF00208404676
:10B90000BDE8F88304ED00E02DE9F84305460E4656
:10B9100014464FF00009F8F709F900283ED1002D30
:10B920003CD0002E3AD0471EBCB1A06858B1E068A8
:10B93000502808D3206930B105FB06F061698142C7
:10B9400001D301270AE0A06840B9E06830B9206956
:10B9500020B9606910B9002700E00027012F09D144
:10B960000020009031462846A368226901F034FE89
:10B97000814606E02FB900223146284601F0FFFD3E
:10B980008146B9F1000F09D014B1D4F8008001E06C
:10B990004FF000084146484601F04AFA4846BDE8E3
:10B9A000F88300002DE9F84307460D4691461C46F2
:10B9B0003E464FF00008F8F7B9F8E8B10EB105B10E
:10B9C00014B16FF003082AE00020009000236A46BB
:10B9D0002946304601F090FF012802D06FF002089E
:10B9E0001DE00098D8B14FF080500E490860BFF3B9
:10B9F0004F8FBFF36F8F12E006B115B96FF00308D8
:10BA00000DE0002322462946304601F0A1FE012820
:10BA100005D014B16FF0010801E06FF00208404654
:10BA2000BDE8F88304ED00E0F8B504460D4626466F
:10BA300000270EB93F1F29E0F8F778F8D0B115B10B
:10BA40006FF0030722E0002000906A460021304694
:10BA500002F0F4F8012802D06FF0020716E0009817
:10BA6000A0B14FF080500A490860BFF34F8FBFF379
:10BA70006F8F0BE02946304602F046F9012805D0C9
:10BA800015B16FF0010701E06FF002073846F8BD0D
:10BA900004ED00E02DE9F84305460F4614464FF04B
:10BAA0000008F8F743F8002857D1002D55D0AF42D1
:10BAB00053D8461E64B1A06820B1E068502801D375
:10BAC000012606E0A06820B9E06810B9002600E071
:10BAD0000026701C002840D0012D23D1012E09D151
:10BAE00003200090002211460120A36801F074FD9C
:10BAF000804605E003220021012001F040FD804640
:10BB0000B8F1000F1CD0DFB100231A461946404699
:10BB100001F01EFE012813D0404601F09FF94FF0BE
:10BB200000080DE0012E06D139462846A26801F032
:10BB3000E3FC804604E03946284601F0AFFC80462D
:10BB4000B8F1000F09D014B1D4F8009001E04FF023
:10BB500000094946404601F06BF94046BDE8F883CC
:10BB6000F8B50446254600260DB9361F22E0F7F742
:10BB7000DDFFA8B1002000906946284601F03AFF99
:10BB8000012802D06FF0020614E0009890B14FF047
:10BB9000805009490860BFF34F8FBFF36F8F09E0F2
:10BBA00000231A461946284601F0D2FD012801D08B
:10BBB0006FF002063046F8BD04ED00E02DE9FF47C6
:10BBC00080468946144600200390F7F7AFFF00280F
:10BBD0004ED1B8F1000F4BD0802618258246471E63
:10BBE00044B3206808B1D4F800A0A06900B1A569E9
:10BBF0002DB1382D03D8207900F0010018B10020B4
:10BC000004B0BDE8F087606908B160698608A06883
:10BC100040B1E0685C2805D3206918B1606908B1BB
:10BC2000012708E0A06830B9E06820B9206910B9A0
:10BC3000002700E00027012F0CD12169A0684B46A6
:10BC40003246CDE9005102905146404602F0B0F92B
:10BC500003900DE067B903A8B2B24B465146CDE957
:10BC60000050404602F072F9012801D000200390F4
:10BC70000398C5E77FB50446E8F72AF805460E465F
:10BC80000B4A002328463146E4F74CFCCDE900017D
:10BC9000074A002328463146E4F744FC4FF47A7003
:10BCA000A2FB000102909DE80F0084E80F007FBD19
:10BCB00040420F0010B5042000F0A2FE04460CB96B
:10BCC000002010BD012001F049FC2060206820B94F
:10BCD000204601F00BF80020F3E72046F1E710B50D
:10BCE0000446002C00D110BD00BFEFF3058109B957
:10BCF000002000E0012000BF08B9012000E0002082
:10BD000050B900BF502080F31188BFF34F8FBFF3AD
:10BD10006F8F00BF00BFFEE7206820B1206801F0F0
:10BD20009DF800202060204600F0E0FF00BFDAE729
:10BD300070B5044600BFEFF3058109B9002000E0AB
:10BD4000012000BF08B9012000E0002050B900BF69
:10BD5000502080F31188BFF34F8FBFF36F8F00BF68
:10BD600000BFFEE70CB1012000E0002050B900BF89
:10BD7000502080F31188BFF34F8FBFF36F8F00BF48
:10BD800000BFFEE71CB1206808B1012000E00020E0
:10BD900050B900BF502080F31188BFF34F8FBFF31D
:10BDA0006F8F00BF00BFFEE70CB1206800B970BD07
:10BDB0004FF0FF31206801F0A7FF0546012D00D1AB
:10BDC00000E0002050B900BF502080F31188BFF37D
:10BDD0004F8FBFF36F8F00BF00BFFEE700BFE6E7E6
:10BDE00070B5044600BFEFF3058109B9002000E0FB
:10BDF000012000BF08B9012000E0002050B900BFB9
:10BE0000502080F31188BFF34F8FBFF36F8F00BFB7
:10BE100000BFFEE70CB1012000E0002050B900BFD8
:10BE2000502080F31188BFF34F8FBFF36F8F00BF97
:10BE300000BFFEE71CB1206808B1012000E000202F
:10BE400050B900BF502080F31188BFF34F8FBFF36C
:10BE50006F8F00BF00BFFEE70CB1206800B970BD56
:10BE600000231A461946206801F072FC0546012D90
:10BE700000D100E0002050B900BF502080F31188AD
:10BE8000BFF34F8FBFF36F8F00BF00BFFEE700BF50
:10BE9000E5E700000FB430B50999164AB1FBF2F29C
:10BEA000DDE90554521944F10003CDE90523114A97
:10BEB000B1FBF2F302FB131202EB4203C3EBC2121B
:10BEC000079B03EBC20207920B4B079A9A4209DBCE
:10BED000DDE90542641C42F10002CDE90542079A02
:10BEE000D21A079205AA3CCA80E83C0030BC5DF833
:10BEF00014FB000040420F0000CA9A3B30B589B0E5
:10BF0000044614B9012009B030BD6846FFF7B2FEFF
:10BF10009DE80F0004AD0FC5D4E90050DDE904121F
:10BF2000691A904101DA0120EDE7DDE90430D4E936
:10BF300000219A1A884101DA0020E4E70698A168F6
:10BF4000884201DB0120DEE70020DCE730B58DB060
:10BF500004460D460CB90DB030BD08A8FFF78AFEA7
:10BF60000295DDE90A01CDE9000104A8DDE9082315
:10BF7000FFF790FF04A80FC884E80F0000BFEAE7AE
:10BF800070B5044604B970BDE7F7A2FE05460E463B
:10BF900000BFE7F79DFE421B61EB0601121B71F12A
:10BFA0000001F6D300BFEEE72DE9F04105460E464D
:10BFB0001648076816480068001D00F0EDFD681C73
:10BFC00038B936B112480168091D124800F03AFE2E
:10BFD0001AE07C190E4800684460BC4207D20C4845
:10BFE0000168091D0C48006800F012FE0CE00848CA
:10BFF0000168091D0948006800F00AFE0848006849
:10C00000844201D206480460BDE8F0814C0100245E
:10C010003801002428460324400100243C01002468
:10C020006801002410B5044600F018FE244800689A
:10C03000401C234908602348006840B92148046037
:10C040000846006801280DD100F016FA0AE01E48E3
:10C05000006838B91B480068C06AE16A884201D8A4
:10C060001848046019480068401C184908600846D0
:10C07000006860641649E06A0968884202D9144978
:10C08000E06A0860E16A01EB8101124A02EB81007B
:10C09000211D00F0D7FD00F00BFE0B48006868B1D1
:10C0A00008480068C06AE16A884207D24FF08050B1
:10C0B00009490860BFF34F8FBFF36F8F10BD0000B9
:10C0C00048010024380100245401002464010024A4
:10C0D000500100247841032404ED00E008B500F08D
:10C0E000BDFD12480068E8B9114800F081FD114813
:10C0F00000F07EFD0E48104908600E480F490860A8
:10C1000000200F4B0F4A102100900A2001F064FA22
:10C11000064908600846006820B10BA10348006882
:10C1200000F086FE00F0C4FD08BD00007C01002484
:10C130003C46032450460324740100247801002463
:10C1400064460324B4460324546D72510000000079
:10C1500010B516E000F082FD0C48C068C468201DD0
:10C1600000F01AFD0A480068401E094908600948A5
:10C170000068401E0749086000F09AFD204600F064
:10C180005FF8044800680028E4D110BD1446032479
:10C19000480100244401002470B504460D46206C7B
:10C1A00070B1216CE0680144E160D4E9021088427A
:10C1B00001D32168E1602846226CE168E4F726FC9F
:10C1C00070BD2DE9F04104460F4615464FF00008BA
:10C1D000A66B206C48B9206800282CD1A06801F01B
:10C1E000FDFF80460020A06025E07DB93946226C25
:10C1F0006068E4F70BFC216C606808446060D4E977
:10C200000101884217D32068606014E03946226C2F
:10C21000E068E4F7FBFB216CE068411AE16021680B
:10C22000E068884203D2216CA068411AE160022DC7
:10C2300001D106B1761E701CA0634046BDE8F081B6
:10C2400010B5044694F8590030B9206B00F04EFD4B
:10C25000204600F04BFD1AE094F85900012803D164
:10C26000204600F043FD12E094F85900022801D165
:10C27000012000E0002050B900BF502080F3118859
:10C28000BFF34F8FBFF36F8F00BF00BFFEE710BD3E
:10C2900001464A6A22B10A6B1268C2F1380000E016
:10C2A000002070470146084A126812680AB9012244
:10C2B00000E000220A600A6822B9034A1268D268C4
:10C2C000106800E0002070477401002430B54FF47E
:10C2D0007053174800F007042CB1C01D20F0070070
:10C2E000134C041B1B1B0246124C22600024114DF0
:10C2F0006C60D018083820F007000F4C2060002434
:10C300000D4D2D686C600C4D2D682C601146441A43
:10C310004C60094C24680C60084D4C682C60084D3A
:10C320004C682C604FF00044064D2C6030BD00007E
:10C330000C4E03248C010024940100249C01002451
:10C3400098010024A801002400BFFFF701FF064860
:10C3500000680128F9D94FF0805004490860BFF304
:10C360004F8FBFF36F8FF0E77841032404ED00E0B7
:10C3700010B5044654B10020A06020600021E160A7
:10C3800000231A461946204601F0E2F910BD2DE9B6
:10C39000F04106460D4617469846069C0DB92460A6
:10C3A00000E02760E66325640121204601F084F95E
:10C3B00084F84C80BDE8F0812DE9F05F82460E469E
:10C3C00090469B460A9F0C9C4FEA8801A522206B51
:10C3D000E4F7D5FBA8F10100216B01EB800929F0FE
:10C3E000070909F0070008B9012000E0002050B952
:10C3F00000BF502080F31188BFF34F8FBFF36F8FC2
:10C4000000BF00BFFEE786B1002507E0715D04F1C3
:10C4100034004155705D00B902E06D1C102DF5D35C
:10C4200000BF00214320015502E0002084F83400C1
:10C43000382F00D33727E762E76400202065201DEE
:10C4400000F0E3FB04F1180000F0DFFB2461C7F10A
:10C450003800A06164620020606584F858005A4684
:10C460005146484600F082FB20600B9808B10B98BB
:10C470000460BDE8F09F000010B5002407E004EB65
:10C4800084010F4A02EB810000F0B2FB641C382CDF
:10C49000F5D30C4800F0ACFB0B4800F0A9FB0B48AF
:10C4A00000F0A6FB0A4800F0A3FB0A4800F0A0FB3E
:10C4B00004480949086004480849086010BD0000A4
:10C4C00078410324D8450324EC4503240046032483
:10C4D00014460324284603243C0100244001002480
:10C4E00010B50146164800E0006803688B42FBD394
:10C4F0000246436813448B4204D143684C6823448A
:10C50000436001460A464B6813440468A34211D1B4
:10C510000C4C03682468A34208D04B680468646824
:10C5200023444B6003681B680B6005E0054B1B68E8
:10C530000B6001E003680B60884200D0016010BD11
:10C540008C010024940100242DE9F04104460D469D
:10C5500016461F464FF0000865602461B5420CD8AE
:10C56000F01BA169884202D34FF0010811E0211DA0
:10C570000948006800F04CFB0BE0BE4204D2BD420B
:10C5800002D34FF0010804E0211D0448006800F0C8
:10C590003FFB4046BDE8F08178010024740100248F
:10C5A00070B5054600F05AFBA86B08B9012400E0FD
:10C5B000002400F07DFB204670BD70B5054600F0FC
:10C5C0004DFBA86BE96B884201D1012400E00024F7
:10C5D00000F06EFB204670BDF8B505460F461A48C0
:10C5E0000068C068C468201D00F0D6FA94F82800DE
:10C5F00000F00400E8B1A06941192B463A462046F4
:10C60000FFF7A2FFD8B1002003462A46014600905A
:10C61000204601F091FF064656B900BF502080F336
:10C620001188BFF34F8FBFF36F8F00BF00BFFEE7CE
:10C6300005E094F8280020F0010084F82800204646
:10C64000216A8847F8BD000074010024F0B587B066
:10C65000A0E00398002811DA04AE56B900BF5020BC
:10C6600080F31188BFF34F8FBFF36F8F00BF00BF00
:10C67000FEE7D6E90020B168904700BF0398002884
:10C68000E6DB059C606908B9012000E0002010B9D4
:10C69000201D00F081FA02A800F0DEF8054603989C
:10C6A0000A2875D2DFE800F009050739416306085A
:10C6B0003A4200BF00BF00BF00BF94F8280040F01E
:10C6C000010084F828000498A269811803462A46CC
:10C6D0002046FFF739FFF8B12046216A884794F8D1
:10C6E000280000F00400B8B1002000900498A1696F
:10C6F000421800231946204601F01EFF074657B98D
:10C7000000BF502080F31188BFF34F8FBFF36F8FAE
:10C7100000BF00BFFEE700BF3BE000BF94F8280069
:10C7200020F0010084F8280033E000BF94F82800CE
:10C7300040F0010084F828000498A061A06908B1C5
:10C74000012000E0002050B900BF502080F3118884
:10C75000BFF34F8FBFF36F8F00BF00BFFEE7A0692D
:10C7600041192B462A462046FFF7EEFE11E094F8C9
:10C77000280000F0020018B9204600F0B7FA05E0E2
:10C7800094F8280020F0010084F8280001E0FFE779
:10C7900000BF00BF002203A90448006801F09AF915
:10C7A00000287FF456AF07B0F0BD00007C010024E4
:10C7B000F8B505460C4600F053FD684600F04CF80D
:10C7C0000646009820BB44B9B54206D801F0F6FDF4
:10C7D00031462846FFF700FF1CE03CB10E480068D8
:10C7E000006808B9012000E000200446A91B224689
:10C7F0000A48006800F064FB01F0E0FD50B94FF01A
:10C80000805007490860BFF34F8FBFF36F8F01E07F
:10C8100001F0D4FDF8BD0000780100247C01002463
:10C8200004ED00E00A490968096809B9012100E03E
:10C83000002121B14FF0FF31064A116006E00449A2
:10C840000968C968C868034A4168116070470000F8
:10C850003C0100246801002470B5044601F016FC78
:10C86000054607480068854204D200F00BF8012015
:10C87000206001E00020206001480560284670BD6E
:10C88000840100242DE9F84334E025480068C0689D
:10C89000056823480068C068C468201D00F07CF962
:10C8A0002046216A884794F8280000F0040008B365
:10C8B000A0694619AE4207D966602461211D184857
:10C8C000006800F0A5F915E0002003462A4601465D
:10C8D0000090204601F030FE074657B900BF5020B7
:10C8E00080F31188BFF34F8FBFF36F8F00BF00BF7E
:10C8F000FEE700BF0A480068006808B9012000E0B0
:10C9000000200028C1D00648D0F800800548006803
:10C91000034908600348C0F80080BDE8F8830000C0
:10C9200074010024780100240E480068401C08B9F6
:10C93000012000E0002050B900BF502080F3118892
:10C94000BFF34F8FBFF36F8F00BF00BFFEE700BF85
:10C95000502080F31188BFF34F8FBFF36F8F00BF5C
:10C9600000BFFEE7AC01002408B500BF6846FFF732
:10C9700099FC044620460099FFF71AFFFFF766FE70
:10C98000F4E770B5044600F069F994F9455010E0F9
:10C99000606A08B9012000E0002038B904F12400E1
:10C9A00001F0C0FC18B100F055FB00E003E0681E88
:10C9B00045B2002DECDC00BFFF2084F8450000F0FC
:10C9C00077F900F04BF994F9445010E0206908B968
:10C9D000012000E0002048B904F1100001F0A2FCA1
:10C9E00008B100F037FB681E45B200E001E0002D01
:10C9F000ECDC00BFFF2084F8440000F059F970BD62
:10CA00002DE9F04104464FF0000800F029FC4948A8
:10CA1000006808B9FFF75AFC474800682040002822
:10CA200070D1D4B1083404F00700B0B104F00700AD
:10CA3000C0F10800044404F0070008B9012000E038
:10CA4000002050B900BF502080F31188BFF34F8FF2
:10CA5000BFF36F8F00BF00BFFEE7002C52D03748F6
:10CA6000006884424ED8364E3046056801E02E46B6
:10CA70002D686868A04202D228680028F7D12D48A6
:10CA8000006885423ED0306800F1080828683060B0
:10CA90006868001B102819D92F1907F0070008B97A
:10CAA000012000E0002050B900BF502080F3118821
:10CAB000BFF34F8FBFF36F8F00BF00BFFEE7686803
:10CAC000001B78606C603846FFF70AFD1B496868F8
:10CAD0000968081A19490860084600681949096870
:10CAE000884203D2154800681649086012496868F0
:10CAF0000968084368600020286013480068401CEB
:10CB00001149086001F05AFC08F0070008B901203B
:10CB100000E0002050B900BF502080F31188BFF31F
:10CB20004F8FBFF36F8F00BF00BFFEE74046BDE8E9
:10CB3000F081000094010024A80100249801002441
:10CB40008C0100249C010024A001002406480068F8
:10CB500030B10549096801F15000096D491C0160B7
:10CB6000014800687047000038010024001F4FF0A2
:10CB700080730360001F21F001030360001F054B59
:10CB8000036014380260001F6FF002030360203856
:10CB90007047000029C9010801460A69D1E901303E
:10CBA0009860D1E9010358605068884201D18868D3
:10CBB0005060002008611068401E106010687047C7
:10CBC000034B0360034B0B6080231360704700002E
:10CBD00054470324B0470324034B0360034B0B600B
:10CBE0004FF4807313607047B04903240C4A032448
:10CBF00000F1080141604FF0FF31816000F1080150
:10CC0000C16001610021016070470021016170472E
:10CC100010B502460B685C1C0CB9106907E002F104
:10CC2000080000E04068446824689C42FAD94468DF
:10CC30004C604C68A160886041600A611468641CA3
:10CC4000146010BD42684A6093688B6093685960B5
:10CC50009160086103685B1C0360704700BF50204F
:10CC600080F31188BFF34F8FBFF36F8F00BF0E4863
:10CC70000068401C0C49086008460068012812D171
:10CC80000A480068C0B208B9012000E0002050B98D
:10CC900000BF502080F31188BFF34F8FBFF36F8F19
:10CCA00000BF00BFFEE77047AC01002404ED00E0C8
:10CCB0000D48006850B900BF502080F31188BFF3C1
:10CCC0004F8FBFF36F8F00BF00BFFEE706480068BD
:10CCD000401E054908600846006820B9002080F31E
:10CCE000118800BF00BF7047AC01002470B5064634
:10CCF0003546002E44D0083D2C462249606809681C
:10CD0000084008B1012000E0002050B900BF5020C9
:10CD100080F31188BFF34F8FBFF36F8F00BF00BF49
:10CD2000FEE7206808B9012000E0002050B900BFEC
:10CD3000502080F31188BFF34F8FBFF36F8F00BF78
:10CD400000BFFEE70F49606809680840C0B120686D
:10CD5000B0B90C49606809688843606000F080FAE7
:10CD60000949606809680844074908602046FFF7D8
:10CD7000B7FB06480068401C0449086001F01EFB30
:10CD800070BD0000A801002498010024A401002423
:10CD900000204FF0E02108618861064800684FF4E8
:10CDA0007A71B0FBF1F0401E4FF0E021486107209E
:10CDB000086170473001002470B5E3F78FFB04462B
:10CDC000102C16D304F1E02090F8F05315480078A9
:10CDD000854201DB012000E0002050B900BF502057
:10CDE00080F31188BFF34F8FBFF36F8F00BF00BF79
:10CDF000FEE70D48006800F4E0600C4909688842CD
:10CE000001D8012000E0002050B900BF502080F37D
:10CE10001188BFF34F8FBFF36F8F00BF00BFFEE7D6
:10CE200070BD0000B00100240CED00E0B40100244E
:10CE3000024600200BE0084B53F8303033B9064B64
:10CE400043F8301003EBC0035A6002E0401C08288E
:10CE5000F1D300BF704700003841032470B5044689
:10CE6000254655B900BF502080F31188BFF34F8F7E
:10CE7000BFF36F8F00BF00BFFEE7284600F008F841
:10CE800095F8460010B92846FFF730FF70BD000046
:10CE9000014600200EE0094A02EBC00252688A42B5
:10CEA00007D10022054B43F8302003EBC0035A6042
:10CEB00002E0401C0828EED300BF7047384103242D
:10CEC0002DE9F04105460E4617462C46FFF7C6FEF3
:10CED00094F94400401C10B9002084F8440094F9EF
:10CEE0004500401C10B9002084F84500FFF7E0FE23
:10CEF000A06B28B93A46314604F1240000F0CCF882
:10CF00002046FFF73EFDBDE8F081000070B5044605
:10CF10000025D4B11248006808B9012000E00020C3
:10CF200050B900BF502080F31188BFF34F8FBFF37B
:10CF30006F8F00BF00BFFEE700F092F9002120468E
:10CF4000FFF732F801F03AFA05463DB94FF080504C
:10CF500004490860BFF34F8FBFF36F8F70BD0000AF
:10CF60007001002404ED00E02DE9F04704460F466F
:10CF70004FF0000954B900BF502080F31188BFF36F
:10CF80004F8FBFF36F8F00BF00BFFEE70FB10120CF
:10CF900000E0002050B900BF502080F31188BFF39B
:10CFA0004F8FBFF36F8F00BF00BFFEE720480068C0
:10CFB00008B9012000E0002050B900BF502080F3E4
:10CFC0001188BFF34F8FBFF36F8F00BF00BFFEE725
:10CFD00000F046F9174806682068C5192068B04275
:10CFE00007D92068A8420BD9B54209D94FF00109E9
:10CFF00006E02068A84201D8B54201D94FF00109E6
:10D000002560B9F1000F03D0A81B0021FEF7CCFF6B
:10D0100001F0D4F98046B8F1000F07D14FF08050ED
:10D0200005490860BFF34F8FBFF36F8FBDE8F087EE
:10D03000700100244C01002404ED00E0034909685C
:10D0400001600349096841607047000060010024E5
:10D050004C01002401200149086070475C01002454
:10D0600070B504460D4654B900BF502080F31188B6
:10D07000BFF34F8FBFF36F8F00BF00BFFEE70548C0
:10D08000016818312046FFF7C3FD01212846FEF74D
:10D090008BFF70BD3801002470B505460E4614465E
:10D0A00055B900BF502080F31188BFF34F8FBFF3F5
:10D0B0006F8F00BF00BFFEE70648016818312846A1
:10D0C000FFF7C0FD0CB14FF0FF3621463046FEF7AA
:10D0D0006BFF70BD380100242DE9F04706460F466E
:10D0E00034464FF00109002E55D0206D50B900BFD5
:10D0F000502080F31188BFF34F8FBFF36F8F00BFB5
:10D1000000BFFEE7E06CB84201D23D4600E0E56CAE
:10D11000E06AA8423FD0206D01283CD11F4800683A
:10D12000844201D0012000E0002050B900BF50200F
:10D1300080F31188BFF34F8FBFF36F8F00BF00BF25
:10D14000FEE7D4F82C80E562A06900F0004010B939
:10D15000C5F13800A06108EB8801114A02EB81019A
:10D160006069884201D1012000E0002098B1201DB3
:10D17000FFF712FD0B49E06A0968884202D90949A4
:10D18000E06A0860E16A01EB8101054A02EB810077
:10D19000211DFFF757FDBDE8F0870000380100248E
:10D1A000784103245001002410B586B0002005907A
:10D1B000049003AA04A905A8FFF702FD0022DDE9F7
:10D1C00004101346CDE9002102901EA11F48039AC6
:10D1D00000F0EEFE1E4908600846006808B1012410
:10D1E00000E00024012C02D101F06AF90446012C70
:10D1F00015D100BF502080F31188BFF34F8FBFF3CC
:10D200006F8F00BF4FF0FF301249086001201249B4
:10D21000086000201149086000F072F810E0601CFE
:10D2200008B1012000E0002050B900BF502080F379
:10D230001188BFF34F8FBFF36F8F00BF00BFFEE7B2
:10D2400006B010BD49444C450000000049C3010828
:10D250006C01002468010024540100244C010024C6
:10D2600002480068401C01490860704770010024B2
:10D270001E48006818B101201D49086034E00020F4
:10D280001B4908601B4801680CE051B900BF5020E1
:10D2900080F31188BFF34F8FBFF36F8F00BF00BFC4
:10D2A000FEE7491E01EB8100134A52F8200008B93D
:10D2B000012000E000200028E7D101EB81020E4BA5
:10D2C00003EB820042685268426000F10802436842
:10D2D000934202D14268526842604268D268074B6A
:10D2E0001A600448016000BF70470000700100240C
:10D2F0005C010024500100247841032438010024FB
:10D300001CB5524800685249884201D0012000E013
:10D31000002050B900BF502080F31188BFF34F8F19
:10D32000BFF36F8F00BF00BFFEE748480068484961
:10D33000491E884201D0012000E0002050B900BF02
:10D34000502080F31188BFF34F8FBFF36F8F00BF62
:10D3500000BFFEE73F49084600780190FF200A46DB
:10D3600010700846007800909DF8000000F0F00072
:10D370009DF80020904201D1012000E0002050B92A
:10D3800000BF502080F31188BFF34F8FBFF36F8F22
:10D3900000BF00BFFEE79DF8000000F050002E4ADD
:10D3A000107007202D4A106009E02C480068401ECC
:10D3B0002A4A10609DF800004006000E00909DF87B
:10D3C000000000F080008028EFD024480068C0F101
:10D3D0000700042801D1012000E0002050B900BF5F
:10D3E000502080F31188BFF34F8FBFF36F8F00BFC2
:10D3F00000BFFEE7194800680002184A1060104696
:10D40000008800F4E0601060124A019810700F4824
:10D410002030006840F470000C4920310860084654
:10D42000006840F070400860FFF7B2FC00200C4933
:10D430000860E3F71BF80B48006840F040400949DA
:10D440000860E2F7FFFF00201CBD000000ED00E0D7
:10D4500071C20F4100E400E0B0010024B4010024D7
:10D46000AC01002434EF00E010B500BF502080F381
:10D470001188BFF34F8FBFF36F8F00BF00F00CFE1A
:10D4800018B14FF080500449086000BF002080F3BD
:10D49000118800BF10BD000004ED00E070B5054626
:10D4A0000E460DB1012000E0002050B900BF502011
:10D4B00080F31188BFF34F8FBFF36F8F00BF00BFA2
:10D4C000FEE7AE4201D8012000E0002050B900BFC5
:10D4D000502080F31188BFF34F8FBFF36F8F00BFD1
:10D4E00000BFFEE702220021284600F048F804466B
:10D4F00004B1A663204670BDF8B505460E46174632
:10D500000DB1012000E0002050B900BF502080F391
:10D510001188BFF34F8FBFF36F8F00BF00BFFEE7CF
:10D52000AE4201D8012000E0002050B900BF5020D9
:10D5300080F31188BFF34F8FBFF36F8F00BF00BF21
:10D54000FEE702203B46002211460090284600F0EC
:10D5500043F8044604B1A6632046F8BD2DE9F04126
:10D5600004460126002722460021012000F007F88A
:10D5700005462846FEF7FCFE2846BDE8F0812DE969
:10D58000F84305460E4617460DB1012000E0002085
:10D5900050B900BF502080F31188BFF34F8FBFF305
:10D5A0006F8F00BF00BFFEE705FB06F808F15000D3
:10D5B000FFF726FA044664B1A14609F1500900209C
:10D5C00084F846003B464A46314628460094FEF71A
:10D5D000DEFE2046BDE8F8832DE9F84380460E467E
:10D5E00017461D46DDF82090B8F1000F01D001204C
:10D5F00000E0002050B900BF502080F31188BFF335
:10D600004F8FBFF36F8F00BF00BFFEE70DB101204A
:10D6100000E0002050B900BF502080F31188BFF314
:10D620004F8FBFF36F8F00BF00BFFEE707B10EB192
:10D63000012000E0002050B900BF502080F3118885
:10D64000BFF34F8FBFF36F8F00BF00BFFEE707B977
:10D650000EB9012000E0002050B900BF502080F337
:10D660001188BFF34F8FBFF36F8F00BF00BFFEE77E
:10D67000502000900098502801D1012000E00020A7
:10D6800050B900BF502080F31188BFF34F8FBFF314
:10D690006F8F00BF00BFFEE700BF2C464CB10120DA
:10D6A00084F846004B463A46314640460094FEF721
:10D6B0006EFE2046BDE8F88370B505460E462C4642
:10D6C00054B900BF502080F31188BFF34F8FBFF3D0
:10D6D0006F8F00BF00BFFEE7FFF7C0FAD4E90F125B
:10D6E000206801FB0200A0600020A0632068606049
:10D6F000E06B401E226C216800FB0211E160FF20FC
:10D7000084F8440084F845009EB9206908B90120D6
:10D7100000E00020A8B904F1100000F003FE80B181
:10D720004FF0805009490860BFF34F8FBFF36F8FF0
:10D7300007E004F11000FFF75BFA04F12400FFF7A3
:10D7400057FAFFF7B5FA012070BD000004ED00E0C4
:10D750002DE9FF4383B0064688461D464FF0000979
:10D76000344654B900BF502080F31188BFF34F8F67
:10D77000BFF36F8F00BF00BFFEE7B8F1000F01D10C
:10D78000206C08B9012000E0002050B900BF5020F3
:10D7900080F31188BFF34F8FBFF36F8F00BF00BFBF
:10D7A000FEE7022D02D1E06B012801D1012000E04B
:10D7B000002050B900BF502080F31188BFF34F8F75
:10D7C000BFF36F8F00BF00BFFEE700F04FFC08B94A
:10D7D000059808B9012000E0002050B900BF502092
:10D7E00080F31188BFF34F8FBFF36F8F00BF00BF6F
:10D7F000FEE700BFFFF732FAA06BE16B884201D36E
:10D80000022D28D12A4641462046FEF7DAFC07467B
:10D81000606A08B9012000E0002068B904F1240022
:10D8200000F080FD88B14FF0805032490860BFF3AE
:10D830004F8FBFF36F8F08E03FB14FF080502D49FD
:10D840000860BFF34F8FBFF36F8FFFF731FA0120EE
:10D8500007B0BDE8F083059818B9FFF729FA002052
:10D86000F6E7B9F1000F04D101A8FFF7E7FB4FF08D
:10D870000109FFF71DFAFFF7F3FCFFF7EFF994F941
:10D880004400401C10B9002084F8440094F945007D
:10D89000401C10B9002084F84500FFF709FA05A9DB
:10D8A00001A800F00DFBF0B92046FEF786FEA0B1FE
:10D8B00004F110000599FFF7D3FB2046FFF761F84C
:10D8C00000F07CFD002895D14FF080500949086098
:10D8D000BFF34F8FBFF36F8F8CE72046FFF751F8F0
:10D8E00000F06CFD86E72046FFF74BF800F066FD80
:10D8F0000020ADE704ED00E02DE9F84F07468A4629
:10D9000090461E463C4654B900BF502080F3118813
:10D91000BFF34F8FBFF36F8F00BF00BFFEE7BAF1B9
:10D92000000F01D1206C08B9012000E0002050B99F
:10D9300000BF502080F31188BFF34F8FBFF36F8F6C
:10D9400000BF00BFFEE7022E02D1E06B012801D12B
:10D95000012000E0002050B900BF502080F3118862
:10D96000BFF34F8FBFF36F8F00BF00BFFEE7FFF71E
:10D9700023FA00BF5021EFF3118081F31188BFF328
:10D980004F8FBFF36F8F00BF0546A06BE16B8842DE
:10D9900001D3022E25D194F945B0A06B00903246F8
:10D9A00051462046FEF70DFC0BF1010088B9606A74
:10D9B00008B9012000E0002050B904F1240000F073
:10D9C000B1FC28B1B8F1000F02D00120C8F8000066
:10D9D00004E00BF1010040B284F845004FF001096A
:10D9E00001E04FF0000900BF85F3118800BF4846F1
:10D9F000BDE8F88F2DE9F04706460F46344654B986
:10DA000000BF502080F31188BFF34F8FBFF36F8F9B
:10DA100000BF00BFFEE7206C08B9012000E0002035
:10DA200050B900BF502080F31188BFF34F8FBFF370
:10DA30006F8F00BF00BFFEE7206808B9A06808B973
:10DA4000012000E0002050B900BF502080F3118871
:10DA5000BFF34F8FBFF36F8F00BF00BFFEE7FFF72D
:10DA6000ABF900BF5021EFF3118081F31188BFF3B0
:10DA70004F8FBFF36F8F00BF0546D4F83890E06B2F
:10DA800048451ED994F945A009F10100A0630AF1A7
:10DA9000010070B9606A08B9012000E0002068B98F
:10DAA00004F1240000F03EFC40B13FB10120386099
:10DAB00004E00AF1010040B284F845004FF001088B
:10DAC00001E04FF0000800BF85F3118800BF404619
:10DAD000BDE8F0872DE9F74183B005460E464FF0CB
:10DAE00000082C4654B900BF502080F31188BFF3C2
:10DAF0004F8FBFF36F8F00BF00BFFEE70EB9206CE2
:10DB000008B9012000E0002050B900BF502080F388
:10DB10001188BFF34F8FBFF36F8F00BF00BFFEE7C9
:10DB200000F0A4FA08B9059808B9012000E0002027
:10DB300050B900BF502080F31188BFF34F8FBFF35F
:10DB40006F8F00BF00BFFEE700BFFFF787F8A76B2E
:10DB5000F7B131462046FEF71FFB781EA06320690F
:10DB600008B9012000E0002060B904F1100000F0C5
:10DB7000D9FB38B14FF080502F490860BFF34F8F69
:10DB8000BFF36F8FFFF794F8012006B0BDE8F08176
:10DB9000059818B9FFF78CF80020F6E7B8F1000FE8
:10DBA00004D101A8FFF74AFA4FF00108FFF780F807
:10DBB000FFF756FBFFF752F894F94400401C10B9E8
:10DBC000002084F8440094F94500401C10B900205E
:10DBD00084F84500FFF76CF805A901A800F070F97A
:10DBE000F0B92046FEF7DCFCA0B104F12400059951
:10DBF000FFF736FA2046FEF7C4FE00F0DFFB0028F0
:10DC0000A3D14FF080500C490860BFF34F8FBFF392
:10DC10006F8F9AE72046FEF7B4FE00F0CFFB94E743
:10DC20002046FEF7AEFE00F0C9FB2046FEF7B8FC2A
:10DC300000288AD00020A8E704ED00E02DE9F05F7D
:10DC4000064689461746344654B900BF502080F333
:10DC50001188BFF34F8FBFF36F8F00BF00BFFEE788
:10DC6000B9F1000F01D1206C08B9012000E00020BB
:10DC700050B900BF502080F31188BFF34F8FBFF31E
:10DC80006F8F00BF00BFFEE7FFF796F800BF50217F
:10DC9000EFF3118081F31188BFF34F8FBFF36F8FC4
:10DCA00000BF0546D4F838A0BAF1000F22D094F98D
:10DCB00044B049462046FEF76FFAAAF10100A0637E
:10DCC0000BF1010070B9206908B9012000E00020C3
:10DCD00068B904F1100000F025FB40B13FB101200C
:10DCE000386004E00BF1010040B284F844004FF0CA
:10DCF000010801E04FF0000800BF85F3118800BF64
:10DD00004046BDE8F09F00002DE9F34182B0054692
:10DD10004FF000082C46002654B900BF502080F375
:10DD20001188BFF34F8FBFF36F8F00BF00BFFEE7B7
:10DD3000206C08B9012000E0002050B900BF50203D
:10DD400080F31188BFF34F8FBFF36F8F00BF00BF09
:10DD5000FEE700F08BF908B9039808B9012000E04C
:10DD6000002050B900BF502080F31188BFF34F8FBF
:10DD7000BFF36F8F00BF00BFFEE700BFFEF76EFF6F
:10DD8000A76BFFB1781EA063206810B9FEF7DEFE16
:10DD9000A060206908B9012000E0002060B904F10A
:10DDA000100000F0BFFA38B14FF0805043490860CE
:10DDB000BFF34F8FBFF36F8FFEF77AFF012004B0E0
:10DDC000BDE8F081039898B90EB9012000E0002069
:10DDD00050B900BF502080F31188BFF34F8FBFF3BD
:10DDE0006F8F00BF00BFFEE7FEF762FF0020E6E78F
:10DDF000B8F1000F04D16846FFF720F94FF0010891
:10DE0000FEF756FFFFF72CFAFEF728FF94F94400BF
:10DE1000401C10B9002084F8440094F94500401CCF
:10DE200010B9002084F84500FEF742FF03A96846B8
:10DE300000F046F840BB2046FEF7B2FBF0B1206888
:10DE400038B9FEF70BFFA06800F01AFA0646FEF795
:10DE50002FFF04F124000399FFF702F92046FEF793
:10DE600090FD00F0ABFA002888D14FF080501349A4
:10DE70000860BFF34F8FBFF36F8F7FE72046FEF739
:10DE800080FD00F09BFA79E72046FEF77AFD00F06E
:10DE900095FA2046FEF784FB0028EED05EB1FEF72F
:10DEA000DDFE2046FEF7F4F907463946A068FFF785
:10DEB00013F9FEF7FDFE002081E7000004ED00E00D
:10DEC00070B505460C4655B900BF502080F3118847
:10DED000BFF34F8FBFF36F8F00BF00BFFEE754B992
:10DEE00000BF502080F31188BFF34F8FBFF36F8FB7
:10DEF00000BF00BFFEE7FEF7B1FE12480268686887
:10DF0000131A2068401C08B9002617E00E4928683B
:10DF10000968884204D06868904201D801260DE063
:10DF20002068984207D92068C01A20602846FFF769
:10DF300085F8002602E0002020600126FEF7B8FEEA
:10DF4000304670BD4C010024600100242DE9FF4FD4
:10DF500085B0804689461746DDE912ABB800FEF76A
:10DF60004FFD064656B15C20FEF74AFD04460CB153
:10DF7000266304E03046FEF7B9FE00E000248CB1D1
:10DF8000002084F85900CDE900ABCDE902403A46C3
:10DF900049464046089BFEF70FFA2046FEF742F836
:10DFA000012501E04FF0FF35284609B0BDE8F08FAC
:10DFB0002DE9F04F85B00746884691469A46DDE93F
:10DFC0000EB6109C0EB1012000E0002050B900BF39
:10DFD000502080F31188BFF34F8FBFF36F8F00BFC6
:10DFE00000BFFEE70CB1012000E0002050B900BFE7
:10DFF000502080F31188BFF34F8FBFF36F8F00BFA6
:10E0000000BFFEE75C20039003985C2801D101204B
:10E0100000E0002050B900BF502080F31188BFF30A
:10E020004F8FBFF36F8F00BF00BFFEE700BFB4B1DB
:10E03000AEB125462C462E63022085F859000020FB
:10E0400004A953464A46CDE900B1CDE90250414604
:10E050003846FEF7B1F92846FDF7E4FF01E000205D
:10E060000490049805B0BDE8F08F000005490968E8
:10E0700009B9012005E00449096809B9022000E056
:10E0800000207047540100247001002401490868F1
:10E09000704700004C0100242DE9F0414FF00008CA
:10E0A0004348006800287BD142480068451C41482D
:10E0B000056015BB40480068006808B9012000E011
:10E0C000002050B900BF502080F31188BFF34F8F5C
:10E0D000BFF36F8F00BF00BFFEE7374807683748C0
:10E0E0000068354908603548076035480068401CBD
:10E0F00033490860FEF796FB00BF3248006885424E
:10E100003BD300BF2C480068006808B9012000E03C
:10E11000002020B14FF0FF302A4908602CE026484B
:10E120000068C068C4686668B54202D225480660C7
:10E1300022E0201DFEF730FDA06A18B104F118009E
:10E14000FEF72AFD2049E06A0968884202D91E4983
:10E15000E06A0860E16A01EB81011C4A02EB810080
:10E16000211DFEF76FFD1A49E06A0968C96A8842F5
:10E17000C8D34FF00108C5E700BF15480068C06A62
:10E1800000EB8000114951F82000012801D94FF01F
:10E1900001081048006808B14FF0010805E0FFE7EA
:10E1A0000D480068401C0C4908604046BDE8F081FD
:10E1B000700100244C0100243C0100244001002493
:10E1C00060010024680100245001002478410324E8
:10E1D000380100245C0100245801002470B5054674
:10E1E0002C460026002D43D022480068844201D1ED
:10E1F000012000E0002050B900BF502080F31188BA
:10E20000BFF34F8FBFF36F8F00BF00BFFEE7206DDE
:10E2100050B900BF502080F31188BFF34F8FBFF378
:10E220006F8F00BF00BFFEE7206D401E2065E16CD0
:10E23000E06A88421CD0206DD0B9201DFEF7ACFCEE
:10E24000E06CE062E06AC0F13800A0610A49E06A6F
:10E250000968884202D90849E06A0860E16A01EB6E
:10E260008101064A02EB8100211DFEF7EBFC01262D
:10E27000304670BD38010024500100247841032449
:10E2800070B505462C460026002D42D02249E06A92
:10E290000968C96A884235D2A06900F0004028B9EF
:10E2A0001D480068C06AC0F13800A061E16A01EB56
:10E2B00081011A4A02EB81016069884201D1012083
:10E2C00000E00020C0B1201DFEF766FC1248006887
:10E2D000C06AE0621249E06A0968884202D91049BE
:10E2E000E06A0860E16A01EB81010C4A02EB8100FF
:10E2F000211DFEF7A7FC03E007480068C06AE06242
:10E30000012606E00449E06C0968C96A884200D227
:10E310000126304670BD00003801002478410324F6
:10E320005001002470B50646F068C46854B900BFB7
:10E33000502080F31188BFF34F8FBFF36F8F00BF62
:10E3400000BFFEE704F11800FEF726FC1548006840
:10E35000A0B9201DFEF720FC1349E06A0968884235
:10E3600002D91149E06A0860E16A01EB81010F4AB4
:10E3700002EB8100211DFEF765FC04E004F11801A9
:10E380000B48FEF75FFC0B49E06A0968C96A8842DE
:10E3900004D9012501200849086000E0002528462D
:10E3A00070BD000070010024500100247841032456
:10E3B00000460324380100245C01002470B50024C9
:10E3C00000263648006850B900BF502080F31188FD
:10E3D000BFF34F8FBFF36F8F00BF00BFFEE7FEF7A5
:10E3E0003DFC2E480068401E2C4908600846006825
:10E3F00000284ED12A48006800284AD023E0294846
:10E40000C068C46804F11800FEF7C6FB201DFEF7C3
:10E41000C3FB2549E06A0968884202D92249E06ABB
:10E420000860E16A01EB8101204A02EB8100211DB5
:10E43000FEF708FC1E49E06A0968C96A884202D3EF
:10E4400001201C4908601748006808B9012000E055
:10E4500000200028D3D00CB1FEF7E4F91648056877
:10E4600065B100BFFFF718FE10B101201149086027
:10E470006D1E002DF6D100200F4908600D48006880
:10E4800038B1012630070D490860BFF34F8FBFF345
:10E490006F8FFEF70DFC304670BD00007001002448
:10E4A000480100240046032450010024784103243D
:10E4B000380100245C0100245801002404ED00E030
:10E4C00010B586B00024FDF709FE16480068D0B1EB
:10E4D00000200590049003AA04A905A8FEF77CFB80
:10E4E0000222DDE904100023CDE9002102900EA1F3
:10E4F0000F48039AFFF75CFD0E4908600846006864
:10E5000000B1012400BF54B900BF502080F311882E
:10E51000BFF34F8FBFF36F8F00BF00BFFEE72046F2
:10E5200006B010BD7C010024546D72205376630048
:10E5300069C90108800100242DE9FF4704460D4602
:10E5400016461F46DDF830804FF0000954B900BF71
:10E55000502080F31188BFF34F8FBFF36F8F00BF40
:10E5600000BFFEE71448006810B3009501960294BE
:10E57000062D15DAFFF77AFD022808D1002342465E
:10E5800069460D480068FFF7E3F8814610E0002374
:10E590001A46694608480068FFF7DAF8814607E03E
:10E5A00000233A46694604480068FFF7A5F981460A
:10E5B000484604B0BDE8F0877C01002410B500296E
:10E5C0000AD00878002807D005487844E3F7F4F922
:10E5D000002801D0002010BD0248784410BD000082
:10E5E000620C00005A0C000010B500290AD008780F
:10E5F000002807D005487844E3F7DEF9002801D069
:10E60000002010BD0248784410BD0000520C0000EC
:10E610004A0C00004FF04070E1EE100A7047E2F73C
:10E620005ABCE2F727BF000020EA01080000000002
:10E6300000000000000000000000000000080000D2
:10E6400008000000000000000000000014EA0108BB
:10E6500000000000000000000000000000000000BA
:10E66000000800000800000000000000000000009A
:10E67000F4E90108000000000000000000000000B4
:10E68000000000000004000018000000000000006E
:10E690000000000000EA0108000000000C02002455
:10E6A0005C00000068020024000800000800000070
:10E6B000000000000000000008EA0108000000005F
:10E6C000000000000000000000000000001000003A
:10E6D0002800000000000000000000003CEA0108E3
:10E6E00000000000A80D002450000000F80D0024D8
:10E6F000201800002CEA0108000000001826002461
:10E700005000000001010202020303030404040597
:10E7100005050606060707070808080909090A0A81
:10E720000A0B0000100040600800606020007A6062
:10E730001000716010009730100040680800606899
:10E7400020007A681000716810009738100041604E
:10E75000100077602000646020006C6010003F6053
:10E7600008006160100054312000646110004168AD
:10E77000100077682000646820006C6810003F6813
:10E780000800616810005439200064690016000018
:10E7900024E70108050000001016000038E7010812
:10E7A00005000000001A00004CE701080800000006
:10E7B000101A00006CE7010808000000001610168F
:10E7C000001A101A01000201D072030001000101B9
:10E7D000A0F7030002000101B66C1900020002015B
:10E7E00040E81D0003000101C0251A0003000201DA
:10E7F00010192C000001020304050607080C101470
:10E80000182030400000000001000000020000005D
:10E8100003000000040000000500000006000000E6
:10E820000700000008000000090000000A000000C6
:10E830000B0000000C0000000D0000000E000000A6
:10E840000F000000002002580001000000080258DC
:10E85000002000000006101600061016000102033A
:10E8600004050607080C10141820304000000000B2
:10E870000000000000000000000000000000000098
:10E88000010000000200000003000000040000007E
:10E890000000000005000000000000000000000073
:10E8A0000000000006000000000000000000000062
:10E8B0000000000007000000010002000400060044
:10E8C00008000A000C001000200040008000000139
:10E8D000010101030701000008040204080101010D
:10E8E00000000000010203040102030406070809F6
:10E8F0000101010101013031323334353637383905
:10E90000414243444546403058003031323334357B
:10E9100036373839616263646566403078000400D8
:10E9200000080000000000000002000100001000CC
:10E93000000000000000000030313233343536373B
:10E94000383961626364656678700030313233341F
:10E950003536373839414243444546585000000067
:10E9600002400000000000A0000000000540000080
:10E97000000000C8000000000C4000000000409CA7
:10E9800000000000194000000020BCBE0000000094
:10E9900034400000BFC91B8E00000004B5400000D9
:10E9A000504BCFD06607E2CF010000006C41000061
:10E9B0003E8251AADFEEA73401000000D9420000D8
:10E9C000DCB5A0E23A301F97FFFFFFFFB44500001F
:10E9D000FD25A0C8E9A3C14FFFFFFFFFFF3F0000D7
:10E9E0000000008000000000FF3F000000000080E9
:10E9F0000000000063616E53657276696365000014
:10EA0000756172744C6F670064656661756C7454EF
:10EA100061736B0073646F576F726B6572000000F7
:10EA2000747850646F5265706F727400756172749F
:10EA30004C6F675478446F6E6500000075617274A6
:10EA40004C6F675175657565000000005B534F455D
:10EA50004D5D20736C617665257520417869733151
:10EA6000203078363034312053573D3078253034DB
:10EA70005820257320307836303631206D6F64652C
:10EA80003D256420307836303346206572726F72CF
:10EA90003D3078253034580D0A0000005B534F4557
:10EAA0004D5D20736C617665257520417869733200
:10EAB000203078363834312053573D307825303483
:10EAC0005820257320307836383631206D6F6465D4
:10EAD0003D256420307836383346206572726F7277
:10EAE0003D3078253034580D0A0000005B534F4507
:10EAF0004D5D20736C6176652575204178697331B1
:10EB00002030783630363420706F733D256C6420A9
:10EB10003078363036432076656C3D256C64203085
:10EB2000783630373720746F727175653D25640D06
:10EB30000A0000005B534F454D5D20736C617665A4
:10EB40002575204178697332203078363836342084
:10EB5000706F733D256C64203078363836432076EC
:10EB6000656C3D256C642030783638373720746FFB
:10EB7000727175653D25640D0A0000005B534F45B9
:10EB80004D5D20736C617665257520417869733120
:10EB9000204369413430322072656164793D2575C6
:10EBA0002073776974636865643D2575206F703DD7
:10EBB0002575206661756C743D2575207761726ED0
:10EBC0003D25750D0A0000005B534F454D5D2073D8
:10EBD0006C617665257520417869733220436941FF
:10EBE0003430322072656164793D25752073776910
:10EBF00074636865643D2575206F703D25752066DA
:10EC000061756C743D2575207761726E3D25750DBB
:10EC10000A0000000D0A5B534F454D5D202D2D2D40
:10EC20002D2D2D2D2D2D2D2D2D2D2D2D2D2D2D2D14
:10EC30002D2D2D2D2D2D2D2D2D2D2D2D2D2D2D2D04
:10EC40002D2D2D2D2D2D2D2D2D2D2D2D2D2D2D2DF4
:10EC50002D2D2D2D2D2D2D2D2D0D0A005B534F45C6
:10EC60004D5D20504F32534F207665726966792092
:10EC700061737369676E203078253034583A2530D7
:10EC800032582076616C75653D30782530345820D7
:10EC900065787065637465643D307825303458203C
:10ECA0004641494C0D0A00005B534F454D5D2050D5
:10ECB0004F32534F207665726966792050444F2059
:10ECC0003078253034583A253032582076616C75CA
:10ECD000653D30782530386C5820657870656374F0
:10ECE00065643D30782530386C58204641494C0DDC
:10ECF0000A0000005B534F454D5D20504F32534F8B
:10ED0000206578706C696369742050444F20616C91
:10ED10007265616479206D6174636865732C206E1F
:10ED20006F207772697465206E6565646564205034
:10ED30004153530D0A0000005B534F454D5D205079
:10ED40004F32534F206578706C696369742050446A
:10ED50004F20737461727420736C61766525752021
:10ED600076656E646F723D30782530386C5820704F
:10ED7000726F647563743D30782530386C58207339
:10ED8000746174653D3078253034580D0A000000F8
:10ED90005B534F454D5D20504F32534F2065787087
:10EDA0006C696369742050444F206D69736D6174A0
:10EDB00063682C2073746172742064657465726D6D
:10EDC000696E697374696320726577726974650D21
:10EDD0000A0000005B534F454D5D2050444F2063B7
:10EDE000616368652073746167653D25732052789F
:10EDF000426974733D256C752F25752054784269DE
:10EE000074733D256C752F257520636F6D706C656F
:10EE100074653D25730D0A005B534F454D5D2050D1
:10EE20004F32534F206578706C6963697420504489
:10EE30004F20777269746520616E64207265616429
:10EE40006261636B20504153532052783D257520F9
:10EE500054783D25752062797465730D0A000000B1
:10EE60005B534F454D5D20636F6E666967206D6132
:10EE700070206D616E75616C2073746174652063C0
:10EE800068616E676520656E61626C656420707292
:10EE90006576696F75733D25642063757272656E62
:10EEA000743D25640D0A00005B534F454D5D207392
:10EEB0006C617665257520494F6D617020636865CA
:10EEC000636B20504F32534F3D25732050444F63A6
:10EED000616368653D2573206F7574707574733D4B
:10EEE000257320696E707574733D2573204F6279A8
:10EEF0007465733D2573204962797465733D25738C
:10EF00000D0A00005B534F454D5D206379636C69CA
:10EF100063204D42582067726F7570302073697A94
:10EF2000653D2564207374617475733D256C6420A0
:10EF3000574B433D25752F2575204C52573D257362
:10EF400020706F6F6C3D25642071756575653D257A
:10EF50006420726573756C743D25730D0A000000A2
:10EF60005B534F454D5D206379636C6963204D426F
:10EF70005820736C617665257520436F453D257378
:10EF80002053444F666C61673D25732074783D259E
:10EF9000752072783D2575206C6F6F6B75703D25FF
:10EFA0007520464D4D553D25752069646C653D25A0
:10EFB0007320726573756C743D25730D0A00000033
:10EFC0005B534F454D5D20494F6D61702073697AE9
:10EFD0006520636865636B3D2573206578706563A4
:10EFE000746564207065722D736C617665204F6264
:10EFF000797465733D2575204962797465733D2583
:10F00000750D0A005B534F454D5D20736C6176654D
:10F010002575207361666520527850444F207461D5
:10F020007267657420746F727175653D3020766506
:10F030006C6F6369747920666565642D666F72779D
:10F040006172643D300D0A005B534F454D5D2050A9
:10F0500052452D4F50204641494C20736C617665D6
:10F0600025642073746174653D30782530345820F0
:10F07000414C3D30782530345820636F6E666967A7
:10F080006164723D3078253034580D0A000000006C
:10F090005B534F454D5D20736C617665257520414E
:10F0A000786973312073616665203078363034308A
:10F0B0002043573D3078253034582030783630366C
:10F0C00030206D6F64653D256420307836303741DF
:10F0D000207461726765743D256C640D0A00000040
:10F0E0005B534F454D5D20736C61766525752041FE
:10F0F0007869733220736166652030783638343031
:10F100002043573D30782530345820307836383613
:10F1100030206D6F64653D25642030783638374186
:10F12000207461726765743D256C640D0A000000EF
:10F130005B534F454D5D204F5020737461626C6589
:10F14000204641494C3A2073746174653D307825FE
:10F1500030345820574B433D2564206578706563F3
:10F160007465643D256420737461626C653D256C33
:10F17000752F25750D0A00005B534F454D5D2054DA
:10F180007850444F2D41312023256C7520737461D4
:10F1900074653D257520523D2530325820533D255C
:10F1A000303258204F503D25303258204D383D25C3
:10F1B00030325820463D2530325820493D25750DC6
:10F1C0000A0000005B534F454D5D204F5020707288
:10F1D0006F6365737364617461206C6F7374207303
:10F1E000656E643D256420574B433D25642065785A
:10F1F0007065637465643D256420636F6E74696E29
:10F20000756F75733D256C750D0A000058F3010884
:10F21000000000240C020000D40200086CF3010876
:10F220000C020024AC8E0300300300081C00000018
:10F2300043000000F8FFFFFF0C0000000E0000007C
:10F240000F0000002E00000010010000430000002D
:10F25000F8FFFFFF004040404040404040404141F7
:10F26000414141404040404040404040404040409B
:10F270004040404040050202020202020202020235
:10F280000202020202202020202020202020200232
:10F2900002020202020290909090909010101010C2
:10F2A000101010101010101010101010101010105E
:10F2B00002020202020288888888888808080808F2
:10F2C00008080808080808080808080808080808BE
:10F2D00002020202400000000000000000000000E6
:10F2E000000000000000000000000000000000001E
:10F2F000000000000000000000000000000000000E
:10F3000000000000000000000000000000000000FD
:10F3100000000000000000000000000000000000ED
:10F3200000000000000000000000000000000000DD
:10F3300000000000000000000000000000000000CD
:10F3400000000000000000000000000000000000BD
:10F35000000000000000000001B50272016A107791
:0CF360003C90D0030401731AAA01015C68
:040000050800029954
:00000001FF
